file,stmt,context,text,translation
SELECT.txt,2,選択01,第１話,第１话
SELECT.txt,3,選択02,第２話,第２话
SELECT.txt,4,選択03,第３話,第３话
SELECT.txt,5,選択04,第４話,第４话
SELECT.txt,6,選択05,第５話,第５话
SELECT.txt,7,選択06,第６話,第６话
SELECT.txt,8,選択07,第７話,第７话
SELECT.txt,9,選択08,第８話,第８话
SELECT.txt,10,選択09,第９話,第９话
SELECT.txt,11,選択10,最終話,最终话
SELECT.txt,12,選択11,バトル,Battle
SELECT.txt,13,選択12,EndRoll,EndRoll
SELECT.txt,14,選択13,おまけ,Extra
1-01.txt,20,津名川セリフ◇なにが,何が問題だ？,问题出在哪？
1-01.txt,42,モノローグ◇いつから,<TYPE interval=90>いつからだろう,<TYPE interval=90>是从什么时候开始的呢
1-01.txt,50,モノローグ◇ヒマを,気が付けば、..瞼の裏で<BR>こんなことばかり考えている,回过神来　..脑海中<BR>总是充斥着这样的自问自答
1-01.txt,55,モノローグ◇ここ数年,解放されることなど<BR>あるのだろうか,是否<BR>能有得到解放的那一天呢
1-01.txt,60,モノローグ◇それも,"<TYPE interval=150 style=Fade>問題,　問題,　問題,.<TYPE interval=90 style=Fade>･･････","<TYPE interval=150 style=Fade>问题,　问题,　问题<TYPE interval=90 style=Fade>･･････"
1-01.txt,88,モノローグ◇時には,時には投げ出したくもなるが,偶尔也会想要放弃
1-01.txt,93,モノローグ◇だが,そんな事が出来る<BR>.性格のはずもない,但以我的性格<BR>.根本做不到
1-01.txt,98,モノローグ◇いつも,いつもどおりの..安易な自己完結,一如既往的..轻易自我开解
1-01.txt,112,モノローグ◇いや,いや,不
1-01.txt,117,モノローグ◇違うかも,<TYPE interval=90>例えばこうも言えるかもしれない,<TYPE interval=90>例如，或许也可以这样说
1-01.txt,135,モノローグ◇問題が,<TYPE interval=110>「問題が無いと自分自身を維持できない」</TYPE>,<TYPE interval=110>“如果没有问题　就无法维持自身的存在”</TYPE>
1-01.txt,140,モノローグ◇問題を,<TYPE interval=120>「問題を発見し...　解決する」,<TYPE interval=120>“发现问题...　然后解决它”
1-01.txt,145,モノローグ◇パズル,<TYPE interval=90><RUBY text='せつな'>刹那</RUBY>的なパズル,<TYPE interval=90>那瞬间的拼图
1-01.txt,150,モノローグ◇そんな,<TYPE interval=90>そんなことを<BR>繰り返すことでしか,<TYPE interval=90>或许只有通过<BR>不断重复这样的事情
1-01.txt,155,モノローグ◇生きている,<TYPE interval=90>生きていることを..実感出来なく<BR>なっているのかもしれない,<TYPE interval=90>我才能..真切地感受到<BR>自己还活着吧
1-01.txt,176,モノローグ◇いつのまにか,"いつのまにか,<BR>いつのまにか","不知从何时起,<BR>不知从何时起"
1-01.txt,183,モノローグ◇それと,自覚症状のない病のように,如同毫无自觉症状的病一般
1-01.txt,190,モノローグ◇南の島,<TYPE interval=60>･･････</TYPE>何不自由のない楽園でさえ...<BR>僕はやめられないのだろう,<TYPE interval=60>･･････</TYPE>即使在毫无不自由的乐园里<BR>...我也无法停止吧
1-01.txt,195,モノローグ◇今何が,「今　何が問題か」,“现在　有什么问题”
1-01.txt,200,モノローグ◇馬鹿,馬鹿々々しいテーマだ,真是个愚蠢的主题
1-03.txt,3,津名川セリフ◇３人とも,<TYPE interval=84>３人とも...<BR>聞こえるかい...,<TYPE interval=84>你们三个...<BR>听得到吗...
1-03.txt,33,文セリフ◇反応,<TYPE interval=60>反応あります,<TYPE interval=60>有反应了
1-03.txt,41,文セリフ◇大丈夫,<TYPE interval=70>大丈夫です,<TYPE interval=70>没问题
1-03.txt,56,鄭セリフ◇各セクタ,<TYPE interval=50>･･･</TYPE><TYPE interval=70>各セクタ...<BR>プログラムチェック開始,<TYPE interval=50>･･･</TYPE><TYPE interval=70>各扇区...<BR>开始程序检查
1-03.txt,62,津名川セリフ◇そうか,<TYPE interval=70>そうか,<TYPE interval=70>这样啊
1-03.txt,69,津名川セリフ◇プログラムの,<TYPE interval=80>じゃ、...<BR>プログラムの準備を,<TYPE interval=80>那么，...<BR>准备程序
1-03.txt,93,鄭②セリフ◇テストプログラム,<TYPE interval=70><FONT size=15>テストプログラム..<BR>半自動実行,<TYPE interval=70><FONT size=15>测试程序..<BR>半自动执行
1-03.txt,95,鄭②セリフ◇センターフレーム,<TYPE interval=54><FONT size=15>センターフレームに<BR>パーミッション申請します,<TYPE interval=54><FONT size=15>向中心框架<BR>申请权限
1-03.txt,97,文②セリフ◇生体制御システム,<TYPE interval=55><FONT size=15>生体制御システム正常..<BR>ゲル311&.66ケルビンで安定,<TYPE interval=55><FONT size=15>生体控制系统正常..<BR>凝胶311&.66开尔文　状态稳定
1-03.txt,99,文②セリフ◇生体温度差,"<TYPE interval=55><FONT size=15>生体温度誤差±0&.2度..　安定レベルＡ,<BR>高速神経ネット.　スイッチします","<TYPE interval=55><FONT size=15>生体温度误差±0&.2度..　稳定等级Ａ,<BR>高速神经网络.　切换"
1-03.txt,101,文③セリフ◇シグナルパルス,<TYPE interval=55><FONT size=15>シグナルパルス..<BR>クロック10KHzから<BR>20KHzで半固定ロック,<TYPE interval=55><FONT size=15>信号脉冲..<BR>时钟频率从10KHz至<BR>20KHz半固定锁定
1-03.txt,103,文③セリフ◇１番から,<TYPE interval=55><FONT size=15>１番から64..　65から128番.<BR>Ｓ１からＳ６..　ロック終了です,<TYPE interval=55><FONT size=15>1至64号..　65至128号.<BR>Ｓ１至Ｓ６..　锁定完成
1-03.txt,156,津名川セリフ◇･･････,<TYPE interval=50>･････････,<TYPE interval=50>･･････
1-03.txt,161,鄭セリフ◇視覚,<FONT size=15><TYPE interval=70>視覚<BR>メインモニタ..１から３,<FONT size=15><TYPE interval=70>视觉<BR>主显示器..１至３
1-03.txt,168,鄭セリフ◇脳波,<FONT size=15><TYPE interval=70>脳波パターングラフαとβ γ..<BR>サブモニタ12番から21番まで.<BR>順に入ります,<FONT size=15><TYPE interval=70>脑波模式图α、β、γ..<BR>副显示器12至21号.<BR>依次接入
1-03.txt,172,文セリフ◇シミュレー,<FONT size=15><TYPE interval=60>シミュレータプログラム....<BR>制御全て安定,<FONT size=15><TYPE interval=60>模拟器程序....<BR>所有控制稳定
1-03.txt,193,鄭セリフ◇パーミッション,"<FONT size=15><TYPE interval=70>センターフレームの<BR>パーミッション来ました,<TYPE interval=90><BR>いつでもいけます","<FONT size=15><TYPE interval=70>中心框架的<BR>权限已下达,<TYPE interval=90><BR>随时可以开始"
1-03.txt,196,鄭セリフ◇心拍,<TYPE interval=80>心拍..　血圧..　その他...<BR>異常ありません,<TYPE interval=80>心率..　血压..　其他...<BR>无异常
1-03.txt,213,津名川セリフ◇よし,よし,好
1-03.txt,217,津名川セリフ◇はじめよう,はじめよう,开始吧
1-03.txt,222,津名川セリフ◇レベル,レベル４だ,等级４
1-04.txt,14,水滝セリフ◇あの子達,<TYPE interval=65>あの子達...<BR>眠そうでしたね,<TYPE interval=65>那些孩子...<BR>看起来好困呢
1-04.txt,21,水滝セリフ◇さゆちゃん,<TYPE interval=70>沙友ちゃんなんか..<BR>フラフラしてましたよ,<TYPE interval=70>小沙友简直..<BR>走路都摇摇晃晃的了
1-04.txt,25,津名川セリフ◇車の中で,"<TYPE interval=65>車の中で眠ってたんだけどね,..<BR>朝も早いし","<TYPE interval=65>在车上就睡着了,..<BR>毕竟早上起得也早"
1-04.txt,31,津名川セリフ◇なんだかんだ,<TYPE interval=62>なんだかんだ言って...<BR>やっぱり子供だよ,<TYPE interval=62>不管怎么说...<BR>终究还是孩子啊
1-04.txt,39,水滝セリフ◇春ですね,<TYPE interval=65>春ですしね....<BR>気持ちいいですから,<TYPE interval=65>毕竟是春天嘛....<BR>天气又那么舒服
1-04.txt,48,水滝セリフ◇津名川さん,<TYPE interval=70>津名川さんは.<BR>大丈夫なんですか？,<TYPE interval=70>津名川先生.<BR>您没事吧？
1-04.txt,56,津名川セリフ◇眠い,<TYPE interval=62>眠いのは.<BR>みんな同じだろ,<TYPE interval=62>会犯困.<BR>大家都一样吧
1-04.txt,64,水滝セリフ◇でも忙しく,<TYPE interval=65>でも..　忙しくても..<BR>すごく面白いです,<TYPE interval=65>不过..　虽然很忙..<BR>但真的非常有意思
1-04.txt,68,水滝セリフ◇やりがい,<TYPE interval=70>やりがいある<BR>...っていうか,<TYPE interval=70>该说<BR>...很有价值吗
1-04.txt,76,水滝セリフ◇なんだか,<TYPE interval=65>なんだか大学のときの<BR>..研究室みたいで</TYPE><TYPE interval=50>･･･,<TYPE interval=65>总觉得就像大学时候的<BR>..实验室一样</TYPE><TYPE interval=50>･･･
1-04.txt,80,水滝セリフ◇たぶん,<TYPE interval=62>たぶんこんなの...<BR>他のどこへ行っても...<BR>やってませんしね,<TYPE interval=62>大概这种东西...<BR>去其他任何地方...<BR>都是接触不到的吧
1-04.txt,101,水滝セリフ◇そういえば,<TYPE interval=70>このあいだ若い子が..<BR>入ったんですけど,<TYPE interval=70>前阵子有个年轻人..<BR>加入了我们
1-04.txt,105,水滝セリフ◇そうだ,<TYPE interval=30>そうだ,<TYPE interval=30>对了
1-04.txt,116,津名川セリフ◇へえ,へえ<TYPE interval=50>...<TYPE><BR><TYPE interval=80>どこから？,哦<TYPE interval=50>...<TYPE><BR><TYPE interval=80>从哪儿来的？
1-04.txt,122,水滝セリフ◇ＭＩＴからで,<TYPE interval=70>Ｍ&.Ｉ&.Ｔ&.からです,<TYPE interval=70>来自M&.I&.T&.
1-04.txt,137,水滝セリフ◇ここの研究,<TYPE interval=70>ここに来たら..<BR>そうなりますよね....<BR>フツウ,<TYPE interval=70>到了这里..<BR>会变成那样也很正常吧....<BR>一般来说
1-04.txt,144,水滝セリフ◇配属,<TYPE interval=70>でも..配属一日目で...<BR>自信ソーシツ,<TYPE interval=70>不过..才分配第一天...<BR>自信心就受创了
1-04.txt,163,水滝セリフ◇高宮さんも,<TYPE interval=70>高宮さんも.<BR>そうですけど,<TYPE interval=70>高宫小姐.<BR>也是如此
1-04.txt,166,水滝セリフ◇津名川さんは,<TYPE interval=90>津名川さんは...　どこで<BR>勉強されたんですか？,<TYPE interval=90>津名川先生...　是在哪里<BR>求学的呢？
1-04.txt,177,選択◇秘密,<TYPE interval=0><FONT color=red>秘密だよ,<TYPE interval=0><FONT color=red>是秘密哦
1-04.txt,178,選択◇実はね･･････,<TYPE interval=0><FONT color=red>実はね･･････,<TYPE interval=0><FONT color=red>其实呢･･････
1-04.txt,195,津名川セリフ◇どれくらい,<TYPE interval=70>どれくらいかかるかな？,<TYPE interval=70>大概要花多久呢？
1-04.txt,197,水滝セリフ◇終わるまで,<TYPE interval=80>終わるまで..<BR>そうですね。<BR>２～３時間は,<TYPE interval=80>到结束为止的话..<BR>让我想想。<BR>大概需要２〜３小时吧
1-04.txt,201,津名川セリフ◇テスト,<TYPE interval=80>テスト,<TYPE interval=80>测试
1-04.txt,229,水滝セリフ◇少し寝たほうが,<TYPE interval=80>やっぱり..少し.<BR>寝た方が,<TYPE interval=80>果然..还是稍微.<BR>睡一会儿比较好
1-04.txt,233,水滝セリフ◇終わったら,終わったら<BR>起こしますから...　私,等结束了<BR>我会来叫您的...
1-04.txt,237,津名川セリフ◇それじゃ,<TYPE interval=80>それじゃ....<BR>そうしようかな,<TYPE interval=80>那....<BR>就这么办吧
1-04.txt,243,津名川セリフ◇ほとんど,"<TYPE interval=90>ほとんど<BR>寝てないんだよ,<BR>実は","<TYPE interval=90>其实<BR>我几乎,<BR>没怎么睡"
1-04.txt,256,水滝セリフ◇わかりました,<TYPE interval=80>分かりました,<TYPE interval=80>明白了
1-04.txt,262,水滝セリフ◇終わったら,<TYPE interval=80>終わったら..<BR>起こしに来ますね,<TYPE interval=80>等结束了..<BR>我来叫您
1-04.txt,266,水滝セリフ◇じゃあ,<TYPE interval=80>じゃあ....　私...<BR>戻りますから,<TYPE interval=80>那....　我...<BR>先回去了
1-04.txt,284,津名川セリフ◇･･････,<TYPE interval=60>････････････,<TYPE interval=60>････････････
1-04.txt,290,津名川セリフ◇ふう,ふぅ<TYPE interval=50>･･････,呼<TYPE interval=50>･･････
1-04.txt,300,津名川セリフ◇カフェ,いまさら..<BR>カフェインなんて,事到如今..<BR>咖啡因什么的
1-04.txt,304,津名川セリフ◇効く,効くわけないか,怎么可能管用呢
1-04.txt,344,津名川セリフ◇秘密だよ,"<TYPE interval=90>秘密だよ,<BR><TYPE interval=80>それは","<TYPE interval=90>这是秘密哦,<BR><TYPE interval=80>那个嘛"
1-04.txt,353,水滝セリフ◇やぱっり,<FONT size=18><TYPE interval=30>やっぱり！,<FONT size=18><TYPE interval=30>果然！
1-04.txt,363,水滝セリフ◇みんな,<TYPE interval=70>みんなが.　あの２人は..<BR>宇宙人なんだ..って,<TYPE interval=70>大家都说.　那两个人..<BR>是..外星人
1-04.txt,367,津名川セリフ◇ハハ,<TYPE interval=0>ハハ,<TYPE interval=0>哈哈
1-04.txt,371,津名川セリフ◇まあ,ま,嘛
1-04.txt,375,津名川セリフ◇そんな,そんなとこだな,差不多就那样吧
1-04.txt,396,津名◇選択,実はね･･････,其实呢･･････
1-04.txt,404,津名川セリフ◇突如,突如.　大悟したって<BR>やつかな,突然.　大彻大悟的<BR>那种家伙吗
1-04.txt,410,水滝セリフ◇ええ,<TYPE interval=0><FONT size=20>ええ！,<TYPE interval=0><FONT size=20>诶！
1-04.txt,417,水滝セリフ◇津名川さん,"<TYPE interval=70>津名川さん,<BR>禅でもやってたんですか！？","<TYPE interval=70>津名川先生,<BR>你是在修禅吗！？"
1-04.txt,421,津名川セリフ◇ああ,"あぁ<TYPE interval=60>･･････<TYPE>...いや<TYPE interval=60>･･････</TYPE>,<BR>まあ<TYPE interval=60>･･････</TYPE>","啊<TYPE interval=60>･･････<TYPE>...不<TYPE interval=60>･･････</TYPE>,<BR>嘛<TYPE interval=60>･･････</TYPE>"
1-04.txt,432,津名川セリフ◇どうやら,<TYPE interval=70>どうやら僕には..<BR>冗談の勉強も..<BR>必要なようだな<TYPE interval=50>･･････</TYPE>,<TYPE interval=70>看来我也得..<BR>学学怎么开玩笑..<BR>才行了<TYPE interval=50>･･････</TYPE>
1-05.txt,10,作業員セリフ◇よーし,<TYPE interval=80>よーし<WAIT time=300><BR>右側から上げろ,<TYPE interval=80>好嘞<WAIT time=300><BR>从右边往上
1-05.txt,12,作業員セリフ◇ゆっくり,ゆっくりだ,慢点
1-05.txt,14,作業員セリフ◇そう,そう<TYPE interval=50>･･････</TYPE>...<BR>そう....　<TYPE interval=60>ストップ！,对<TYPE interval=50>･･････</TYPE>...<BR>对....　<TYPE interval=60>停！
1-05.txt,40,作業員セリフ◇くそ,<TYPE interval=70>くそっ,<TYPE interval=70>可恶
1-05.txt,42,作業員セリフ◇こんな,こんなでかいコンテナ<BR>...少しはバラせないのかよ,这么大的货柜<BR>...就不能拆开一点吗
1-05.txt,44,作業員セリフ◇中身は,中身は何なんです？,里面装的什么啊？
1-05.txt,46,作業員セリフ◇例に,<TYPE interval=70>例によって機密だろ！,<TYPE interval=70>肯定又是机密！
1-05.txt,48,作業員セリフ◇クソ,<TYPE interval=70>クソデカくて..クソ重くて..<BR>クソ高い機械だよ！,<TYPE interval=70>大得离谱..又重得离谱..<BR>还贵得离谱的机器啊！
1-05.txt,86,品藤セリフ◇どこの,どこのかしら？,是哪里的呢？
1-05.txt,88,品藤セリフ◇あんなの,あんなの...<BR>事前承認ないと<BR>困るんだけどなぁ,那种东西...<BR>没经过事前批准<BR>我会很为难的啊
1-05.txt,113,スタッフセリフ◇あの･･････,あの<TYPE interval=70>･･････</TYPE>,那个<TYPE interval=70>･･････</TYPE>
1-05.txt,124,品藤セリフ◇･･････あ,<TYPE interval=50>･･････</TYPE>あ,<TYPE interval=50>･･････</TYPE>啊
1-05.txt,130,品藤セリフ◇前半の,<TYPE interval=80>ごめんなさい</TYPE><BR>....前半のデータ？,<TYPE interval=80>对不起</TYPE><BR>....前半部分的数据？
1-05.txt,135,品藤セリフ◇あがって,<TYPE interval=80>あがったのね,<TYPE interval=80>出来了呢
1-05.txt,149,品藤セリフ◇ここの,<TYPE interval=80>ここのデータは？,<TYPE interval=80>这里的数据呢？
1-05.txt,155,品藤セリフ◇抜けてる,<TYPE interval=90>抜けてるみたい<BR>だけど,<TYPE interval=90>好像缺了<BR>一部分
1-05.txt,159,スタッフセリフ◇そこは,<TYPE interval=90>そこは...　今回から<BR>いらないって,<TYPE interval=90>那部分...　说是从这次起<BR>就不需要了
1-05.txt,165,スタッフセリフ◇別の,<TYPE interval=90>別のデータが...<BR>欲しいんだそうです,<TYPE interval=90>说是想要...<BR>其他的数据
1-05.txt,178,スタッフセリフ◇僕らにも,<TYPE interval=80>こっちにも<BR>何のデータか..ほとんど<BR>分からないんです,<TYPE interval=80>我们这边也<BR>几乎不知道..这到底是什么<BR>数据
1-05.txt,184,スタッフセリフ◇言われた,<TYPE interval=80>言われた通り..<BR>やるだけですよ,<TYPE interval=80>只是..<BR>听命照做而已
1-05.txt,190,品藤セリフ◇そうなの,そうなの<TYPE interval=50>･･････,这样啊<TYPE interval=50>･･････
1-05.txt,207,品藤セリフ◇わかった,<TYPE interval=70>分かったわ,<TYPE interval=70>明白了
1-05.txt,213,品藤セリフ◇ありがとう,<TYPE interval=80>ありがとう,<TYPE interval=80>谢谢
1-05.txt,217,品藤セリフ◇ごめんね,ごめんね,抱歉啊
1-05.txt,221,スタッフセリフ◇いえ,いえ,哪里的话
1-05.txt,245,品藤セリフ◇あ,あ,啊
1-05.txt,253,品藤セリフ◇はい,はい,嗯
1-05.txt,256,品藤セリフ◇もし,<TYPE interval=90>もしもし</TYPE><TYPE interval=70>･･････,<TYPE interval=90>喂喂</TYPE><TYPE interval=70>･･････
1-07.txt,7,医者セリフ◇今日は,"<FONT color='#885522'><TYPE interval=120>今日は...特別な.<BR>治療があるんだ,<BR>津名川君","<FONT color='#885522'><TYPE interval=120>今天...有项特别的.<BR>治疗,<BR>津名川君"
1-07.txt,30,津名川セリフ◇･･････どんな,<FONT color='#885522'><TYPE interval=70>･･････</TYPE><TYPE interval=120>どんな<BR>治療ですか,<FONT color='#885522'><TYPE interval=70>･･････</TYPE><TYPE interval=120>是什么样的<BR>治疗呢
1-07.txt,35,医者セリフ◇危険な,<FONT color='#885522'>危険なものではない,<FONT color='#885522'>不是什么危险的东西
1-07.txt,42,医者セリフ◇ただ,<FONT color='#885522'>モノは試し...<BR>と言うやつでね,<FONT color='#885522'>就当是...<BR>试试看吧
1-07.txt,51,医者セリフ◇カウンセリング,<FONT color='#885522'>カウンセリングの<BR>一種なんだ<TYPE interval=50>･･････,<FONT color='#885522'>算是心理辅导的<BR>一种吧<TYPE interval=50>･･････
1-07.txt,67,医者セリフ◇ああ,<FONT color='#885522'>ああ,<FONT color='#885522'>啊
1-07.txt,72,医者セリフ◇専門の,<FONT color='#885522'><TYPE interval=120>専門の先生が来る..<BR>しばらく待っていてくれるかい,<FONT color='#885522'><TYPE interval=120>专业的医生马上就来..<BR>你能在这里稍微等一下吗
1-07.txt,83,津名川独白◇少し,<FONT color='#885522'>少し安心した,<FONT color='#885522'>我稍微安心了些
1-07.txt,88,津名川独白◇今回,<FONT color='#885522'>今回は得体の知れない注射や...<BR>何も考えられなくなる臭い薬....<BR>電気ショックの類ではなさそうだ,<FONT color='#885522'>这次看来不是什么来路不明的注射...<BR>也不是让人丧失思考能力的臭药...<BR>或是电击疗法之类的东西了
1-07.txt,97,津名川独白◇僕に,<FONT color='#885522'><TYPE interval=80>僕に選択権はない,<FONT color='#885522'><TYPE interval=80>我没有选择权
1-07.txt,102,津名川独白◇僕の治療は,<FONT color='#885522'><TYPE interval=80>僕の治療は...<BR>すべてが病院側に<BR>委ねられている,<FONT color='#885522'><TYPE interval=80>我的治疗...<BR>全都交由<BR>医院方面决定了
1-07.txt,107,津名川独白◇人権,"<FONT color='#885522'><TYPE interval=80>人権などというものは...<BR>とっくの昔に誰かの,</TYPE><BR><TYPE style=Fade interval=0 speed=1000>（いや　おそらく家族のだろうが）</TYPE>,,,..<BR><TYPE interval=80>サインで僕の手元から消え去っていた</TYPE>","<FONT color='#885522'><TYPE interval=80>所谓的人权...<BR>早就在某个人,</TYPE><BR><TYPE style=Fade interval=0 speed=1000>（不，恐怕是家人的）</TYPE>,,,..<BR><TYPE interval=80>签字下从我手中消失了</TYPE>"
1-07.txt,119,津名川独白◇その家族も,<FONT color='#885522'><TYPE interval=80>その家族も..　今となっては...<BR>あまり思い出すことが出来ない,<FONT color='#885522'><TYPE interval=80>就连那家人...　事到如今...<BR>我也已经想不太起来了
1-07.txt,124,津名川独白◇10の時,<FONT color='#885522'><TYPE interval=80>10のときに別れてから...<BR>もう７年間も会っていなかった,<FONT color='#885522'><TYPE interval=80>自从10岁分开后...<BR>我们已经整整7年没见过了
1-07.txt,141,津名川セリフ◇そうですか,<FONT color='#885522'><TYPE interval=120>そうですか,<FONT color='#885522'><TYPE interval=120>这样啊
1-07.txt,148,津名川独白◇医者,<FONT color='#885522'>医者達のための実験動物,<FONT color='#885522'>医生们的实验动物
1-07.txt,153,津名川独白◇それが,<FONT color='#885522'><TYPE interval=90>まさしく僕は「ソレ」だった,<FONT color='#885522'><TYPE interval=90>我正是“那种东西”
1-07.txt,179,津名川セリフ◇来た,"<FONT color='#885522'><TYPE interval=50>･･････</TYPE>,来た",<FONT color='#885522'><TYPE interval=50>･･････</TYPE>来了
1-07.txt,201,グラハムセリフ◇君が,<FONT color='#885522'><TYPE interval=130>君が..<BR>ツナカワ君か,<FONT color='#885522'><TYPE interval=130>你就是..<BR>津名川君吗
1-07.txt,238,グラハムセリフ◇ヒュプノシス,<FONT color='#885522'>ヒュプノシスを<BR>受けたことは？,<FONT color='#885522'>你接受过<BR>催眠吗？
1-07.txt,244,津名川セリフ◇さあ,<FONT color='#885522'><TYPE interval=50>･･････</TYPE>さあ,<FONT color='#885522'><TYPE interval=50>･･････</TYPE>这个嘛
1-07.txt,250,津名川セリフ◇あったかも,<FONT color='#885522'>あったかもしれないし..<BR>なかったかもしれない,<FONT color='#885522'>也许有过..<BR>也许没有过
1-07.txt,269,グラハムセリフ◇人と,<FONT color='#885522'><TYPE interval=120>人と人というのは...<BR>会うべくして会う,<FONT color='#885522'><TYPE interval=120>人与人之间的缘分...<BR>注定相遇的总会相遇
1-07.txt,275,グラハムセリフ◇今日は,<FONT color='#885522'><TYPE interval=120>今日は素晴らしい日だ,<FONT color='#885522'><TYPE interval=120>今天真是个美好的日子
1-07.txt,284,グラハムセリフ◇君は,<FONT color='#885522'>なかなかよい素質を<BR>持っているようだ,<FONT color='#885522'>看来你的素质<BR>相当不错呢
1-07.txt,288,津名川セリフ◇素質,<FONT color='#885522'>素質？,<FONT color='#885522'>素质？
1-07.txt,304,グラハムセリフ◇ふふ,"<FONT color='#885522'>ふふ...　紫だな,<BR>君のようなのは<BR>なかなかいないんだ","<FONT color='#885522'>呵呵...　是紫色的呢,<BR>像你这样的孩子<BR>可真是难得一见啊"
1-07.txt,310,津名川セリフ◇紫,<FONT color='#885522'>紫？,<FONT color='#885522'>紫色？
1-07.txt,329,グラハムセリフ◇今に,<FONT color='#885522'><TYPE interval=120>今に分かる,<FONT color='#885522'><TYPE interval=120>你很快就会明白了
1-07.txt,336,グラハムセリフ◇経験,<FONT color='#885522'><TYPE interval=120>「経験に勝る信仰無し」<BR>....　というやつだよ,<FONT color='#885522'><TYPE interval=120>“没有什么信仰胜得过经验”<BR>....　就是这么回事
1-07.txt,340,津名川セリフ◇誰の,<FONT color='#885522'>誰の言葉？,<FONT color='#885522'>这是谁说的？
1-07.txt,345,グラハムセリフ◇私の,<FONT color='#885522'><TYPE interval=120>私のさ,<FONT color='#885522'><TYPE interval=120>是我说的啊
1-07.txt,370,グラハムセリフ◇どんな,<FONT color='#885522'><TYPE interval=110>どんなに不条理で...<BR>信じられない理屈であっても,<FONT color='#885522'><TYPE interval=110>无论多么荒谬...<BR>多么令人难以置信的歪理
1-07.txt,374,グラハムセリフ◇経験,<FONT color='#885522'><TYPE interval=110>経験してしまえば...<BR>認めざるを得ない,<FONT color='#885522'><TYPE interval=110>只要亲身经历过...<BR>就不得不承认
1-07.txt,380,グラハムセリフ◇そして,<FONT color='#885522'><TYPE interval=130>そして,<FONT color='#885522'><TYPE interval=130>然后
1-07.txt,384,グラハムセリフ◇信仰,<FONT color='#885522'>経験という信仰は...<BR>どんな正論でも..<BR>論破できないものだ,<FONT color='#885522'>“经验”这种信仰...<BR>无论多么无懈可击的正论..<BR>都无法将其驳倒
1-07.txt,392,グラハムセリフ◇そうでは,<FONT color='#885522'>そうではないかね？,<FONT color='#885522'>难道不是吗？
1-07.txt,409,津名川セリフ◇何,<FONT color='#885522'><TYPE interval=0>僕が<BR>何を経験するって？,<FONT color='#885522'><TYPE interval=0>我要经历什么？
1-07.txt,425,グラハムセリフ◇全て,<FONT color='#885522'><TYPE interval=0>全てをさ,<FONT color='#885522'><TYPE interval=0>是一切啊
1-08.txt,13,津名川セリフ◇･･････,<TYPE interval=120>････････････,<TYPE interval=120>････････････
1-08.txt,18,水滝セリフ◇つかれ,<TYPE interval=70>･･････</TYPE><TYPE interval=110>疲れてるんだな,<TYPE interval=70>･･････</TYPE><TYPE interval=110>看来是累了啊
1-08.txt,34,水滝セリフ◇起きて,<TYPE interval=85>起きてますか,<TYPE interval=85>醒着吗
1-08.txt,37,水滝セリフ◇津名川さん,津名川さん,津名川先生
1-08.txt,55,津名川セリフ◇ん,<FONT size=15>ん<TYPE interval=80>･･････,<FONT size=15>嗯<TYPE interval=80>･･････
1-08.txt,61,津名川セリフ◇んん,<FONT size=15>ん...ん<TYPE interval=70>･･････,<FONT size=15>嗯...嗯<TYPE interval=70>･･････
1-08.txt,71,津名川セリフ◇だいじょうぶ,<TYPE interval=110>大丈夫,<TYPE interval=110>没事
1-08.txt,80,津名川セリフ◇おわったかい,<TYPE interval=110>終わったかい？,<TYPE interval=110>结束了吗？
1-08.txt,98,水滝セリフ◇今,<TYPE interval=75>今解析データ待ちです,<TYPE interval=75>现在正等解析数据呢
1-08.txt,102,水滝セリフ◇前半の,<TYPE interval=65>前半のはもう..<BR>上がってくると<BR>思いますけど,<TYPE interval=65>前半部分的已经..<BR>应该快<BR>出来了
1-08.txt,107,水滝セリフ◇エマちゃん,<TYPE interval=75>エマちゃん...<BR>調子良かったですよ,<TYPE interval=75>小艾玛...<BR>状态很好哦
1-09.txt,16,真上セリフ◇主任,"<FONT size=22 face=""ＭＳ ゴシック""><TYPE interval=0>主任！","<FONT size=22 face=""ＭＳ ゴシック""><TYPE interval=0>主任！"
1-09.txt,30,津名川セリフ◇真上君,<FONT size=18><TYPE interval=67>真上君か,<FONT size=18><TYPE interval=67>是真上君啊
1-09.txt,37,真上セリフ◇新しい,<TYPE interval=80><FONT size=17>見ましたか？<BR>...新しい報告書,<TYPE interval=80><FONT size=17>您看过了吗？<BR>...新的报告书
1-09.txt,48,津名川セリフ◇いや,<FONT size=17>いや,<FONT size=17>不
1-09.txt,50,津名川セリフ◇まだ,<FONT size=17>まだ,<FONT size=17>还没
1-09.txt,73,真上セリフ◇高宮研,<TYPE interval=80><FONT size=15>高宮さんの方,<TYPE interval=80><FONT size=15>高宫那边
1-09.txt,79,真上セリフ◇数字,<TYPE interval=80><FONT size=15>すごい数字に<BR>なってます,<TYPE interval=80><FONT size=15>数据非常<BR>惊人
1-09.txt,87,真上セリフ◇知ってますか,<TYPE interval=65><FONT size=15>知ってますか,<TYPE interval=65><FONT size=15>您听说了吗
1-09.txt,91,真上セリフ◇実戦,<TYPE interval=75><FONT size=15>もう..実戦テストが<BR>あるって,<TYPE interval=75><FONT size=15>说是..要进行<BR>实战测试了
1-09.txt,95,真上セリフ◇噂,<FONT size=15>噂ですけど,<FONT size=15>只是传闻
1-09.txt,99,津名川セリフ◇へえ,<TYPE interval=0><FONT size=15>へえ,<TYPE interval=0><FONT size=15>这样啊
1-09.txt,118,津名川セリフ◇反射,<FONT size=15>反射行動プログラムが<BR>効いてるのかな？,<FONT size=15>是反射行动程序<BR>起作用了吗？
1-09.txt,124,津名川セリフ◇所詮,<FONT size=15><TYPE interval=90>しょせん...<BR>数字は数字だけどね,<FONT size=15><TYPE interval=90>说到底...<BR>数字终究只是数字
1-09.txt,128,真上セリフ◇神経,<TYPE interval=70><FONT size=15>神経のスピードとか...<BR>上げなくていいんですか,<TYPE interval=70><FONT size=15>神经传导速度之类的...<BR>不提升一下真的好吗
1-09.txt,134,真上セリフ◇限界まで,<TYPE interval=80><FONT size=15>向こうは..限界まで<BR>上げてきそうですよ,<TYPE interval=80><FONT size=15>对方..似乎打算<BR>把数值拉到极限了
1-09.txt,148,津名川セリフ◇脳,<FONT size=15><TYPE interval=90>脳の判断時間を考えたら...<BR>神経速度を無理に上げても<BR>意味がない,<FONT size=15><TYPE interval=90>考虑到脑部的判断时间...<BR>强行提升神经速度<BR>也没有意义
1-09.txt,156,真上セリフ◇それで,<TYPE interval=70><FONT size=15>高宮研は...それでリフレクタに<BR>こだわってるんですね,<TYPE interval=70><FONT size=15>高宫研...<BR>所以才执着于反射器啊
1-09.txt,160,津名川セリフ◇反射行動,"<FONT size=15>そうだね,　反射行動なら<BR>神経速度が生かせる","<FONT size=15>是啊,　如果是反射行动的话<BR>就能发挥神经速度的优势"
1-09.txt,168,津名川セリフ◇だが,"<FONT size=15>だけど,　できれば<BR>それは使いたくないんだ</FONT>","<FONT size=15>但是,　如果可以的话<BR>我不想用那个</FONT>"
1-09.txt,189,水滝セリフ◇ヒュー,<TYPE interval=70>ヒューマニズム？,<TYPE interval=70>人道主义？
1-09.txt,193,津名川セリフ◇そんなんじゃ,"そんなんじゃないさ,<BR>だが<TYPE interval=60>･･････","没那么高尚,<BR>但是<TYPE interval=60>･･････"
1-09.txt,201,津名川セリフ◇いろんな,いろんなやり方が<BR>あってもいいだろ,做法有很多种<BR>也未尝不可
1-09.txt,208,津名川セリフ◇進化,こっちだって進化はするが...<BR>数字が全てじゃない,我们这边也在进化...<BR>但数字并非一切
1-09.txt,213,津名川セリフ◇バランス,バランスが<BR>大事なんだよ,平衡<BR>才是最重要的
1-09.txt,228,真上セリフ◇ですか,そんなもん<BR>ですか<TYPE interval=60>･･････,是<BR>这样吗<TYPE interval=60>･･････
1-09.txt,233,水滝セリフ◇私も,私も　..今は時間を<BR>かけるべきだと<BR>思います,我也觉得<BR>..现在应该<BR>多花些时间
1-09.txt,245,真上セリフ◇･･････,<TYPE interval=80>･･････,<TYPE interval=80>･･････
1-09.txt,262,津名川セリフ◇悔しいかい,<TYPE interval=60>･･････</TYPE>悔しいかい？,<TYPE interval=60>･･････</TYPE>不甘心吗？
1-09.txt,268,真上セリフ◇そりゃ,<TYPE interval=20>そりゃ･･･,<TYPE interval=20>那肯定･･･
1-09.txt,275,真上セリフ◇僕なんか,<TYPE interval=65>僕なんかは..　<TYPE interval=70>なんて言うか...<BR>ファンみたいなもんです,<TYPE interval=65>像我这种..　<TYPE interval=70>该怎么说呢...<BR>简直就像个粉丝
1-09.txt,279,真上セリフ◇だけど,<TYPE interval=65>だけど...勝手な期待は..<BR>迷惑ですよね,<TYPE interval=65>但是...我单方面的期待..<BR>只会给您添麻烦吧
1-09.txt,283,真上セリフ◇すみません,<TYPE interval=65>すみません....<BR><TYPE interval=75>分かってるんですけど,<TYPE interval=65>抱歉....<BR><TYPE interval=75>我其实心里有数
1-09.txt,303,津名川セリフ◇思って,そういうふうに<BR>思って貰えるのは嬉しいよ,你能这么想<BR>我很高兴
1-09.txt,306,津名川セリフ◇いや,いや,不
1-09.txt,318,津名川セリフ◇チーム,チームだからね,毕竟是一个团队嘛
1-09.txt,326,真上セリフ◇もちろん,<FONT size=18><TYPE interval=40>もちろんです！,<FONT size=18><TYPE interval=40>那是当然！
1-09.txt,329,津名川セリフ◇いずれに,いずれにせよ...<BR>最終的にはこちらが<BR>勝たないとな,不管怎样...<BR>最终<BR>我们必须得赢
1-09.txt,353,真上セリフ◇それじゃ,<TYPE interval=60>それじゃ..　僕...<BR>先にセンターの方に<BR>行ってますから！,<TYPE interval=60>那..　我...<BR>先去中心那边<BR>了！
1-09.txt,365,水滝セリフ◇若い,<TYPE interval=75>真上君...<BR>若いなあ,<TYPE interval=75>真上君...<BR>真年轻啊
1-09.txt,375,津名川セリフ◇テス,高宮研が..<BR>実戦テストかぁ,高宫研..<BR>实战测试啊
1-09.txt,379,津名川セリフ◇うちも,ホント...　うちも<BR>がんばらないとね,真的...　我们<BR>也得加油才行呢
1-10.txt,33,エマセリフ◇ふー,<TYPE interval=88>ふぅ<TYPE interval=70>･･････,<TYPE interval=88>呼<TYPE interval=70>･･････
1-10.txt,51,津名川セリフ◇よく,よくがんばったね,辛苦了
1-10.txt,55,津名川セリフ◇みんな,みんな..シャワーを浴びて..<BR>着替えておいで,大家..去冲个澡..<BR>换身衣服吧
1-10.txt,76,鄭セリフ◇データ,<TYPE interval=65>データは..全部解析に<BR>回しておきました,<TYPE interval=65>数据..已经全部送去<BR>解析了
1-10.txt,82,鄭セリフ◇大丈夫,<TYPE interval=65>大丈夫ですよね,<TYPE interval=65>应该没问题吧
1-10.txt,86,津名川セリフ◇うんわかった,<TYPE interval=77>うん..　分かった...<BR>ありがとう,<TYPE interval=77>嗯..　知道了...<BR>谢谢
1-10.txt,102,真上セリフ◇パワー,<TYPE interval=70>主任...<BR>パワーグラフ..見ますか？,<TYPE interval=70>主任...<BR>要看一下功率图吗？
1-10.txt,108,真上セリフ◇三次元マップ,<TYPE interval=67>３次元マップは.<BR>まだですけど,<TYPE interval=67>三维地图.<BR>还没出来呢
1-10.txt,114,津名川セリフ◇ああ,<TYPE interval=0>ああ,<TYPE interval=0>嗯
1-10.txt,139,津名川セリフ◇ホント,ホントだ<TYPE interval=70>･･･,真的啊<TYPE interval=70>･･･
1-10.txt,145,津名川セリフ◇調子,<TYPE interval=65>調子...良かったみたいだね,<TYPE interval=65>状态...好像很不错呢
1-10.txt,149,真上セリフ◇特に,<TYPE interval=77>特に反応速度はいいです,<TYPE interval=77>特别是反应速度非常出色
1-10.txt,162,真上セリフ◇なじんで,<TYPE interval=68>馴染んで<BR>きてるんですかね,<TYPE interval=68>看来是逐渐<BR>适应了呢
1-10.txt,167,津名川セリフ◇高速,<TYPE interval=68>高速神経ネットは...<BR>後付けデバイスだし,<TYPE interval=68>高速神经网...<BR>毕竟是后加装的设备
1-10.txt,173,津名川セリフ◇これ対数,<TYPE interval=67>これ...対数グラフで<BR>出せるかい？,<TYPE interval=67>这个...能用对数图<BR>显示出来吗？
1-10.txt,177,津名川セリフ◇あと微分,<TYPE interval=77>あと..微分グラフも,<TYPE interval=77>还有..微分图也要
1-10.txt,197,真上セリフ◇変化,変化<TYPE interval=60>･･････,变化<TYPE interval=60>･･････
1-10.txt,205,真上セリフ◇かなり,<TYPE interval=77>かなり複雑ですよね,<TYPE interval=77>相当复杂呢
1-10.txt,220,津名川セリフ◇やっぱり,<TYPE interval=60>･･････</TYPE>やっぱり<BR>安定してないね,<TYPE interval=60>･･････</TYPE>果然<BR>不太稳定呢
1-10.txt,226,真上セリフ◇ずっと,<TYPE interval=78>ずっとブレが出てる<BR>感じですよね,<TYPE interval=78>感觉一直<BR>存在波动呢
1-10.txt,237,真上セリフ◇右肩,<TYPE interval=65>ずっと右肩上がりで<BR>来てるから...仕方ないですよ,<TYPE interval=65>毕竟数据一路走高<BR>这也是...没办法的事
1-10.txt,243,津名川セリフ◇科学者,<TYPE interval=65>科学者が仕方ないって言っても...<BR>それこそ「仕方ない」.んじゃないかな？,<TYPE interval=65>身为科学家却说没办法...<BR>那才真的是.“没办法”了吧？
1-10.txt,247,真上セリフ◇すみません,<TYPE interval=90>すみません,<TYPE interval=90>抱歉
1-10.txt,257,津名川セリフ◇確かに,<TYPE interval=70>とは言え..　確かに<BR>今は見守るしか..<BR>手がないかもしれないな,<TYPE interval=70>话虽如此..　确实<BR>现在除了静观其变..<BR>可能也无计可施了
1-10.txt,261,品藤セリフ◇津な,主任<TYPE interval=60>･･････</TYPE><BR>..あ,主任<TYPE interval=60>･･････</TYPE><BR>..啊
1-10.txt,277,津名川セリフ◇ん,",<TYPE interval=0>ん？",",<TYPE interval=0>嗯？"
1-10.txt,294,品藤セリフ◇津名川さん,"津名川さん,<BR>データシート<TYPE interval=70>･･････</TYPE>...<BR>これでいいんですよね？","津名川先生,<BR>数据表<TYPE interval=70>･･････</TYPE>...<BR>这样可以吧？"
1-10.txt,299,津名川セリフ◇ああ,<TYPE interval=0><FONT size=15>ああ,<TYPE interval=0><FONT size=15>嗯
1-10.txt,303,津名川セリフ◇あり,ありがとう..<BR>品<TYPE interval=60>･･････..</TYPE>藤さん,谢谢..<BR>品<TYPE interval=60>･･････..</TYPE>藤
1-10.txt,314,品藤セリフ◇いえ,<TYPE interval=20>いえ？,<TYPE interval=20>哎？
1-10.txt,318,品藤セリフ◇失礼,"<TYPE interval=50>･･････</TYPE>それでは,<BR>失礼します","<TYPE interval=50>･･････</TYPE>那么,<BR>我先失陪了"
1-10.txt,337,真上セリフ◇はー,<FONT size=20>は<TYPE interval=300 style=Spring speed=300>～.,<FONT size=20>是<TYPE interval=300 style=Spring speed=300>〜。
1-10.txt,343,真上セリフ◇品藤さん,"<TYPE interval=130><FONT size=17>品藤さん,<BR><TYPE interval=80>やっぱかわいいすね～.","<TYPE interval=130><FONT size=17>品藤小姐,<BR><TYPE interval=80>果然还是很可爱呢〜."
1-10.txt,348,選択◇そうかい,<TYPE interval=0><FONT color=red>そうかい,<TYPE interval=0><FONT color=red>是吗
1-10.txt,349,選択◇うん,<TYPE interval=0><FONT color=red>うん･･････<BR>かわいいよね,<TYPE interval=0><FONT color=red>嗯･･････<BR>很可爱吧
1-10.txt,371,津名川セリフ◇じゃ,<FONT size=15><TYPE interval=90>じゃあ...<BR>後..　頼むよ,<FONT size=15><TYPE interval=90>那就...<BR>后面..　就拜托你了
1-10.txt,376,津名川セリフ◇整理,"<FONT size=15><TYPE interval=80>整理とデータ解析の詳しいの,<BR>それから血液検査と","<FONT size=15><TYPE interval=80>详细的整理与数据分析,<BR>以及血液检查"
1-10.txt,381,真上セリフ◇はい,<FONT size=15>はい,<FONT size=15>好的
1-10.txt,385,津名川セリフ◇結果,<TYPE interval=90><FONT size=15>結果が出たら<RUBY text='ウェン'>文 </RUBY>のとまとめて...<BR>うちのほうに送っておいてくれ,<TYPE interval=90><FONT size=15>结果出来的话，和文的一起汇总...<BR>发到我这边来吧
1-10.txt,389,真上セリフ◇わかり,<TYPE interval=90><FONT size=15>分かりました,<TYPE interval=90><FONT size=15>明白了
1-10.txt,412,津名川セリフ◇そうかい,<TYPE interval=90>そうかい？,<TYPE interval=90>是吗？
1-10.txt,419,真上セリフ◇そうです,"<TYPE interval=90>そうですよ～</TYPE>,<BR><TYPE interval=90>ひそかにファン多いですし</TYPE>","<TYPE interval=90>那当然〜</TYPE>,<BR><TYPE interval=90>毕竟她私底下粉丝可不少呢</TYPE>"
1-10.txt,423,真上セリフ◇しかも,<TYPE interval=80>しかもフリー.って<BR>うわさですし,<TYPE interval=80>而且.据说她<BR>还是单身呢
1-10.txt,428,津名川セリフ◇･･････,"<TYPE interval=60>･･････</TYPE>,そうなんだ","<TYPE interval=60>･･････</TYPE>,这样啊"
1-10.txt,454,津名川セリフ◇うん,うん<TYPE interval=50>･･････</TYPE>...<BR>かわいいよね,嗯<TYPE interval=50>･･････</TYPE>...<BR>确实挺可爱的呢
1-10.txt,466,真上セリフ◇へえ,へえ<TYPE interval=50>･･････,哦<TYPE interval=50>･･････
1-10.txt,473,津名川セリフ◇ん,<TYPE interval=110>ん？...<BR>何だい,<TYPE interval=110>嗯？...<BR>怎么了
1-10.txt,479,真上セリフ◇いえ,"<TYPE interval=90>いえ,　主任の口から...<BR>そんな言葉が出るなんて..<BR>意外だなあ</TYPE><TYPE interval=50>･･････...って",<TYPE interval=90>没，只是没想到主任..<BR>居然会说出这种话..<BR>真让人意外呢</TYPE><TYPE interval=50>･･････...啦
1-10.txt,489,津名川セリフ◇はは,"はは<TYPE interval=50>･･････</TYPE>,素直に<BR>そう思っただけさ<TYPE interval=50>･･････","哈哈<TYPE interval=50>･･････</TYPE>,我只是<BR>单纯这么觉得而已<TYPE interval=50>･･････"
1-11.txt,28,Ａセリフ◇大丈夫,<TYPE interval=110>大丈夫ですかね,<TYPE interval=110>没问题吧
1-11.txt,36,Ａセリフ◇いくら,いくら偽装してる<BR>.っていっても,再怎么说是伪装<BR>.･･････
1-11.txt,40,Ｂセリフ◇うちの,ウチのボスも...<BR>無茶な事をやるよな,咱们老大也...<BR>真敢乱来啊
1-11.txt,44,Ｂセリフ◇真相,真相が知れたら..<BR>国際問題どころじゃないぜ,要是真相败露..<BR>那可就不止是国际问题了
1-11.txt,48,Ｂセリフ◇ま,"<TYPE interval=90>ま,　そんなこと...<BR>あるはずないがな",<TYPE interval=90>嘛，那种事...<BR>也不可能发生
1-11.txt,62,Ａセリフ◇後始末,<TYPE interval=90>後始末は..<BR>どうするんです,<TYPE interval=90>那善后..<BR>怎么处理
1-11.txt,66,Ｂセリフ◇後始末も,後始末も何も....<BR>建物ごとなくなっちまうだろ,还管什么善后....<BR>到时候连建筑都会一起没了吧
1-11.txt,70,Ｂセリフ◇それまで,それまでのデータ取りが<BR>俺達の仕事さ,我们要做的，就是在那之前<BR>把数据弄到手
1-11.txt,84,Ａセリフ◇作戦,"こんな作戦までやって,<BR>あの組織...　何作ってるんですか","都动用这种规模的行动了,<BR>那个组织...　到底在造什么啊"
1-11.txt,90,Ｂセリフ◇さあね,さあね,谁知道呢
1-11.txt,94,Ｂセリフ◇またしかに,"ま,<BR>確かなのは","不过,<BR>能确定的是"
1-11.txt,98,Ｂセリフ◇作戦,これが終わっちまえば...<BR>奴らはもう..　ウチに頼るしか<BR>なくなるってことだ,等这事一了结...<BR>那帮家伙就..　<BR>只能指望咱们了
1-12.txt,17,津名川セリフ◇でかい,でかいコンテナだな,好大的集装箱啊
1-12.txt,23,津名川セリフ◇さて,さて<TYPE interval=60>･･････,好了<TYPE interval=60>･･････
1-12.txt,33,津名川セリフ◇あの子,<TYPE interval=77>あの子たちの準備が整うまで...<BR>少し時間があるな<TYPE interval=60>･･････,<TYPE interval=77>在那帮孩子准备好之前...<BR>还有点时间呢<TYPE interval=60>･･････
1-12.txt,49,津名川セリフ◇もう少し,<TYPE interval=75>もう少し時間があるな<TYPE interval=70>･･････,<TYPE interval=75>还有点时间呢<TYPE interval=70>･･････
1-12.txt,78,選択Ａ◇久しぶり,<TYPE interval=0><FONT color=red>久しぶりに品藤と<BR>話をするのもいいかな</FONT></TYPE>,<TYPE interval=0><FONT color=red>久违地和品藤<BR>聊聊也不错吧</FONT></TYPE>
1-12.txt,83,選択Ｂ◇発注,<TYPE interval=0><FONT color=red>発注した戦闘装備の様子を<BR>聞きに行くか,<TYPE interval=0><FONT color=red>去问问订购的战斗装备<BR>进展如何吧
1-12.txt,88,選択Ｃ◇頼んでいた,<TYPE interval=0><FONT color=red>頼んでいた薬が<BR>もう出来ている頃かもしれない,<TYPE interval=0><FONT color=red>拜托做的药<BR>差不多该做好了吧
1-12.txt,188,説明◇情報センター,"<FONT size=21 color=white><TYPE interval=65>古痕全体の情報を管理しているセンター。,..<BR>何か問題が起こったらとりあえずここへ、..と言う位置付けか。,..<BR>レベルの低い問題からトップレベルの機密まで管理している。,..<BR>ここの部長をしている品藤は、...もしかするとこの組織を...<BR>誰よりも知っているのかも知れない。</TYPE>","<FONT size=21 color=white><TYPE interval=65>管理着整个古痕情报的中心。,...<BR>一旦出了什么问题，先到这里来,..大概就是这样的定位吧。,..<BR>从低级别的问题到最高级别的机密，全都由这里管理。,..<BR>担任这里部长的品藤...或许比任何人都更了解这个组织也说不定。</TYPE>"
1-12.txt,205,津名川セリフ◇知らない,<TYPE interval=60>知らない顔ばかりだ,<TYPE interval=60>全是不认识的面孔啊
1-12.txt,211,津名川セリフ◇品藤さん,<TYPE interval=80>品藤さん...<TYPE interval=60>･･････</TYPE>は.<BR>いるかな,<TYPE interval=80>品藤小姐...<TYPE interval=60>･･････</TYPE>在<BR>不在呢
1-12.txt,218,スタッフセリフ◇あ,<TYPE interval=75>あ...　はい..<BR>部長ですか..<BR>えーと<TYPE interval=60>･･････,<TYPE interval=75>啊... 是的..<BR>您找部长吗..<BR>那个<TYPE interval=60>･･････
1-12.txt,222,スタッフセリフ◇えーと,<TYPE interval=65>たぶん<BR>...資料室の方にいると.<BR>思いますけど,<TYPE interval=65>应该<BR>...在资料室那边.<BR>吧
1-12.txt,225,スタッフセリフ◇右奥の,<TYPE interval=80>右奥の方です,<TYPE interval=80>在右后方
1-12.txt,234,スタッフセリフ◇引越しが,<TYPE interval=60>引越しがまだ終わってなくて...<BR>ここのところ毎日こもって.<BR>整理しているんです,<TYPE interval=60>搬家还没弄完...<BR>这几天每天都窝在里面.<BR>整理东西呢
1-12.txt,238,津名川セリフ◇ありが,ありがとう,谢谢
1-12.txt,263,津名川セリフ◇やあ,"<TYPE interval=50>･･････</TYPE>やあ<BR>,お久しぶり",<TYPE interval=50>･･････</TYPE>哟<BR>好久不见
1-12.txt,276,品藤セリフ◇あら,"<TYPE interval=80>あら,<BR>会いにきてくれたの？","<TYPE interval=80>哎呀,<BR>来看我了吗？"
1-12.txt,282,品藤セリフ◇お久しぶり,<TYPE interval=90>もう..一年ぶり<BR>くらいかしら,<TYPE interval=90>大概..有一年<BR>没见了吧
1-12.txt,286,津名川セリフ◇元気,元気？,最近好吗？
1-12.txt,302,品藤セリフ◇ええ,"<TYPE interval=90>ええ　<BR>,あなたも元気そう",<TYPE interval=90>嗯<BR>你看上去也挺好
1-12.txt,306,津名川セリフ◇そうかな,そうかな,有吗
1-12.txt,312,品藤セリフ◇うん,"うん<TYPE interval=50>･･････</TYPE><BR>,<TYPE interval=90>新しい施設には慣れた？","嗯<TYPE interval=50>･･････</TYPE><BR>,<TYPE interval=90>新设施还习惯吗？"
1-12.txt,316,津名川セリフ◇まあ,まあ...　それなりに,嘛...　还行吧
1-12.txt,320,津名川セリフ◇そんなに,そんなに使う場所も<BR>ないからね,毕竟也没什么<BR>需要用的地方
1-12.txt,338,津名川セリフ◇今,今　どうしてるの？,最近怎么样？
1-12.txt,344,品藤セリフ◇なにが,なにが？,指什么？
1-12.txt,350,津名川セリフ◇いや,<TYPE interval=75>いや...　いい人でも..<BR>できたかなってさ,<TYPE interval=75>没...　就是想着有没有..<BR>遇到什么好对象呢
1-12.txt,354,品藤セリフ◆どうかしら,"<TYPE interval=90>どうかしら,<BR>あなたは？","<TYPE interval=90>谁知道呢,<BR>你呢？"
1-12.txt,365,選択◇あの子,<TYPE interval=0><FONT color=red>あの子たちで<BR>手一杯だよ,<TYPE interval=0><FONT color=red>光是照顾那些孩子<BR>就够我忙的了
1-12.txt,366,選択◇さあ,<TYPE interval=0><FONT color=red>さあ,<TYPE interval=0><FONT color=red>好了
1-12.txt,367,選択◇いるよ,<TYPE interval=0><FONT color=red>いるよ,<TYPE interval=0><FONT color=red>有啊
1-12.txt,393,品藤セリフ◇そうね,"そうね<BR>,<TYPE interval=50>･･････</TYPE>でも","也是呢<BR>,<TYPE interval=50>･･････</TYPE>不过"
1-12.txt,399,品藤セリフ◇あなたは,<TYPE interval=90>あなたは一人で<BR>作っちゃったけど....<BR>私は相手がいないの,<TYPE interval=90>你虽然是一个人<BR>弄出来的....<BR>但我连个对象都没有呢
1-12.txt,403,津名川セリフ◇そうか,<TYPE interval=50>･･････</TYPE>そうか,<TYPE interval=50>･･････</TYPE>这样啊
1-12.txt,415,品藤セリフ◇あいかわらず,<TYPE interval=90>あいかわらず.<BR>かわいいのね,<TYPE interval=90>还是老样子.<BR>真可爱呢
1-12.txt,419,津名川セリフ◇そうだね,そうだね...<BR>ときどき自分でも<BR>親バカかと思うよ,是啊...<BR>有时候连我自己都<BR>觉得是个溺爱孩子的笨蛋家长呢
1-12.txt,427,品藤セリフ◇ううん,<TYPE interval=90>ううん,<TYPE interval=90>不会啊。
1-12.txt,431,津名川セリフ◇え？,え？,诶？
1-12.txt,435,品藤セリフ◇あなたの,<TYPE interval=90>あなたのことよ,<TYPE interval=90>说的是你呀
1-12.txt,439,品藤セリフ◇なんか,"な～んか..<BR>また<TYPE interval=60>･･････</TYPE>,ううん...<BR><TYPE interval=80>なんでもないや","总觉得..<BR>又<TYPE interval=60>･･････</TYPE>,不对...<BR><TYPE interval=80>没什么"
1-12.txt,454,津名川セリフ◇仕事,<TYPE interval=50>･･････</TYPE>仕事..<BR>邪魔してごめんね,<TYPE interval=50>･･････</TYPE>工作..<BR>打扰到你了吧
1-12.txt,460,品藤セリフ◇ねえ,"ううん,<BR>ねえ...　津名川くん","没有啦,<BR>我说...　津名川君"
1-12.txt,464,品藤セリフ◇いろんなこと,いろんなこと...<BR>まだ覚えてる？,各种事情...<BR>还记得吗？
1-12.txt,468,津名川セリフ◇全部,<TYPE interval=110>覚えてるよ...<BR>全部,<TYPE interval=110>记得哦...<BR>全都记得
1-12.txt,483,品藤セリフ◇そう,そう...<BR><TYPE interval=56>それならそれで良し！,这样啊...<BR><TYPE interval=56>那就好！
1-12.txt,489,津名川セリフ◇いいのかい,<TYPE interval=80>いいのかい？,<TYPE interval=80>这样好吗？
1-12.txt,493,品藤セリフ◇充分,<TYPE interval=80>いいのよ,<TYPE interval=80>没关系啦
1-12.txt,497,津名川セリフ◇そうか,<TYPE interval=90>そうか,<TYPE interval=90>这样啊
1-12.txt,535,津名川セリフ◇あの子,あの子たちで<BR>手一杯だよ,光是照顾那些孩子<BR>就够我忙的了
1-12.txt,558,品藤セリフ◇そう,そう,这样啊
1-12.txt,565,品藤セリフ◇変わったね,"<TYPE interval=90>変わったね,<BR>津名川くん","<TYPE interval=90>你变了呢,<BR>津名川君"
1-12.txt,569,津名川セリフ◇かな,そうかな,有吗
1-12.txt,575,品藤セリフ◇うん少し,"<TYPE interval=90>うん,　少し<BR>頼もしくなった....<BR>お父さんだし","<TYPE interval=90>嗯,　变得<BR>稍微可靠了些....<BR>毕竟都是父亲了嘛"
1-12.txt,586,品藤セリフ◇私も,<TYPE interval=50>･･････</TYPE><TYPE interval=75>私も<BR>..子供ほしかったな,<TYPE interval=50>･･････</TYPE><TYPE interval=75>我也<BR>..想要个孩子呢
1-12.txt,590,津名川セリフ◇作れば,<TYPE interval=65>作ればいいじゃないか....<BR>これから,<TYPE interval=65>以后生一个不就好了嘛....<BR>从现在开始
1-12.txt,609,津名川セリフ◇いるよ,いるよ,有啊
1-12.txt,632,品藤セリフ◇そうよね,"<TYPE interval=90>そうよね　,津名川くん...<BR>もてそうだから","<TYPE interval=90>也是呢　,津名川君...<BR>毕竟你看起来挺受欢迎的"
1-12.txt,638,津名川セリフ◇そうかい,そうかい？,是吗？
1-12.txt,644,品藤セリフ◇ええ,"<TYPE interval=90>ええ,　センターの子達も<BR>あなたのこと話してたわよ","<TYPE interval=90>嗯,　中心的女孩们<BR>也在议论你哦"
1-12.txt,648,品藤セリフ◇かわいい,<TYPE interval=80>かわいい...って,<TYPE interval=80>说你很･･････可爱
1-12.txt,661,津名川セリフ◇はは,はは<TYPE interval=60>･･････</TYPE>...　どう<BR>リアクションしていいのかな,哈哈<TYPE interval=60>･･････</TYPE>...　我<BR>该怎么反应才好呢
1-12.txt,665,品藤セリフ◇ふふ,<TYPE interval=70>ふふっ,<TYPE interval=70>呵呵
1-12.txt,674,品藤セリフ◇でも,"でも,　津名川くん..<BR><TYPE interval=60>･･････</TYPE>もうお父さん...<BR>なんだよね",不过，津名川君...<BR><TYPE interval=60>･･････</TYPE>已经是爸爸了...<BR>呢
1-12.txt,679,津名川セリフ◇うん,<TYPE interval=50>･･････</TYPE>うん,<TYPE interval=50>･･････</TYPE>嗯
1-12.txt,688,品藤セリフ◇私も,"<TYPE interval=110>私も子供,<BR>欲しかったな","<TYPE interval=110>我也挺想要,<BR>个孩子的呢"
1-12.txt,692,津名川セリフ◇作れば,作ればいいじゃないか...<BR>これから,以后生不就好了嘛...<BR>从现在开始
1-12.txt,709,津名川セリフ◇さあ,さあ,好了
1-12.txt,732,品藤セリフ◇あらら,<TYPE interval=90>あらら...<BR>はぐらかされちゃった<BR>みたいね,<TYPE interval=90>哎呀呀...<BR>看来是被<BR>岔开话题了呢
1-12.txt,738,品藤セリフ◇津名,<TYPE interval=90>津名川くんも<BR>すみにはおけないなあ,<TYPE interval=90>津名君也<BR>不能小觑啊
1-12.txt,742,津名川セリフ◇はは,はは<TYPE interval=50>･･････</TYPE>....<BR>からかわないでくれよ,哈哈<TYPE interval=50>･･････</TYPE>....<BR>别开我玩笑了
1-12.txt,754,品藤セリフ◇でも,"でも,　津名川くん..<BR><TYPE interval=60>･･････</TYPE>もうお父さん...<BR>なんだよね",不过，津名川君..<BR><TYPE interval=60>･･････</TYPE>已经是爸爸了...<BR>呢
1-12.txt,759,津名川セリフ◇うん,<TYPE interval=50>･･････</TYPE>うん,<TYPE interval=50>･･････</TYPE>嗯
1-12.txt,768,品藤セリフ◇私も,"<TYPE interval=110>私も子供,<BR>欲しかったな","<TYPE interval=110>我也挺想,<BR>要个孩子的呢"
1-12.txt,772,津名川セリフ◇作れば,作ればいいじゃないか...<BR>これから,以后生不就好了嘛...<BR>从现在开始
1-12.txt,807,上代セリフ◇おっ,"<TYPE interval=80>おっ,<BR>津名じゃないか","<TYPE interval=80>哦,<BR>这不是津名嘛"
1-12.txt,816,上代セリフ◇テスト,"<TYPE interval=80>テスト終わったんだ,<BR>透花ちゃんらは？","<TYPE interval=80>考试结束了啊,<BR>透花她们呢？"
1-12.txt,831,津名川セリフ◇お前,<TYPE interval=60>･･････</TYPE><TYPE interval=110>お前も<BR>今日　来てたのか,<TYPE interval=60>･･････</TYPE><TYPE interval=110>你今天<BR>也来了啊
1-12.txt,837,津名川セリフ◇あの子,あの子らは.まだ実験が<BR>終わったばっかりだから...<BR><TYPE interval=60>･･････</TYPE>シャワー室かな,那几个孩子实验<BR>才刚结束...<BR><TYPE interval=60>･･････</TYPE>大概去淋浴间了吧
1-12.txt,847,上代セリフ◇なんだよ,"<TYPE interval=70>なんだよ～！,<BR>来るなら一緒に来てよ～","<TYPE interval=70>什么嘛〜！,<BR>要来就一起过来啊〜"
1-12.txt,851,上代セリフ◇あ～あ,"<TYPE interval=80>あ～あ...　がっかり,..<BR>後で連れて来てよね","<TYPE interval=80>啊〜...　真扫兴,..<BR>待会儿可得带过来哦"
1-12.txt,855,津名川セリフ◇はっきり,<TYPE interval=90>はっきりした<BR>ヤツだな,<TYPE interval=90>真是个<BR>直性子啊
1-12.txt,865,津名川セリフ◇例の,例の頼んでおいたヤツは<BR>どうなった？,之前拜托你的那东西<BR>怎么样了？
1-12.txt,869,上代セリフ◇あーあれ,"<TYPE interval=80>あー..　あれ,<BR>ダマスカス剣の方は...<BR>そろそろあがりそうだよ","<TYPE interval=80>啊..　那个,<BR>大马士革剑那边...<BR>差不多快完工了"
1-12.txt,873,上代セリフ◇この間,<TYPE interval=80>この間見てきたけど..<BR>芸術品だね...　ありゃ,<TYPE interval=80>前阵子我去看了一眼...<BR>简直是件艺术品啊...　那东西
1-12.txt,882,上代セリフ◇ワイヤー,<TYPE interval=80>ワイヤーの方は...<BR>なかなかパワーのあるモーターが<BR>作れなくて..苦労してる<TYPE>,<TYPE interval=80>线缆那边...<BR>一直做不出动力够强的马达<BR>费了..不少劲<TYPE>
1-12.txt,886,上代セリフ◇静音,<TYPE interval=70>静音性能も考えると...<BR>リング式のモーターしかない<BR>とは思うんだけどね,<TYPE interval=70>不过考虑到静音性能...<BR>感觉只能用环形马达了<BR>呢
1-12.txt,890,上代セリフ◇そうすると,<TYPE interval=80>そうするとパワーが<BR>出ないんだよ,<TYPE interval=80>可那样一来动力<BR>又不够啊
1-12.txt,899,津名川セリフ◇そっち,そっちが本命なんだから....<BR>頼むよ,那边才是重头戏....<BR>拜托了
1-12.txt,903,上代セリフ◇がんばってる,"<TYPE interval=70>がんばってるよ,<BR>これでもかなり前倒しで<BR>進めてるんだから","<TYPE interval=70>我已经很努力了,<BR>这都已经大幅提前<BR>进度了"
1-12.txt,907,上代セリフ◇ただ,<TYPE interval=70>ただでさえ...<BR>最近は高宮研がうるさいのに,<TYPE interval=70>本来...<BR>最近高宫实验室就够烦人了
1-12.txt,914,上代セリフ◇私の,<TYPE interval=80>私の透花ちゃんを<BR>愛してるから..<BR>ここまでできるんだよ,<TYPE interval=80>因为我<BR>爱着我的透花啊..<BR>才能做到这一步
1-12.txt,933,津名川セリフ◇分かった,分かった　分かった,知道了 知道了
1-12.txt,937,津名川セリフ◇透花,<TYPE interval=50>透花は..お前のものじゃ<BR>ないけどな,<TYPE interval=50>透花..可不是你的<BR>东西哦
1-12.txt,942,上代セリフ◇デート,<TYPE interval=90>分かってるなら...<BR>デートさせてよ</TYPE><TYPE speed=1000 style=Spring>～</TYPE>,<TYPE interval=90>既然知道...<BR>就让我跟她约会吧</TYPE><TYPE speed=1000 style=Spring>〜</TYPE>
1-12.txt,953,選択◇かわり,<FONT color=red><TYPE interval=0>かわりに俺じゃ<BR>だめかい？,<FONT color=red><TYPE interval=0>换成我的话<BR>不行吗？
1-12.txt,954,選択◇それは,<FONT color=red><TYPE interval=0>それは危険すぎるから<BR>駄目だ,<FONT color=red><TYPE interval=0>那太危险了<BR>不行
1-12.txt,1002,津名川セリフ◇かわり,かわりに俺じゃ..<BR>駄目かい？,那换成我..<BR>不行吗？
1-12.txt,1011,上代セリフ◇は,"<TYPE interval=60>はっ....　な～んであたしが,<BR>“男”とデートするわけっ","<TYPE interval=60>哈....　我干嘛要,<BR>跟“男人”约会啊"
1-12.txt,1022,上代セリフ◇とりはだ,<TYPE interval=60>考えただけで...<BR>鳥肌もんよっ,<TYPE interval=60>光想想就...<BR>直起鸡皮疙瘩
1-12.txt,1026,上代セリフ◇トリハダ,<FONT size=20><TYPE interval=60>ト.リ.ハ.ダ.</TYPE>もんっ,<FONT size=20><TYPE interval=60>起.鸡.皮.疙.瘩.了.</TYPE>啦
1-12.txt,1037,津名川セリフ◇すまない,すまない<TYPE interval=50>･･････,抱歉<TYPE interval=50>･･････
1-12.txt,1042,津名川セリフ◇愚問,愚問だったよ,真是个蠢问题
1-12.txt,1067,津名川セリフ◇それは,それは危険すぎるからダメだ,那太危险了，绝对不行
1-12.txt,1072,上代セリフ◇ケチ,"<TYPE interval=70>ケチなヤツだな～！,<BR><TYPE interval=90>あたしが何するって<BR>いうんだよ","<TYPE interval=70>真小气〜！,<BR><TYPE interval=90>你说人家<BR>要干嘛嘛"
1-12.txt,1076,津名川セリフ◇何って,何って...<TYPE interval=60>･･････</TYPE>じゃあ<BR>..<TYPE interval=90>デートって..何するつもりなんだ,干嘛...<TYPE interval=60>･･････</TYPE>那<BR>..<TYPE interval=90>约会..你打算做什么啊
1-12.txt,1087,上代セリフ◇うっ,"うっ,　それは<TYPE interval=70>･･････</TYPE>,て,<BR>手をつないだり<TYPE interval=60>･･････</TYPE><BR>,それから<TYPE interval=50>･･････</TYPE>","呜,　那个<TYPE interval=70>･･････</TYPE>就,<BR>牵牵手什么的<TYPE interval=60>･･････</TYPE><BR>然后<TYPE interval=50>･･････</TYPE>"
1-12.txt,1096,津名川セリフ◇･･････,"<TYPE interval=50>･･････</TYPE>なにを照れてるんだ,<BR>変なところでつまられると.<BR>こっちが恥ずかしいよ","<TYPE interval=50>･･････</TYPE>你害羞什么啊,<BR>在这种奇怪的地方结巴的话.<BR>弄得我也怪不好意思的"
1-12.txt,1106,上代セリフ◇わ,"<TYPE interval=70>わ...　分かったよ,<BR><TYPE interval=80>それはまた今度で<BR>いいからさ～","<TYPE interval=70>知...、知道了啦,<BR><TYPE interval=80>那个下次再<BR>说吧〜"
1-12.txt,1110,上代セリフ◇あとで,"<TYPE interval=80>あとで連れて来てよ～,<BR>頼むよ～","<TYPE interval=80>回头带我去嘛〜,<BR>拜托啦〜"
1-12.txt,1114,津名川セリフ◇考えて,<TYPE interval=60>･･････</TYPE><TYPE interval=110>考えとくよ,<TYPE interval=60>･･････</TYPE><TYPE interval=110>我考虑考虑
1-12.txt,1150,津名川セリフ◇えーと,<TYPE interval=75>えーと..　製薬を<BR>頼んでいたんだけど,<TYPE interval=75>那个..　之前委托<BR>制药的事
1-12.txt,1163,薬学研セリフ◇ああ,"ああ<TYPE interval=60>･･････</TYPE>,<BR>津名川さん","啊<TYPE interval=60>･･････</TYPE>,<BR>津名川先生"
1-12.txt,1167,薬学研セリフ◇なんと,<TYPE interval=75>なんといいますか...<BR>あの薬はウチでは<BR>出来なかったんですよ,<TYPE interval=75>该怎么说呢...<BR>那种药我们这边<BR>没能研制出来
1-12.txt,1171,薬学研セリフ◇今,<TYPE interval=70>今..　奥平博士のほうに.<BR>回してますけど,<TYPE interval=70>现在..　已经转交给<BR>奥平博士那边了
1-12.txt,1175,津名川セリフ◇へえ,へえ,哦
1-12.txt,1186,薬学研セリフ◇御存知,<TYPE interval=55>御存知ですか？..<BR>精神系の薬剤製薬の<BR>エキスパートなんですけど,<TYPE interval=55>您知道吗？..<BR>他可是精神类药物研制<BR>方面的专家
1-12.txt,1190,薬学研セリフ◇あの人,<TYPE interval=65>あの人に出来なかったら...<BR>もう誰にもお手上げです,<TYPE interval=65>如果连他都做不出来...<BR>那就谁也没辙了
1-12.txt,1194,薬学研セリフ◇要求条件,<TYPE interval=75>要求条件が<BR>厳しすぎるんですよ,<TYPE interval=75>要求条件<BR>实在太苛刻了
1-12.txt,1204,薬学研セリフ◇こっち,<TYPE interval=90>こっちでも..<BR>それに近いモノは<BR>出来てるんですが,<TYPE interval=90>我们这边..<BR>也做出了<BR>与之相近的东西
1-12.txt,1208,薬学研セリフ◇なにしろ,なにしろ副作用が酷くて..<BR>実験できませんし<TYPE interval=60>･･････,毕竟副作用太严重了..<BR>没法拿来做实验<TYPE interval=60>･･････
1-12.txt,1217,津名川セリフ◇そう,<TYPE interval=110>そう...<BR>奥平さんか,<TYPE interval=110>这样啊...<BR>是奥平啊
1-12.txt,1221,津名川セリフ◇古痕,<TYPE interval=65><RUBY text='ここん'>古痕</RUBY>に入ってまもない頃...<BR>薬で世話になったな,<TYPE interval=65>刚进古痕的时候...<BR>在药物方面受过他的关照
1-12.txt,1225,津名川セリフ◇じゃあ,<TYPE interval=90>じゃあ...<BR>安心して任せておくよ,<TYPE interval=90>那...<BR>就放心交给他吧
1-12.txt,1235,津名川セリフ◇できる,<TYPE interval=80>でも...　できるだけ急ぐように..<BR>伝えておいてくれないかな,<TYPE interval=80>不过...　尽量催他快点..<BR>帮我传达一下吧
1-12.txt,1239,薬学研セリフ◇わかり,わかりました,明白了
1-13.txt,17,エマセリフ◇うニャ,"<FONT size=20 face=""ＭＳ ゴシック"">うニャ<TYPE speed=800 style=Spring>～","<FONT size=20 face=""ＭＳ ゴシック"">唔喵<TYPE speed=800 style=Spring>〜"
1-13.txt,25,透花セリフ◇髪,<TYPE interval=90>長いと乾かすの<BR>大変だよね....　髪,<TYPE interval=90>头发太长的话，弄干<BR>很费劲呢･･････
1-13.txt,32,エマセリフ◇うん,"<TYPE interval=70><FONT size=20 face=""ＭＳ ゴシック"">うん","<TYPE interval=70><FONT size=20 face=""ＭＳ ゴシック"">嗯"
1-13.txt,51,エマセリフ◇耳に,"耳にまだ,<BR>あの<TYPE interval=90>ぶよぶよが</TYPE><BR>残ってる気がする","感觉耳朵里还残留着,<BR>那种<TYPE interval=90>黏糊糊的触感</TYPE><BR>･･････"
1-13.txt,61,沙友セリフ◇ね,<FONT size=20>ね,<FONT size=20>呐
1-13.txt,65,沙友セリフ◇うまく,<TYPE interval=80>うまくできたかなあ,<TYPE interval=80>不知道做得好不好呢
1-13.txt,86,エマセリフ◇前より,<TYPE interval=80>前よりは<BR>良くなったと思うよ,<TYPE interval=80>我觉得比之前<BR>有进步哦
1-13.txt,92,エマセリフ◇私は,<TYPE interval=80>わたしは　かなり<BR>調子良かったかな,<TYPE interval=80>我刚才状态<BR>挺不错的吧
1-13.txt,96,沙友セリフ◇ふーん,<FONT size=16><TYPE interval=80>ふー</TYPE>ん,<FONT size=16><TYPE interval=80>呼——</TYPE>嗯
1-13.txt,105,津名川セリフ◇ムラ,<TYPE interval=65>エマはムラが<BR>あるからな,<TYPE interval=65>艾玛总是<BR>状态不稳定啊
1-13.txt,111,沙友セリフ◇せ,"<TYPE interval=10><FONT face=""MS ゴシック"" size=22>せんせい！","<TYPE interval=10><FONT face=""MS ゴシック"" size=22>老师！"
1-13.txt,129,エマセリフ◇ひどい,<FONT size=18><TYPE interval=40>ひどいよ～,<FONT size=18><TYPE interval=40>太过分啦〜
1-13.txt,136,エマセリフ◇わたし,<TYPE interval=60>わたしはいつも..<BR>がんばってるのに,<TYPE interval=60>明明我一直..<BR>都很努力的
1-13.txt,141,選択Ａ◇そうだな,<TYPE interval=0><FONT color=red>そうだな,<TYPE interval=0><FONT color=red>是啊
1-13.txt,142,選択Ｂ◇それは,<TYPE interval=0><FONT color=red>それは主張する<BR>ことじゃないな,<TYPE interval=0><FONT color=red>那不是该拿出来<BR>主张的事吧
1-13.txt,143,選択Ｃ◇なんにせよ,<TYPE interval=0><FONT color=red>なんにせよ<BR>結果が全てさ,<TYPE interval=0><FONT color=red>无论如何<BR>结果才是一切
1-13.txt,169,津名川セリフ◇ここ,<TYPE interval=80>ここで待ってるから...<BR>はやく着替えておいで,<TYPE interval=80>我在这儿等你...<BR>快去换衣服吧
1-13.txt,175,津名川セリフ◇散歩,<TYPE interval=90>散歩がてら...<BR>街に出よう,<TYPE interval=90>顺便散散步...<BR>去街上走走吧
1-13.txt,193,３人セリフ◇はーい,<FONT size=24><TYPE interval=80>は～い,<FONT size=24><TYPE interval=80>好——嘞
1-13.txt,207,津名川セリフ◆元気だな,元気だな<TYPE interval=60>･･････,真精神啊<TYPE interval=60>･･････
1-13.txt,210,津名川セリフ◆まあ,まあ..　子供というのは...<BR>普通..元気なものだが,毕竟..　是小孩子嘛...<BR>通常..都这么有活力
1-13.txt,217,津名川セリフ◇しかし,<TYPE interval=90>しかし厳密には..<BR>この子たちは子供ではない,<TYPE interval=90>但严格来说..<BR>这些孩子并不是小孩子
1-13.txt,219,津名川セリフ◇人間で,<TYPE interval=90>人間ですら...　ない,<TYPE interval=90>甚至算不上..　人类
1-13.txt,221,津名川セリフ◇彼女,<TYPE interval=90>彼女らはプラスチックカプセルの...<BR>人工胎盤で生まれた,<TYPE interval=90>她们诞生于塑料胶囊般的...<BR>人工胎盘中
1-13.txt,250,津名川セリフ◇遺伝子に,<TYPE interval=80>遺伝子プログラムを追加して作った...<BR>“より高次元の生き物”,<TYPE interval=80>通过追加基因程序而创造出来的...<BR>“更高次元的生物”
1-13.txt,252,津名川セリフ◇染色体,<TYPE interval=70>人間の染色体23本をカスタマイズし...<BR>より特別な機能のための24本目の染色体を..<BR>フルプログラミングして追加した....<BR>この世に数体だけの,"<TYPE interval=70>定制了人类的23条染色体...<BR>并为了更特殊的功能,<BR>完全编程并追加了第24条染色体..<BR>这世上仅有数具的"
1-13.txt,254,津名川セリフ◇人のような,<TYPE interval=110>“人のような生き物”...なのだ,<TYPE interval=110>“像人一样的生物”...正是如此
1-13.txt,256,津名川セリフ◇エクストラ,"<TYPE interval=80>エクストラ・プログラムは,<BR>この..ＥＸ染色体を持つ生き物....「エクストラ」...<BR>を生み出す為の計画に過ぎなかったが",<TYPE interval=80>“Extra计划”原本只是为了培育出<BR>拥有这种..EX染色体的生物....“Extra”...<BR>的计划罢了
1-13.txt,258,津名川セリフ◇今や,<TYPE interval=110>今や...古痕の中核プロジェクトと.<BR>なりつつある<TYPE interval=70>･･････</TYPE>,<TYPE interval=110>如今...却正逐渐成为.<BR>“古痕”的核心项目<TYPE interval=70>･･････</TYPE>
1-13.txt,311,津名川セリフ◇そうだな,そうだな,是啊
1-13.txt,315,津名川セリフ◇ごめん,ごめん...　エマ,抱歉...　艾玛
1-13.txt,322,エマセリフ◇にゃ,"<FONT size=18 face=""ＭＳ ゴシック""><TYPE style=Jump interval=250 speed=200>に</TYPE>ゃ","<FONT size=18 face=""ＭＳ ゴシック""><TYPE style=Jump interval=250 speed=200>喵</TYPE>"
1-13.txt,342,沙友セリフ◇さゆ,"<FONT face=""ＭＳ ゴシック"" size=20><TYPE style=Wave interval=120>さ～ゆ～　も～","<FONT face=""ＭＳ ゴシック"" size=20><TYPE style=Wave interval=120>沙～友～　也～"
1-13.txt,349,津名川セリフ◇はいはい,はいはい,好好好
1-13.txt,355,津名川セリフ◇とうか,透花も.沙友も..<BR>がんばってるよな,透花也是，沙友也是..<BR>都很努力呢
1-13.txt,385,津名川セリフ◇それは,<TYPE interval=90>それは...　主張する<BR>ことじゃないな,<TYPE interval=90>努力这种事...　<BR>不是用来挂在嘴边标榜的
1-13.txt,395,エマセリフ◇ええー,<FONT size=20><TYPE interval=60>ええ～っ,<FONT size=20><TYPE interval=60>诶～
1-13.txt,402,エマセリフ◇言わなきゃ,<TYPE interval=45>言わなきゃ...<BR>わかんないもん！,<TYPE interval=45>如果不说出来的话...<BR>别人是不会懂的！
1-13.txt,407,津名川セリフ◇もし,<TYPE interval=77>もし..　分かって<BR>貰えなくても　さ,<TYPE interval=77>就算..　得不到<BR>别人的理解　也是
1-13.txt,413,津名川セリフ◇それを,<TYPE interval=80>それを自分で<BR>言っちゃうのは...<BR><TYPE interval=70>美しくないだろ,<TYPE interval=80>但这种话要是由自己<BR>亲口说出来...<BR><TYPE interval=70>姿态可就不够漂亮了啊
1-13.txt,419,エマセリフ◇そっか,<TYPE interval=75><FONT size=15>そっか<TYPE interval=60>･･･,<TYPE interval=75><FONT size=15>这样啊<TYPE interval=60>･･･
1-13.txt,423,エマセリフ◇うん,<FONT size=15>うん....<BR>わかった<TYPE interval=60>･･･,<FONT size=15>嗯....<BR>我明白了<TYPE interval=60>･･･
1-13.txt,436,透花セリフ◇エマ,"<TYPE interval=75>エマがいつも頑張ってるのは,<BR>みんな..わかってると思うよ","<TYPE interval=75>艾玛平时有多努力,<BR>大家..都是看在眼里的哦"
1-13.txt,442,エマセリフ◇そか,そかなぁ<TYPE interval=60>･･････,是这样吗<TYPE interval=60>･･････
1-13.txt,472,津名川セリフ◇結果,<TYPE interval=90>なんにせよ...<BR>結果がすべてさ,<TYPE interval=90>但不管怎样...<BR>结果才是一切
1-13.txt,478,津名川セリフ◇大切,<TYPE interval=80>努力は大切だが....<BR>努力だけしてればいいのか..<BR>と言うとそうでもない,<TYPE interval=80>努力固然重要....<BR>但光靠努力就够了吗..<BR>倒也不是这样
1-13.txt,482,津名川セリフ◇というのは,<TYPE interval=80>努力というのは....<BR>目標に向かう方向性と,<TYPE interval=80>所谓努力....<BR>是朝着目标前进的方向性
1-13.txt,485,津名川セリフ◇その場,"<TYPE interval=80>その場に応じた良い判断,<BR>工夫が伴ってこそ意味がある","<TYPE interval=80>以及随机应变的明智判断,<BR>并加以巧思，这样才有意义"
1-13.txt,491,津名川セリフ◇そもそも,<TYPE interval=90>そもそも..“何の為の努力なのか”....<BR>ということがしっかりしていないと,<TYPE interval=90>说到底..如果连“究竟是为了什么而努力”....<BR>这个根本问题都没搞清楚的话，
1-13.txt,494,津名川セリフ◇どれだけ,<TYPE interval=90>どれだけ精一杯努力しても...<BR>意味がなくなってしまう<BR>ものなんだよ,<TYPE interval=90>那无论多么拼尽全力...<BR>都会变得毫无意义<BR>的啊
1-13.txt,502,エマセリフ◇うにゅ,うにゅ<TYPE interval=50>･･････,唔嗯<TYPE interval=50>･･････
1-13.txt,507,エマセリフ◇む,<TYPE interval=110>むずかしい</TYPE><TYPE interval=60>･･････,<TYPE interval=110>太难懂了</TYPE><TYPE interval=60>･･････
1-13.txt,522,津名川セリフ◇ちょっと,ちょっと<BR>...キツかったかな<TYPE interval=70>･･････,是不是<BR>...说得太深奥了<TYPE interval=70>･･････
1-13-9.txt,17,エマセリフ◇ね,"<TYPE interval=70>ね,　宗慈さん...<BR>レベル４って実戦レベル<BR>なんでしょう？","<TYPE interval=70>那个,　宗慈先生...<BR>等级４就是实战级别<BR>对吧？"
1-13-9.txt,21,津名川セリフ◇誰,誰から？,谁说的？
1-13-9.txt,27,沙友セリフ◇ちゃぱつ,"<FONT size=22 face=""ＭＳ ゴシック\><TYPE interval=45>ちゃぱつの<BR>ひと！","<FONT size=22 face=""ＭＳ ゴシック\><TYPE interval=45>茶色头发的<BR>人！"
1-13-9.txt,41,津名川セリフ◇そうだな,<TYPE interval=60>･･････</TYPE>そうだなぁ,<TYPE interval=60>･･････</TYPE>这个嘛
1-13-9.txt,44,津名川セリフ◇うーん,<TYPE interval=95>うーん,<TYPE interval=95>嗯
1-13-9.txt,48,津名川セリフ◇実戦レベル,<TYPE interval=75>たしかに...<BR>実戦レベルと言われている<BR>設定だけどね,<TYPE interval=75>确实...<BR>设定上是被称为<BR>实战级别没错
1-13-9.txt,52,エマセリフ◇本物,<TYPE interval=55>ってことは..<BR>もう..　<TYPE interval=65>本物相手で戦える<BR>ってこと！？,<TYPE interval=55>也就是说..<BR>已经..　<TYPE interval=65>能跟真正的对手<BR>交手了！？
1-13-9.txt,64,透花セリフ◇手を見る,<FONT size=14><TYPE interval=60>･･････,<FONT size=14><TYPE interval=60>･･････
1-13-9.txt,90,津名川セリフ◇まさか,<TYPE interval=70>まさか,<TYPE interval=70>难道说
1-13-9.txt,96,津名川セリフ◇シミュレー,<TYPE interval=80>シミュレータと<BR>現実は違うよ,<TYPE interval=80>模拟器和<BR>现实可是两码事哦
1-13-9.txt,102,津名川セリフ◇あくまで,<TYPE interval=80>あくまでも...<BR>数字の上って奴だ,<TYPE interval=80>说到底...<BR>也只是停留在数字层面罢了
1-13-9.txt,106,津名川セリフ◇危なくて,おまえ達は...安定も<BR>してないし<TYPE interval=60>･･････</TYPE>,你们...连发挥都<BR>不稳定呢<TYPE interval=60>･･････</TYPE>
1-13-9.txt,118,エマセリフ◇残念,<TYPE interval=50>･･････</TYPE>ざんねん,<TYPE interval=50>･･････</TYPE>真遗憾
1-13-9.txt,122,エマセリフ◇なんだ,<TYPE interval=70>わたし...　あの<BR>スイッチが入って</TYPE>....<BR><TYPE interval=40><FONT size=17>グワァ</FONT>ッ　....<TYPE interval=70>ってなるの..<BR>好きなのに,<TYPE interval=70>我...　就是那种<BR>开关被打开后</TYPE>....<BR><TYPE interval=40><FONT size=17>轰</FONT>的一声　....<TYPE interval=70>进入状态的感觉..<BR>明明很喜欢啊
1-13-9.txt,138,沙友セリフ◇あ,"<TYPE style=Jump><FONT face=""ＭＳ ゴシック""><FONT size=20>あ","<TYPE style=Jump><FONT face=""ＭＳ ゴシック""><FONT size=20>啊"
1-13-9.txt,142,沙友セリフ2◇ぐあ～,"<TYPE interval=80>そゆーの..　さゆも....<BR><FONT face=""ＭＳ ゴシック"" size=26><TYPE style=Jump interval=60 speed=100>ぐぁあ～","<TYPE interval=80>那种感觉..　沙友也....<BR><FONT face=""ＭＳ ゴシック"" size=26><TYPE style=Jump interval=60 speed=100>轰啊〜"
1-13-9.txt,172,沙友セリフ◇びくり,"<TYPE interval=40><FONT size=18 face=""MS ゴシック"" >びくりしたぁ","<TYPE interval=40><FONT size=18 face=""MS ゴシック"" >吓我一跳"
1-13-9.txt,179,津名川セリフ◇な,<TYPE interval=0>なっ,<TYPE interval=0>什么
1-13-9.txt,185,津名川セリフ◇なっ,<TYPE interval=30>なんだ！？..<BR>凄い音がしたな,<TYPE interval=30>什么！？..<BR>刚才好大一声响
1-13-9.txt,189,沙友セリフ◇び,"<FONT face=""MS ゴシック"" size=18>び","<FONT face=""MS ゴシック"" size=18>呀"
1-13-9.txt,210,透花セリフ◇この,<TYPE interval=90>このダンパーの..<BR>きしみ音の数</TYPE><TYPE interval=70>･･････</TYPE>,<TYPE interval=90>这个减震器的..<BR>异响次数</TYPE><TYPE interval=70>･･････</TYPE>
1-13-9.txt,214,透花セリフ◇･･････,<FONT size=15><TYPE interval=60>･･････,<FONT size=15><TYPE interval=60>･･････
1-13-9.txt,238,透花セリフ◇なにか,<TYPE interval=55>なにか..<BR><TYPE interval=80>とんでもない重さの<BR>精密機械です,<TYPE interval=55>有什么..<BR><TYPE interval=80>重得离谱的<BR>精密机械
1-13-9.txt,242,透花セリフ◇それが,<TYPE interval=75>それが動いてる,<TYPE interval=75>它在动
1-13-9.txt,246,津名川セリフ◇何,<TYPE interval=30>なんだって？,<TYPE interval=30>你说什么？
1-13-9.txt,262,津名川セリフ◇出る,<TYPE interval=30>すぐに<BR>ここを出るよ,<TYPE interval=30>马上<BR>离开这里
1-13-9.txt,275,アナウンスセリフ◇ただいま,"<TYPE interval=55><FONT face=""MS ゴシック"">ただいま１階.<BR>ロビー付近において.<BR>火災事故が発生しました","<TYPE interval=55><FONT face=""MS ゴシック"">现在1层.<BR>大厅附近.<BR>发生了火灾事故"
1-13-9.txt,281,アナウンスセリフ◇社内の人間,"<TYPE interval=55><FONT face=""MS ゴシック"">所内の職員は近くの..<BR>避難口から避難してください","<TYPE interval=55><FONT face=""MS ゴシック"">所内职员请从最近的..<BR>安全出口进行疏散"
1-13-9.txt,284,アナウンスセリフ◇くりかえし,"<TYPE interval=55><FONT face=""MS ゴシック"">繰り返します</TYPE><TYPE interval=50>･･････","<TYPE interval=55><FONT face=""MS ゴシック"">重复一次</TYPE><TYPE interval=50>･･････"
1-13-9.txt,294,透花セリフ◇ごしゅじんさま,<TYPE interval=10><FONT size=15>ごしゅじ･･････,<TYPE interval=10><FONT size=15>主人･･････
1-13-9.txt,312,津名川セリフ◇お近く,<TYPE interval=40><FONT size=15>「お近くの避難口」は..<BR>ロビーを通るんですがね</TYPE><TYPE interval=30>･･･,<TYPE interval=40><FONT size=15>“最近的安全出口”..<BR>得穿过大厅才行啊</TYPE><TYPE interval=30>･･････
1-13-9.txt,315,津名川セリフ◇地下,<TYPE interval=20>地下駐車場まで.<BR>回るしかないか,<TYPE interval=20>看来只能.<BR>绕道地下停车场了
1-13-9.txt,319,津名川セリフ◇よし,<TYPE interval=40><FONT size=15>よし<TYPE interval=30>･･････</TYPE>,<TYPE interval=40><FONT size=15>好<TYPE interval=30>･･････</TYPE>
1-13-9.txt,323,透花セリフ◇あ,<FONT size=18>あ,<FONT size=18>啊
1-14.txt,32,透花セリフ◇う,<FONT size=15><TYPE interval=50>･･････</TYPE>っう,<FONT size=15><TYPE interval=50>･･････</TYPE>唔
1-14.txt,45,エマセリフ◇とーか,<TYPE interval=20><FONT size=26>とーかっ！,<TYPE interval=20><FONT size=26>透花！
1-14.txt,51,エマセリフ◇この,<TYPE interval=50>この</TYPE><TYPE interval=20>･･････,<TYPE interval=50>这</TYPE><TYPE interval=20>･･････
1-14.txt,66,エマセリフ◇おおお,"<TYPE interval=120><FONT face=""MS ゴシック"" size=24>お...ぉ</FONT><FONT face=""MS ゴシック"" size=29>お","<TYPE interval=120><FONT face=""MS ゴシック"" size=24>啊...啊</FONT><FONT face=""MS ゴシック"" size=29>啊"
1-14.txt,129,津名川セリフ◇厄日,<TYPE interval=0>くっ<BR>.....<TYPE interval=20>厄日かって･･････！,<TYPE interval=0>唔<BR>.....<TYPE interval=20>今天是什么背运日子啊･･････！
1-14.txt,136,津名川セリフ◇おまえ達,<TYPE interval=35>おまえ達...　モードは<BR>切り替えてるなっ！？,<TYPE interval=35>你们...　<BR>已经切换好模式了吧！？
1-14.txt,142,三人セリフ◇はい,<TYPE interval=10><FONT size=16>はい！,<TYPE interval=10><FONT size=16>是！
1-14.txt,144,三人セリフ◇うん,<TYPE interval=10><FONT size=16>うん！,<TYPE interval=10><FONT size=16>嗯！
1-14.txt,146,三人セリフ◇とっくに,<TYPE interval=10><FONT size=16>とっくに･･････っ！,<TYPE interval=10><FONT size=16>早就･･････！
1-14.txt,158,津名川セリフ◇よく,<TYPE interval=20><FONT size=17>こうなったら<BR>やるしかない！,<TYPE interval=20><FONT size=17>事已至此<BR>只能拼了！
1-14.txt,162,津名川セリフ◇敵,<TYPE interval=35>こいつは敵だ！....<BR><FONT size=17><TYPE interval=20>倒す！,<TYPE interval=35>这家伙是敌人！....<BR><FONT size=17><TYPE interval=20>打倒它！
1-14.txt,166,津名川セリフ◇破壊,<FONT size=17><TYPE interval=20>破壊するんだ！,<FONT size=17><TYPE interval=20>破坏目标！
1-14.txt,183,透花セリフ◇いきます,<TYPE interval=30><FONT size=20 face='ＭＳ　ゴシック'>いきますっ！,<TYPE interval=30><FONT size=20 face='ＭＳ　ゴシック'>我们上！
1-14.txt,186,エマセリフ◇よおーし,<TYPE interval=20><FONT size=24 face='ＭＳ　ゴシック'><B>よおーし！,<TYPE interval=20><FONT size=24 face='ＭＳ　ゴシック'><B>好——！
1-15.txt,8,Ｂセリフ◇おーおー,<TYPE interval=74><FONT size=15>おーおー...<BR>ずいぶん派手に<BR>やってるな,<TYPE interval=74><FONT size=15>哦哦...<BR>搞得挺大啊<BR>这阵仗
1-15.txt,10,Ｂセリフ◇２３０,<FONT size=15><TYPE interval=65>２・３０人は死んでるな..<BR>こりゃ,<FONT size=15><TYPE interval=65>少说也死了两三十人啊..<BR>这下
1-15.txt,12,Ａセリフ◆時間,<TYPE interval=60><FONT size=15>時間...<BR>どれぐらいですか,<TYPE interval=60><FONT size=15>时间...<BR>大概要多久？
1-15.txt,14,Ｂセリフ◆なんの,<TYPE interval=65><FONT size=15>なんの？....<BR>爆発までか？,<TYPE interval=65><FONT size=15>什么？...<BR>离爆炸还有多久？
1-15.txt,16,Ａセリフ◆そう,<TYPE interval=65><FONT size=15>そうです..<BR>まさか一時間ってこた<BR>ないでしょう,<TYPE interval=65><FONT size=15>是的..<BR>总不可能还有<BR>一个小时吧
1-15.txt,46,Ｂセリフ◇モード,<TYPE interval=55><FONT size=15>１０分だ...<BR>モード・レッドだと..<BR>すぐ弾薬も尽きるからな,<TYPE interval=55><FONT size=15>10分钟...<BR>如果是红色模式的话..<BR>弹药很快就会耗尽
1-15.txt,50,Ａセリフ◇ですか,ですか,是吗
1-15.txt,54,Ｂセリフ◇お,お,哦
1-15.txt,58,Ｂセリフ◇おお,おお<TYPE interval=50>･･････？,哦哦<TYPE interval=50>･･････？
1-15.txt,63,Ａセリフ◇どう,<TYPE interval=55>どうしました？,<TYPE interval=55>怎么了？
1-15.txt,75,Ｂセリフ◇コレ,<TYPE interval=50>コレを見ろよ,<TYPE interval=50>看看这个
1-15.txt,79,Ａセリフ◇なんですか,<TYPE interval=60>･･･</TYPE><TYPE interval=65>なんですか？...<BR>この子供たちは,<TYPE interval=60>･･･</TYPE><TYPE interval=65>什么？...<BR>这些孩子是
1-15.txt,83,Ａセリフ◇まさか,<TYPE interval=50>･･････</TYPE>まさか,<TYPE interval=50>･･････</TYPE>难道
1-15.txt,87,Ａセリフ◇コイツ,<TYPE interval=55>戦ってるんですか？...<BR>コイツと</TYPE><TYPE interval=60>･･････,<TYPE interval=55>在战斗吗？...<BR>跟这家伙</TYPE><TYPE interval=60>･･････
1-15.txt,103,Ａセリフ◇うわ,<TYPE interval=0><FONT size=17>うわ！,<TYPE interval=0><FONT size=17>哇！
1-15.txt,108,Ａセリフ◇今,<TYPE interval=64>見ましたか...<BR>いまの,<TYPE interval=64>看到了吗...<BR>刚才那个
1-15.txt,112,Ｂセリフ◇信じ,<TYPE interval=60>信じられんな</TYPE><TYPE interval=70>･･････,<TYPE interval=60>真不敢相信</TYPE><TYPE interval=70>･･････
1-15.txt,116,Ｂセリフ◇機体,<TYPE interval=55>３ｔの機体だぞ<TYPE interval=60>･･････,<TYPE interval=55>那可是3T的机体啊<TYPE interval=60>･･････
1-16.txt,13,津名川セリフ◇･･････,<TYPE interval=60>･･････,<TYPE interval=60>･･････
1-16.txt,15,津名川セリフ◇や,<TYPE interval=110>やったか,<TYPE interval=110>做到了吗
1-16.txt,70,津名川セリフ◇よくやった,<TYPE interval=60>･･････</TYPE><TYPE interval=110>よくやった,<TYPE interval=60>･･････</TYPE><TYPE interval=110>干得好
1-16.txt,90,津名川セリフ◇ふう,<TYPE interval=50>･･････</TYPE>ふぅ,<TYPE interval=50>･･････</TYPE>呼
1-16.txt,94,津名川セリフ◇無事,<TYPE interval=90>無事だったか,<TYPE interval=90>平安无事啊
1-16.txt,98,津名川セリフ◇上代,<TYPE interval=90>上代も</TYPE><TYPE interval=50>･･･</TYPE>...<BR>うん,<TYPE interval=90>上代也</TYPE><TYPE interval=50>･･･</TYPE>...<BR>嗯
1-16.txt,102,津名川セリフ◇こっち,<TYPE interval=80>こっちもなんとか,<TYPE interval=80>这边也总算搞定了
1-16.txt,106,津名川セリフ◇ああ,ああ,啊
1-16.txt,123,津名川セリフ◇そう,そう,这样啊
1-16.txt,126,津名川セリフ◇それを今,<TYPE interval=90>それを今<BR>...破壊したんだが,<TYPE interval=90>那东西刚才<BR>...被破坏了
1-16.txt,133,津名川セリフ◇わか,<TYPE interval=50>･･････</TYPE>わかった,<TYPE interval=50>･･････</TYPE>知道了
1-16.txt,137,津名川セリフ◇じゃ,じゃ,那么
1-16.txt,154,津名川セリフ◇とんだ,<TYPE interval=90>とんだ実戦テストに<BR>なったな,<TYPE interval=90>成了场名副其实的<BR>实战测试啊
1-16.txt,160,津名川セリフ◇とも,<TYPE interval=90>ともあれ</TYPE><TYPE interval=50>･･･,<TYPE interval=90>总之</TYPE><TYPE interval=50>･･･
1-16.txt,164,津名川セリフ◇よくやった,<TYPE interval=70>本当に..よくやった,<TYPE interval=70>真的..干得好
1-16.txt,178,津名川セリフ◇かなり,<TYPE interval=75>ロビーでかなり<BR>被害が出たそうだ,<TYPE interval=75>听说大厅那边<BR>受损相当严重
1-16.txt,182,津名川セリフ◇僕が,<TYPE interval=65>僕が無事なのは...<BR>お前たちのおかげだよ,<TYPE interval=65>我能平安无事...<BR>多亏了你们啊
1-16.txt,192,津名川セリフ◇今,<TYPE interval=75>今から<BR>処理が来る,<TYPE interval=75>善后的人<BR>马上就到
1-16.txt,196,津名川セリフ◇服,"<TYPE interval=90>服を持っておいで<BR>,<TYPE interval=60>･･････</TYPE>帰ろう","<TYPE interval=90>去拿衣服吧<BR>,<TYPE interval=60>･･････</TYPE>我们回去吧"
1-16.txt,224,津名川セリフ◇モード,モード<TYPE interval=50>･･････,模式<TYPE interval=50>･･････
1-16.txt,231,津名川セリフ◇もう,もう戻して大丈夫だよ,已经可以解除了哦
1-16.txt,235,沙友セリフ◇うん,"<FONT size=15 face=""ＭＳ ゴシック\>う...<TYPE interval=60>･･････.ん","<FONT size=15 face=""ＭＳ ゴシック\>呜...<TYPE interval=60>･･････.嗯"
1-16.txt,245,沙友セリフ◇う,"<FONT size=18 face=""ＭＳ ゴシック\>う","<FONT size=18 face=""ＭＳ ゴシック\>呜"
1-16.txt,250,沙友セリフ◇うええ,"<TYPE interval=70 style=Fade><FONT size=18 face=""ＭＳ ゴシック\>..うぇえええ～～ん,","<TYPE interval=70 style=Fade><FONT size=18 face=""ＭＳ ゴシック\>..呜哇哇哇〜〜嗯,"
1-16.txt,260,沙友セリフ◇こわ,"<TYPE interval=50 style=Fade><FONT size=20 face=""ＭＳ ゴシック\>こわかたようぅぅ","<TYPE interval=50 style=Fade><FONT size=20 face=""ＭＳ ゴシック\>好可怕呀呜呜"
1-17.txt,24,品藤セリフ◇無言,...<TYPE interval=90>･･････,...<TYPE interval=90>･･････
1-17.txt,33,津名川セリフ◇やあ,やあ,哟
1-17.txt,37,津名川セリフ◇ケガ,<TYPE interval=50>･･････</TYPE><TYPE interval=75>...ケガは？,<TYPE interval=50>･･････</TYPE><TYPE interval=75>...受伤了吗？
1-17.txt,44,品藤セリフ◇ない,"<TYPE interval=65>ないわ,<BR><TYPE interval=73>ちょっと転んだだけ","<TYPE interval=65>没事,<BR><TYPE interval=73>只是稍微跌了一下"
1-17.txt,62,津名川セリフ◇･･････,<TYPE interval=60>･･････,<TYPE interval=60>･･････
1-17.txt,69,津名川セリフ◇酷い,<TYPE interval=85>ロビー.......<BR>酷い有様だったな,<TYPE interval=85>大厅.......<BR>真是惨不忍睹啊
1-17.txt,89,品藤セリフ◇あの子達,<TYPE interval=50>･･･</TYPE>あの子たちは？,<TYPE interval=50>･･･</TYPE>那些孩子呢？
1-17.txt,93,津名川セリフ◇大丈夫,<TYPE interval=110>大丈夫...<BR>むこうで着替えて,<TYPE interval=110>没事...<BR>她们在那边换衣服
1-17.txt,109,津名川セリフ◇驚き,"<FONT size=20 face=""MS ゴシック"">！","<FONT size=20 face=""MS ゴシック"">！"
1-17.txt,125,沙友セリフ◇ばくはつ,"<TYPE interval=20><FONT size=18 face=""MS ゴシック"">ばくはつしたあ！","<TYPE interval=20><FONT size=18 face=""MS ゴシック"">爆炸了——！"
1-17.txt,132,エマセリフ◇爆弾,<TYPE interval=60>･･･</TYPE><TYPE interval=75>..爆弾...<BR>かかえてたんだ,<TYPE interval=60>･･･</TYPE><TYPE interval=75>..炸弹...<BR>她怀里抱着炸弹
1-17.txt,162,津名川セリフ◇燃え,"<TYPE interval=60>･･･</TYPE>..<TYPE interval=80>燃えてるな,.</TYPE><BR>研究所..<TYPE interval=60>･･････","<TYPE interval=60>･･･</TYPE>..<TYPE interval=80>烧起来了,.</TYPE><BR>研究所..<TYPE interval=60>･･････"
1-17.txt,166,品藤セリフ◇燃,燃えてるわね,烧起来了呢
1-17.txt,178,津名川セリフ◇明日,明日からどうするんだ？,明天以后打算怎么办？
1-17.txt,184,品藤セリフ◇知らない,知らないわよ,我哪知道啊
2-00.txt,13,スパッドセリフ◇どうだ,どうだ,怎么样？
2-00.txt,20,部下セリフ◇問題,"問題ありません,<BR>このまま落ち着くでしょう","没有问题,<BR>照这样下去就能稳定下来。"
2-00.txt,24,スパッドセリフ◇よし,よし<TYPE interval=30>･･････,好<TYPE interval=30>･･････
2-00.txt,28,スパッドセリフ◇いい仕事,"いい仕事だったな,<BR>やっとココまで来た","干得不错,<BR>终于走到这一步了。"
2-00.txt,45,スパッドセリフ◇それから,<TYPE interval=30>･･････</TYPE>それから例のビデオ....<BR>解析を急がせろ,<TYPE interval=30>･･････</TYPE>还有那段录像....<BR>加快解析。
2-00.txt,49,スパッドセリフ◇おそらく,おそらくEX云々とかいう<BR>計画の産物だ,恐怕就是那个<BR>所谓的EX计划的产物。
2-00.txt,60,スパッドセリフ◇あの力,あの力...<BR>使えるなら面白い,那股力量･･････<BR>若能加以利用，倒是有趣。
2-00.txt,64,スパッドセリフ◇使えぬ,<TYPE interval=30>･･････</TYPE><TYPE interval=80>使えぬなら<BR>折らねばならん,"<TYPE interval=30>･･････</TYPE><TYPE interval=80>若不能为我所用,<BR>便只能将其摧毁。"
2-00.txt,74,スパッドセリフ◇エイプリル,エイプリルにも<BR>連絡しておけ,也去联系一下<BR>艾普丽尔。
2-00.txt,78,スパッドセリフ◇48時間,48時間以内に<BR>報告しろ,限48小时内<BR>向我汇报。
2-00.txt,82,部下セリフ◇は,<TYPE interval=30>はっ,<TYPE interval=30>是！
2-00.txt,118,スパッドセリフ◇グラハム,"グラハムめ,　とぼけた<BR>フリもここまでだな","格拉汉姆这家伙,<BR>装傻充愣也就到此为止了。"
2-00.txt,122,スパッドセリフ◇叩けば,<TYPE interval=30>･･････</TYPE>叩けば<BR>面白いものが出るものだ,"<TYPE interval=30>･･････</TYPE>稍微敲打敲打,<BR>总能逼出些有趣的东西。"
2-01.txt,5,津名川セリフ◇あの,"あの事故から３日,<BR>徐々にいろんなことが分かってきた","事故发生至今已过去三天,<BR>各种情况也逐渐露出水面。"
2-01.txt,7,津名川セリフ◇例の,例のロボットはロビーに<BR>居合わせた所員２４名を殺害,"那台机器人在大厅内,<BR>杀害了当时在场的24名工作人员。"
2-01.txt,9,津名川セリフ◇戦闘,戦闘後の自爆....　それに伴う火災によって...<BR>研究所セクタはほぼ全壊した,战斗后的自爆･･････以及随之引发的火灾･･････<BR>导致研究所区域几乎被完全摧毁。
2-01.txt,11,津名川セリフ◇そして,そして昨日....　その残骸から<BR>ロボットの正体がほぼ判明,"而在昨天･･････从残骸中,<BR>基本查明了那台机器人的真实身份。"
2-01.txt,13,津名川セリフ◇ARIJ55X,ARIJ55X,ARIJ55X
2-01.txt,15,津名川セリフ◇ＥＵ軍,ＥＵ軍に最新配備の<BR>局所戦闘用ロボット,EU军最新配备的<BR>局部战斗用机器人。
2-01.txt,17,津名川セリフ◇ＥＵの,ＥＵの回答は当然...<BR>「我々ではない」,EU方面的回应也在意料之中･･････<BR>“并非我方所为。”
2-01.txt,65,津名川セリフ◇内容の,事態の異常性および　研究所の特殊性から...<BR>公での発表は「原因不明の火事」,基于事态的异常以及研究所的特殊性质･･････<BR>对外的官方通报仅为“原因不明的火灾”。
2-01.txt,67,津名川セリフ◇研究所が,研究所がなくなってしまったおかげで<BR>テストはとりあえず中断,"研究所彻底消失,<BR>测试工作也只能暂时放置不管。"
2-01.txt,69,津名川セリフ◇機材,機材　環境がそろうまでに<BR>３０日はかかるということだ,"据说要重新备齐设备和环境,<BR>至少需要三十天的时间。"
2-01.txt,108,津名川セリフ◇しかし,<TYPE interval=0>しかし..この事件で一番重要なのは･･････,<TYPE interval=0>然而･･････这起事件中最关键的在于･･････
2-01.txt,128,津名川セリフ◇エクス,<TYPE interval=0>『エクストラが実戦で使える』..と<BR>　証明してしまったことだ,<TYPE interval=0>那就是证明了“Extra能够投入实战”･･････<BR>　这一事实。
2-02.txt,53,津名川セリフ◇ふぅ,ふぅ～,呼〜
2-02.txt,57,津名川セリフ◇この,この昼夜逆転は<BR>どうにかしないとな<TYPE interval=40>･･････,这昼夜颠倒的作息<BR>得想办法改改才行啊<TYPE interval=40>･･････
2-02.txt,62,津名川セリフ◇あ,あ,啊
2-02.txt,66,津名川セリフ◇あの子達,<TYPE interval=80>あの子達を起こして<BR>から寝るかぁ,<TYPE interval=80>先把那群孩子叫醒<BR>再睡吧
2-02.txt,70,津名川セリフ◇あくび,<TYPE interval=110 style=Fade>ふぁあああ,<TYPE interval=110 style=Fade>哈啊啊啊
2-02.txt,88,選択肢◇沙友,<TYPE interval=0><FONT color=red>沙友の部屋へ,<TYPE interval=0><FONT color=red>去沙友的房间
2-02.txt,89,選択肢◇エマ,<TYPE interval=0><FONT color=red>エマの部屋へ,<TYPE interval=0><FONT color=red>去艾玛的房间
2-02.txt,90,選択肢◇透花,<TYPE interval=0><FONT color=red>透花の部屋へ,<TYPE interval=0><FONT color=red>去透花的房间
2-02.txt,146,津名川セリフ◇･･････ん,<TYPE interval=30>･･････</TYPE>ん...<BR><TYPE interval=30>･･････</TYPE>まだ寝てるな,<TYPE interval=30>･･････</TYPE>嗯･･････<BR><TYPE interval=30>･･････</TYPE>还在睡啊
2-02.txt,167,津名川セリフ◇相変,相変わらず爆弾が<BR>落ちたみたいな部屋だ,房间还是像被炸弹<BR>轰过一样乱
2-02.txt,180,津名川セリフ◇なんと,なんとまあ<TYPE interval=30>･･････</TYPE><BR>幸せそうな顔で<TYPE interval=30>･･････</TYPE>,真是的<TYPE interval=30>･･････</TYPE><BR>睡得一脸幸福<TYPE interval=30>･･････</TYPE>
2-02.txt,188,津名川セリフ◇もう少し,<TYPE interval=30>･･････</TYPE>もう少し<BR>寝かせておくか,<TYPE interval=30>･･････</TYPE>就让她<BR>再多睡会儿吧
2-02.txt,196,沙友セリフ◇はぁ,<TYPE style=Fade>はぁ<TYPE interval=30>･･････</TYPE>...<BR>ん<TYPE interval=30>･･････</TYPE></TYPE>,<TYPE style=Fade>唉<TYPE interval=30>･･････</TYPE>･･････<BR>嗯<TYPE interval=30>･･････</TYPE></TYPE>
2-02.txt,200,沙友セリフ◇すー,<TYPE style=Fade speed=800>すー,<TYPE style=Fade speed=800>呼—
2-02.txt,221,津名川セリフ◇ふう,ふう<TYPE interval=40>･･････</TYPE>,呼<TYPE interval=40>･･････</TYPE>
2-02.txt,260,津名川セリフ◇エマ,<TYPE interval=30>･･････</TYPE>エマ...<BR>朝だぞ,<TYPE interval=30>･･････</TYPE>艾玛･･････<BR>天亮了
2-02.txt,282,エマセリフ◇ん,<TYPE style=Fade>ん<TYPE interval=30>･･････</TYPE>ん...<BR>そーじさん<TYPE interval=30>･･････</TYPE></TYPE>,<TYPE style=Fade>唔<TYPE interval=30>･･････</TYPE>嗯...<BR>宗慈先生<TYPE interval=30>･･････</TYPE></TYPE>
2-02.txt,294,津名川セリフ◇ん？,ん？,嗯？
2-02.txt,298,エマセリフ◇気持ち,<TYPE style=Fade><TYPE interval=100>気持ちいい</TYPE><TYPE interval=60>･･････</TYPE></TYPE>,<TYPE style=Fade><TYPE interval=100>好舒服</TYPE><TYPE interval=60>･･････</TYPE></TYPE>
2-02.txt,304,津名川セリフ◇寝ぼけ,<TYPE interval=30>･･････</TYPE>寝ぼけてないで,<TYPE interval=30>･･････</TYPE>别迷迷糊糊的了
2-02.txt,308,津名川セリフ◇こっち,こっちだって<BR>眠いんだからな,我也<BR>困得很啊
2-02.txt,313,エマセリフ◇にゃん,<TYPE style=Fade speed=850>にゃん,<TYPE style=Fade speed=850>喵
2-02.txt,317,エマセリフ◇じゃあ,<TYPE interval=100>じゃあいっしょに<BR>寝ようよう</TYPE><TYPE interval=60>･･････</TYPE>,<TYPE interval=100>那我们一起<BR>睡吧睡吧</TYPE><TYPE interval=60>･･････</TYPE>
2-02.txt,333,津名川セリフ◇ふーむ,"<TYPE interval=30>･･････</TYPE>ふーむ,<BR>まあ　どこで寝ても変わらない<BR>といえば変わらないが","<TYPE interval=30>･･････</TYPE>嗯,<BR>嘛 在哪睡都一样<BR>倒也没错"
2-02.txt,337,津名川セリフ◇お前は,お前は起きるんだぞ,你得给我起来
2-02.txt,348,エマセリフ◇ほら,<TYPE interval=100>ほらほら..そうじさん...<BR>おいで</TYPE><TYPE interval=60>･･････</TYPE>....にゃ,<TYPE interval=100>好啦好啦･･････大叔･･････<BR>过来</TYPE><TYPE interval=60>･･････</TYPE>･･････喵
2-02.txt,350,津名川セリフ◇まったく,まったく<TYPE interval=30>･･････,真是的<TYPE interval=30>･･････
2-02.txt,352,津名川セリフ◇しかし,しかし...<BR>あったかいな<TYPE interval=30>･･････,不过･･････<BR>真暖和啊<TYPE interval=30>･･････
2-02.txt,397,津名川セリフ◇まだ,まだ寝てるかな,还在睡吗
2-02.txt,411,シャムロックセリフ◇チュッ,チュッ,啾
2-02.txt,420,津名川セリフ◇エクス,エクストラ･ハツカネズミの<BR>“シャムロック”が鳥かごにいる,Extra小鼠<BR>“夏姆洛克”待在鸟笼里
2-02.txt,424,津名川セリフ◇発達,発達した知能と<BR>異常な長寿を誇るこのネズミは...<BR>エクストラ・プログラム初期<BR>段階での研究成果だ,拥有高度智力与<BR>异常长寿的这只老鼠･･････<BR>是Extra计划初期<BR>阶段的研究成果
2-02.txt,442,津名川セリフ◇と,とう<TYPE interval=30>･･････,当<TYPE interval=30>･･････
2-02.txt,446,透花セリフ◇ご主人,ご主人様？,主人？
2-02.txt,461,津名川セリフ◇あいや,あ..　いや,啊･･････没、没什么。
2-02.txt,467,津名川セリフ◇いや,"<TYPE interval=30>･･････</TYPE>起こそうかと思って,<BR>ほら..　朝だから","<TYPE interval=30>･･････</TYPE>我想着该叫你起床了,<BR>那个･･････毕竟是早上了嘛"
2-02.txt,471,津名川セリフ◇沈黙,<TYPE interval=90>･･････,<TYPE interval=90>･･････
2-02.txt,484,透花セリフ◇おはよ,<TYPE interval=30>･･････</TYPE><BR>おはようございます,<TYPE interval=30>･･････</TYPE><BR>早上好
2-02.txt,488,津名川セリフ◇あ,あ..　おはよう,啊･･････早
2-02.txt,493,透花セリフ◇えへへ,えへへ<TYPE interval=30>･･････,嘿嘿<TYPE interval=30>･･････
2-02.txt,498,津名川セリフ◇ん？,ん？...<BR>はは<TYPE interval=30>･･････,嗯？･･････<BR>哈哈<TYPE interval=30>･･････
2-02.txt,507,津名川セリフ◇じゃあ,"じゃあ.　僕は寝るから,<BR>あとの２人.　頼むよ","那我再睡会儿,<BR>剩下那两人就拜托你们了"
2-02.txt,511,透花セリフ◇はい,はいっ,好的！
2-02.txt,532,津名川セリフ◇なんだか,なんだか調子<BR>狂うんだよなあ<TYPE interval=30>･･････,总觉得节奏<BR>有点乱啊<TYPE interval=30>･･････
2-03.txt,23,グラハムセリフ◇そうだな,"<TYPE interval=30>･･････</TYPE>そうだな...<BR>特に問題はない,.<BR>このまま進めてくれ","<TYPE interval=30>･･････</TYPE>是啊･･････<BR>没什么特别的问题,<BR>就照这样继续推进吧"
2-03.txt,27,グラハムセリフ◇この事件,"この事件<TYPE interval=40>･･････</TYPE>,<BR>図らずも実戦テストに<BR>なってしまったが<TYPE interval=40>･･････","这次事件<TYPE interval=40>･･････</TYPE>,<BR>阴差阳错地成了实战测试,<BR>不过<TYPE interval=40>･･････"
2-03.txt,31,グラハムセリフ◇どう思う,"どう思う？,.<BR>もとより.性能の<BR>問題ではないが",你怎么看？<BR>本来就不是性能上的<BR>问题
2-03.txt,47,品藤セリフ◇素晴らしい,素晴らしい成果<BR>だと思います,我认为<BR>是极为出色的成果
2-03.txt,56,品藤セリフ◇しかし,もう少しささやかですと<BR>なおよかったのですが,要是能再低调一点<BR>就更好了呢
2-03.txt,60,品藤セリフ◇私には,情報部としては<BR>やっかいな仕事が増えました,但对情报部来说<BR>却增加了不少麻烦事
2-03.txt,64,グラハムセリフ◇そうだな,"そうだな,<BR>少々目立ちすぎた","是啊,<BR>确实有些太高调了"
2-03.txt,72,グラハムセリフ◇軍の,<TYPE interval=30>･･････</TYPE>軍の連中は何とか<BR>はぐらかせたが,<TYPE interval=30>･･････</TYPE>军方的那帮人总算<BR>被我们敷衍过去了
2-03.txt,76,グラハムセリフ◇一番,一番反応しているのは<BR>エレンだ,但反应最大的<BR>是艾伦
2-03.txt,80,グラハムセリフ◇早く,早く実戦テストをさせろと<BR>せっついてきている,正催着<BR>快点进行实战测试呢
2-03.txt,91,品藤セリフ◇させる,させるんですか？,要让她测吗？
2-03.txt,107,グラハムセリフ◇相手が,相手がいないよ,没有对手啊
2-03.txt,111,グラハムセリフ◇まさか,まさか軍の連中に<BR>頼んだりできないしな,总不可能去求<BR>军方的那帮人
2-03.txt,115,グラハムセリフ◇それこそ,<TYPE interval=90>それこそ問題だ,<TYPE interval=90>那才是问题所在
2-03.txt,127,グラハムセリフ◇津名川の,ツナのエクストラと<BR>やらせるというのも<BR>ないではないが<TYPE interval=40>･･････,"让津名川的Extra<BR>当对手也不是不行,<BR>但<TYPE interval=40>･･････"
2-03.txt,131,グラハムセリフ◇それでは,それではあまりに<BR>ハンデがある,那样实力差距<BR>实在太悬殊了
2-03.txt,135,品藤セリフ◇そうですね,そう<TYPE interval=70>･･････</TYPE>...ですね,这样<TYPE interval=70>･･････</TYPE>･･････是啊
2-03.txt,146,グラハムセリフ◇ＥＵとの,<TYPE interval=30>･･････</TYPE>ＥＵとの<BR>交渉も暗礁だ,<TYPE interval=30>･･････</TYPE>与欧盟的<BR>谈判也陷入了死局
2-03.txt,150,グラハムセリフ◇そのうち,そのうち.<BR>イギリス支部とスイス支部を<BR>回らねばならん,过阵子<BR>还得去一趟<BR>英国支部和瑞士支部
2-03.txt,160,グラハムセリフ◇日本でいう,日本でいう..<BR>フリダシニモドル<BR>...ってアレだな,用日本的话来说･･････<BR>就是回到原点<BR>･･････就是这么回事吧
2-03.txt,164,グラハムセリフ◇実際,実際..　彼らではない<BR>ようなんだが,实际上･･････ 似乎<BR>并不是他们干的
2-03.txt,168,品藤セリフ◇そう,そう仰られるなら...<BR>そうでしょう,既然您这么说･･････<BR>那应该是吧
2-03.txt,184,グラハムセリフ◇ふむ,"ふむ...<TYPE interval=30>･･････</TYPE>そうだ,<BR>それで<TYPE interval=60>･･････","嗯･･････<TYPE interval=30>･･････</TYPE>对了,<BR>那个<TYPE interval=60>･･････"
2-03.txt,188,品藤セリフ◇はい,はい,在。
2-03.txt,209,グラハムセリフ◇ツナ,ツナの方のエクストラは<BR>どうなっている,津名那边的Extra<BR>怎么样了
2-03.txt,218,品藤セリフ◇事件,事件以来..　新宿の方で<BR>待機させています,事件发生后･･････ 就让她们<BR>在新宿待命了
2-03.txt,222,品藤セリフ◇それ,それ以外にしようが<BR>ありません,除此之外<BR>也没有别的办法
2-03.txt,233,品藤セリフ◇幸い,幸い..彼女達は自然に<BR>成長しているようですから,幸好･･････ 她们似乎<BR>正在自然地成长
2-03.txt,237,品藤セリフ◇プロ,プロジェクトに大きな<BR>支障はないかと,应该不会对项目<BR>造成太大阻碍吧
2-03.txt,247,品藤セリフ◇データ,データの方は提出済みですが...<BR>ずっと順調に伸びています,数据已经提交了･･････<BR>各项指标一直在稳步提升
2-03.txt,251,品藤セリフ◇このまま,このままいけば..<BR>おおよそ一年後には高宮研の<BR>エクストラに並びそうです,"照这样下去･･････<BR>大约一年后,<BR>就能与高宫研的Extra并驾齐驱了。"
2-03.txt,255,品藤セリフ◇もっとも,もっとも..　高宮研とは<BR>アプローチが異なるようで...<BR>一概には比較できませんが,不过･･････<BR>我们与高宫研的研究路线似乎有所不同･･････<BR>不能简单地相提并论。
2-03.txt,267,グラハムセリフ◇そうか,そうか,这样啊。
2-03.txt,271,グラハムセリフ◇日本に,<TYPE interval=80>日本にいるうちに一度</TYPE><TYPE interval=40>･･････</TYPE>....<BR><TYPE interval=80>会ってみたいと思うのだが...<BR>いいかな,<TYPE interval=80>趁还在日本，我想去见她们一面</TYPE><TYPE interval=40>･･････</TYPE>･･････<BR><TYPE interval=80>你看･･････<BR>可以吗？
2-03.txt,275,品藤セリフ◇あの子達,<TYPE interval=30>･･････</TYPE>あの子達に<BR>ですか？,<TYPE interval=30>･･････</TYPE>去见那些孩子<BR>吗？
2-03.txt,297,グラハムセリフ◇わがまま,"そう,<BR>わがままかね？","是啊,<BR>是我太任性了吗？"
2-03.txt,301,品藤セリフ◇いえ,"いえ<TYPE interval=30>･･････</TYPE>,<BR>問題ありませんが","不会，<TYPE interval=30>･･････</TYPE>,<BR>没问题，只是･･････"
2-03.txt,305,品藤セリフ◇いつ頃,いつ頃に<BR>なさいますか？,您打算<BR>什么时候去？
2-03.txt,310,グラハムセリフ◇いつもどおり,いつもどおり<BR>任せるよ,"老样子,<BR>交给你了。"
2-03.txt,314,品藤セリフ◇はい,では.<BR>手配します,"是,<BR>我这就去安排。"
2-03.txt,327,グラハムセリフ◇品藤,品藤,品藤
2-03.txt,331,品藤セリフ◇はい,はい,在。
2-03.txt,340,グラハムセリフ◇今度,"<TYPE interval=30>･･････</TYPE>今度の一件,<BR>一体誰が得をするのかな？","<TYPE interval=30>･･････</TYPE>这次的事件,<BR>究竟谁会从中获利呢？"
2-03.txt,344,品藤セリフ◇大抵,大抵　どんなことがあっても...<BR>得をする人は得をします,一般来说，无论发生什么･･････<BR>能获利的人总能获利。
2-03.txt,348,品藤セリフ◇構造の,構造の問題でしょう,这是结构性的问题吧。
2-03.txt,352,品藤セリフ◇目先の,目先の理屈を並べても<BR>意味のないことだと<BR>思いますが,我觉得<BR>光分析眼前的利害得失<BR>也毫无意义。
2-03.txt,366,品藤セリフ◇世の中,世の中は推理小説より<BR>複雑ですから,毕竟现实<BR>比推理小说复杂得多。
2-03.txt,370,品藤セリフ◇一番,一番得をするのが犯人<BR>とは限りませんよ,获利最大的<BR>未必就是犯人哦。
2-03.txt,378,グラハムセリフ◇君は,<TYPE interval=100>君は頭がいい,<TYPE interval=100>你很聪明
2-03.txt,382,品藤セリフ◇ですから,<TYPE interval=90>ですからここに,<TYPE interval=90>所以我才把你留在这里
2-04.txt,16,エレンセリフ◇黙考,<TYPE interval=70>････････････,<TYPE interval=70>･･････
2-04.txt,47,エレンセリフ◇篤子,<TYPE interval=30>･･･</TYPE>篤子？,<TYPE interval=30>･･････</TYPE>笃子？
2-04.txt,53,エレンセリフ◇知佳と知登,<TYPE interval=30>･･････</TYPE>そう....<BR>知佳と知登,<TYPE interval=30>･･････</TYPE>是啊･･････<BR>知佳和知登
2-04.txt,57,エレンセリフ◇調整,調整かけておいて<BR>くれるかしら,能麻烦你提前<BR>做好调整吗
2-04.txt,61,エレンセリフ◇いつでも,<TYPE interval=80>いつでも<BR>戦えるように,<TYPE interval=80>以便随时<BR>投入战斗
2-04.txt,89,エレンセリフ◇そう,"そう<TYPE interval=30>･･･</TYPE>,,,<BR><TYPE interval=40>実戦でね",对<TYPE interval=30>･･････</TYPE>･･････<BR><TYPE interval=40>在实战中
2-05.txt,17,津名川セリフ◆春眠,春眠暁を覚えず...<BR>だな<TYPE interval=40>･･････,春眠不觉晓･･････<BR>是啊<TYPE interval=40>･･････
2-05.txt,22,津名川セリフ◇おはよう,おはよう<TYPE interval=40>･･････,早上好<TYPE interval=40>･･････
2-05.txt,24,沙友セリフ◇おはよ～,おはよ～ございます..<BR>せんせい！,早上好〜･･････<BR>老师！
2-05.txt,26,沙友セリフ◇もう,もう　おひるですよ～....<BR>おねぼうさんですぅ～,都已经到中午了哦〜･･････<BR>真是个小懒虫呢〜
2-05.txt,51,津名川セリフ◇沙友には,はは..　沙友には<BR>かなわないな,哈哈･･････ 真拿沙友<BR>没辙啊
2-05.txt,53,エマセリフ◇あ,あ.　おはよ～っ..<BR>そーじさん,啊，早〜･･････<BR>宗慈先生
2-05.txt,55,透花セリフ◇おはよう,おはようございますっ,早上好！
2-05.txt,93,透花セリフ◇朝ご飯,ご主人様...<BR><TYPE interval=90>朝ご飯....できてます</TYPE><BR>...<TYPE interval=50>･･････</TYPE>けど,主人･･････<BR><TYPE interval=90>早饭･･････做好了</TYPE><BR>･･････<TYPE interval=50>･･････</TYPE>但是
2-05.txt,99,津名川セリフ◇ああ,ああ,啊
2-05.txt,107,選択肢◇うん,<FONT color=red><TYPE interval=0>うん　食べるよ<BR>ありがとう</FONT>,<FONT color=red><TYPE interval=0>嗯 我吃<BR>谢谢</FONT>
2-05.txt,108,選択肢◇目玉焼き,<FONT color=red><TYPE interval=0>お　目玉焼き定食だ<BR>おいしそうだね</FONT>,<FONT color=red><TYPE interval=0>哦 是煎蛋套餐啊<BR>看起来很好吃</FONT>
2-05.txt,133,Mono1/Balloon,"あの夜が明けてから誰も<TYPE interval=30>･･････</TYPE>,<BR>エマでさえ..あの事件のことに<BR>触れようとしない","那个夜晚过去之后，谁也没有<TYPE interval=30>･･････</TYPE>,<BR>就连艾玛･･････对那件事<BR>也绝口不提"
2-05.txt,139,Mono2/Balloon,"気をつかってるのか,<BR>何に　....なんの為に","是在顾虑什么吗,<BR>到底･･････是为了什么"
2-05.txt,145,Mono3/Balloon,分からない,搞不明白
2-05.txt,151,Mono4/Balloon,“実戦”,“实战”
2-05.txt,157,Mono5/Balloon,何度シミュレーターで<BR>テストしても...<BR>本物の戦闘なんて<BR>どこか遠いものだった,无论用模拟器<BR>测试多少次･･････<BR>真正的战斗<BR>总觉得遥不可及
2-05.txt,163,Mono6/Balloon,それが今..　いったん<BR>経験してしまえば,可如今･･････ 一旦<BR>亲身经历过之后
2-05.txt,168,津名川セリフ◇逆に,逆にこの平穏な生活のほうが..<BR>どこか空々しく感じられたり<BR>してはいないだろうか,反而会觉得这平静的日常･･････<BR>显得有些虚假<BR>不是吗
2-05.txt,172,津名川セリフ◇いや,いや<TYPE interval=40>･･････,不<TYPE interval=40>･･････
2-05.txt,176,津名川セリフ◇きっと,きっとショックが<BR>大きかっただけだ,肯定只是受到的冲击<BR>太大了而已
2-05.txt,180,津名川セリフ◇そうだ,そうだ....　あまりにも<BR>突然すぎたのだ,没错･･････ 一切都<BR>太突然了
2-05.txt,201,エマセリフ◇じー,じーっ<TYPE interval=40>･･････,盯——<TYPE interval=40>･･････
2-05.txt,203,津名川セリフ◇ん？,ん？....<BR>どうした？,嗯？･･････<BR>怎么了？
2-05.txt,205,エマセリフ◇ご飯,ご飯...<BR>食べてみたいなぁ,饭･･････<BR>好想尝尝看啊
2-05.txt,235,津名川セリフ◇うーん,うーん<TYPE interval=60>･･････</TYPE>...<BR>何度も言ってるが,唔——<TYPE interval=60>･･････</TYPE>･･････<BR>我都说过好几次了
2-05.txt,239,津名川セリフ◇おまえ,おまえ達は中身が<BR>全然強くないんだ,你们的身体内部<BR>还完全不够强韧啊
2-05.txt,243,津名川セリフ◇こういう,こういうものは<BR>まだ食べられないよ,这种东西<BR>现在还不能吃哦
2-05.txt,257,エマセリフ◇やって,やってみないと..<BR>わかんないかも<BR>しれないじゃない？,不试试的话･･････<BR>怎么知道<BR>行不行呢？
2-05.txt,261,津名川セリフ◇エマ,エマ<TYPE interval=40>･･････</TYPE>　...そのうち<BR>食べられるようになるから,艾玛<TYPE interval=40>･･････</TYPE>　･･････以后<BR>总能吃上的
2-05.txt,265,津名川セリフ◇今は,今はゼリーとジュースで<BR>我慢しておくんだ,现在先靠果冻和果汁<BR>忍一忍吧
2-05.txt,276,津名川セリフ１◇お前達の体,お前達の体は<BR>効率が良すぎるから,你们的身体<BR>效率太高了
2-05.txt,280,津名川セリフ１◇こんな,こんなハイカロリーな<BR>ものを食べたら<BR>どうなるか分からないし,要是吃下这种高热量的<BR>东西<BR>不知道会出什么状况呢
2-05.txt,284,津名川セリフ２◇細菌類,細菌類に対してのテストも<BR>全然終わってないだろ,针对细菌的测试也<BR>根本还没做完吧
2-05.txt,288,津名川セリフ３◇そうでなくても,そうでなくても..<BR>ただでさえ不安定なんだから...<BR>勘弁してくれ,退一步说･･････<BR>本来就已经够不稳定了･･････<BR>就放过我吧
2-05.txt,300,エマセリフ◇ぶうう,<FONT size=20>ぶうぅ</FONT>,<FONT size=20>唔唔</FONT>
2-05.txt,308,沙友セリフ◇ど～して,ど～して<BR>あたしたちのからだ...<BR>ふあんていですか？,为〜什么<BR>我们的身体･･････<BR>这么不稳定呢？
2-05.txt,323,津名川セリフ◇難しい,<TYPE interval=30>･･････</TYPE>難しい話に<BR>なるけど<TYPE interval=40>･･････,<TYPE interval=30>･･････</TYPE>接下来要说的<BR>可能会有些深奥<TYPE interval=40>･･････
2-05.txt,333,津名川セリフ◇生体として,生体としての安定性と..<BR>能力の解放度は反比例<BR>するものなんだよ,生物体的稳定性･･････<BR>与能力解放度<BR>是成反比的
2-05.txt,337,津名川セリフ◇エンジン,エンジンのリミッターを<BR>想像すれば分かりやすい<BR>かもしれない,想象一下<BR>发动机的限速器<BR>或许会比较好理解
2-05.txt,341,津名川セリフ◇何処までも,どこまでも回転数を<BR>上げられるエンジンは..<BR>パワーは出るけど<BR>すぐブローする,转速<BR>能无限提升的发动机･･････<BR>虽然马力强劲<BR>但很快就会爆缸
2-05.txt,352,津名川セリフ◇お前達の,お前達の体は<BR>特別製だが,你们的身体<BR>虽是特制
2-05.txt,356,津名川セリフ◇それでも,<TYPE interval=80>それでも.　基本的に生命構造の<BR>ルールを無視することは<BR>出来ないんだ,<TYPE interval=80>即便如此，基本上也无法无视<BR>生命结构的<BR>法则
2-05.txt,366,津名川セリフ◇本来,本来.　生き物というのは.<BR>「自らの能力を抑制する」ことで<BR>安定性を保っているんだ,本来，生物这种东西<BR>正是通过“抑制自身的能力”<BR>来维持稳定的
2-05.txt,370,津名川セリフ◇それは案外,それは案外ナイーブな<BR>バランスなんだよ,那是一种出乎意料的<BR>脆弱的平衡
2-05.txt,374,津名川セリフ◇天才,<TYPE interval=90>天才と狂人の脳の構造が..<BR>ほとんど同じなように,<TYPE interval=90>就像天才与狂人的大脑结构･･････<BR>几乎如出一辙
2-05.txt,401,津名川思考◇左脳は,左脳は右脳を抑える<BR>役割を持っている,左脑起着抑制<BR>右脑的作用
2-05.txt,403,津名川思考◇これが,"これが壊れた人間は天才か狂人,<BR>またはその両方になる",这一机制一旦损坏，人就会沦为天才或狂人<BR>抑或两者同时具备
2-05.txt,405,津名川思考◇いわば,いわば..<BR>自らを押さえつけること自体に..<BR>脳の働きが費やされている,可以说･･････<BR>大脑的机能本身･･････<BR>就消耗在了压制自我上
2-05.txt,407,津名川思考◇同様に,同様に..生き物の機能の多くは...<BR>“自らの活動を抑制するため”<BR>に存在している,同理･･････ 生物的大部分机能･･････<BR>都是为了“抑制自身的活动”<BR>而存在的
2-05.txt,438,津名川思考◇抑制力,"抑制力を持たない生き物は,<BR><TYPE interval=0>―</TYPE>―たとえば癌細胞のように",失去抑制力的生物<BR><TYPE interval=0>―</TYPE>―就如同癌细胞一般
2-05.txt,440,津名川思考◇無限に,変異と増殖を繰り返し..<BR>無限に共食いし続けるような<BR>肉塊にしかならない,只会不断重复变异与增殖･･････<BR>沦为无限互相吞噬的<BR>肉块
2-05.txt,442,津名川思考◇個の強さ,個の強さを求めると<BR>全の強さが失われる,追求个体的强大<BR>便会丧失整体的强韧
2-05.txt,444,津名川思考◇生命,生命というのは..<BR>細胞の社会なのだ,生命･･････<BR>本质上就是细胞的社会
2-05.txt,481,津名川思考◇抑制力が,<B><FONT size=20>抑制力がバランスを支配し..<BR>生命の美しさを保っている</B>,<B><FONT size=20>控制力主导着平衡..<BR>维系着生命之美</B>
2-05.txt,489,津名川思考◇エクストラ,エクストラ・プログラムの目的は...<BR>この美しく単純な原理と..<BR>複雑な構造の方程式を読み解き,Extra计划的目的･･････<BR>正是解读这优美而简洁的原理･･････<BR>与复杂结构的方程式
2-05.txt,493,津名川思考◇抑制力,抑制力そのものを<BR>コントロールすることで...<BR>より高い機能を持った<BR>生き物を生み出すことだ,通过直接控制<BR>抑制力本身･･････<BR>从而创造出<BR>具备更高机能的生物
2-05.txt,502,津名川思考◇必要な,必要なものは２つ,这需要两样东西
2-05.txt,504,津名川思考◇ゲノムを,ゲノムを書き換えるための.<BR>高機能なウィルスベクター,用于改写基因组的<BR>高性能病毒载体
2-05.txt,506,津名川思考◇過渡期,そして..　過渡期の不安定な精神と<BR>生命バランスを調整するための<BR>特殊な薬品,以及･･････ 用于调整过渡期<BR>不稳定的精神与生命平衡的<BR>特殊药剂
2-05.txt,533,津名川思考◇最終的,最終的には..書き換えた<BR>遺伝子の副作用を,最终･･････<BR>将改写基因所产生的副作用
2-05.txt,535,津名川思考◇別の,別の遺伝子の副作用で.<BR>相殺する形で調整し,利用另一种基因的副作用<BR>加以抵消和调整
2-05.txt,537,津名川思考◇新しい,新しい生命構造のバランスを<BR>作り上げていくことになる,从而构建出<BR>全新生命结构的平衡
2-05.txt,586,津名川セリフ◇とにかく,とにかく..<BR>いい薬ができるまで.<BR>何か考えないとな<TYPE interval=40>･･････,"总之･･････<BR>在研制出好药之前,<BR>总得想点办法･･････<TYPE interval=40>･･････"
2-05.txt,598,津名川セリフ◇さて,さて<TYPE interval=40>･･････,那么･･････<TYPE interval=40>･･････
2-05.txt,602,津名川セリフ◇少し,少し昼寝しても<BR>いいかな,稍微睡个午觉<BR>应该没问题吧
2-05.txt,606,津名川セリフ◇ほとんど,ほとんど<BR>寝てないんだ,毕竟我几乎<BR>都没怎么睡
2-05.txt,610,沙友セリフ◇はぁい！,はぁい！...さゆも！..<BR>いしょにねます～！,好——！･･････沙友也要！･･････<BR>要一起睡觉〜！
2-05.txt,632,エマセリフ◇じゃあ,じゃあ　公園行って<BR>寝ようよぉ,那我们去公园<BR>睡觉吧〜
2-05.txt,645,エマセリフ◇そしたら,そしたら　私達も<BR>遊べるもん！,那样的话 我们也能<BR>一起玩啦！
2-05.txt,649,透花セリフ◇わたしは,わたしは.<BR>ご主人様と一緒なら<BR>どこでもいいです,"我･･････<BR>只要和主人在一起,<BR>去哪里都可以。"
2-05.txt,668,津名川セリフ◇そうだな,そうだな<TYPE interval=40>･･････,也是呢･･････<TYPE interval=40>･･････
2-05.txt,672,津名川セリフ◇それじゃあ,それじゃあ...<BR>公園にでも行こうか,那就･･････<BR>去公园走走吧
2-05.txt,711,津名川セリフ◇うん,"うん..　食べるよ,<BR>ありがとう","嗯･･････我吃,<BR>谢谢"
2-05.txt,719,透花セリフ,えへ<TYPE interval=40>･･････,嘿嘿･･････<TYPE interval=40>･･････
2-05.txt,745,津名川セリフ◇目玉焼き,"お..　目玉焼き定食だ,<BR>おいしそうだね","哦･･････是煎蛋套餐啊,<BR>看起来很好吃呢"
2-05.txt,747,津名川セリフ◇やはり,やはり　朝食は<BR>米でないとね<TYPE interval=40>･･･,果然早餐还是<BR>得吃米饭啊<TYPE interval=40>･･････
2-05.txt,749,津名川セリフ◇パン食,パン食だとこう<TYPE interval=40>･･･</TYPE>力が<BR>出ないというか<TYPE interval=40>･･････,要是吃面包的话，<TYPE interval=40>就会有种</TYPE>･･････<BR>使不上劲的感觉<TYPE interval=40>･･････
2-05.txt,774,透花セリフ◇生粋の,日本人ですね,是日本人呢
2-05.txt,778,沙友セリフ◇せんせー,せんせー...<BR>にほーんじん？,老师･･････<BR>是日本人？
2-05.txt,781,エマセリフ◇ぶー,ぶー,唔——
2-05.txt,783,エマセリフ◇わたし,わたしだけ<BR>のけものみたい<BR>じゃないの<TYPE style='Spring' speed=600>ー</TYPE>,怎么感觉<BR>只有我<BR>被排挤了似的<TYPE style='Spring' speed=600>〜</TYPE>
2-06.txt,14,沙友セリフ◇まだ,まだぁ～？,还没好〜？
2-06.txt,16,エマセリフ◇少し,少しくらい<BR>待ってよ～,稍微<BR>等一下嘛〜
2-06.txt,18,津名川セリフ◇エマは,エマはなかなか<BR>こだわりがあるんだな,艾玛还挺<BR>讲究的啊
2-06.txt,42,エマセリフ◇女の子,女の子なんだから<BR>当たり前っ,人家可是女孩子<BR>理所当然啦
2-06.txt,46,エマセリフ◇沙友が,沙友が気に<BR>しなさすぎなのっ,是沙友你<BR>太不讲究了啦
2-06.txt,57,エマセリフ◇せっかく,せっかく<BR>お揃い色にしたんだから..<BR>小技が大事なのにぃ～,好不容易<BR>配成统一颜色的･･････<BR>细节搭配很重要嘛〜
2-06.txt,61,エマセリフ◇んー,んー...　<BR>やっぱりネクタイ<BR>濃い色のほうが<BR>よかったかなぁ,嗯･･････　<BR>果然领带<BR>还是深色<BR>比较好吧
2-06.txt,75,沙友セリフ◇さゆだて,さゆだて<BR>きにしてるもん,沙友也<BR>很在意的嘛
2-06.txt,84,透花セリフ◇その色も,その色も<BR>かわいいと思うよ,那个颜色<BR>我觉得也很可爱哦
2-06.txt,88,エマセリフ◇そうかなぁ,そうかなぁ？....<BR>そーじさんは？,是吗？･･････<BR>宗慈先生呢？
2-06.txt,111,津名川セリフ◇ふむ,ふむ<TYPE interval=40>･･････,嗯<TYPE interval=40>･･････
2-06.txt,118,選択肢◇やっぱり,<FONT color=red><TYPE interval=0>やっぱり濃い色の方が<BR>いいんじゃないかな</FONT>,<FONT color=red><TYPE interval=0>果然还是深一点的颜色<BR>比较好吧</FONT>
2-06.txt,119,選択肢◇そういう,<FONT color=red><TYPE interval=0>そういう女の子っぽい知識は<BR>いったいどこで手に入れるんだ？</FONT>,<FONT color=red><TYPE interval=0>这种女孩子气的知识<BR>你到底是从哪儿学来的？</FONT>
2-06.txt,120,選択肢◇エマは,<FONT color=red><TYPE interval=0>エマはいつもかわいいよ</FONT>,<FONT color=red><TYPE interval=0>艾玛一直都很可爱</FONT>
2-06.txt,153,上代セリフ◇ねぇ,"<TYPE interval=30>･･････</TYPE>ねぇ,<BR>なんでエクストラって...<BR>みんな女の子なの？","<TYPE interval=30>･･････</TYPE>喂,<BR>为什么Extra･･････<BR>全都是女孩子啊？"
2-06.txt,157,上代セリフ◇ま,"ま..　あたしは好きだけどさ,<BR>透花ちゃん.かわいいし","嘛･･････ 我倒是挺喜欢的,<BR>透花酱也很可爱"
2-06.txt,161,津名川セリフ◇好きで,<TYPE interval=30>･･････</TYPE>好きで少女体に<BR>したわけじゃないよ,<TYPE interval=30>･･････</TYPE>又不是我故意<BR>把她们做成少女体的
2-06.txt,173,津名川セリフ◇ただ,ただ..　生物の.<BR>基本フォーマットって<BR>やつが女性でね,只是･･････ 生物的<BR>基本格式<BR>设定为雌性罢了
2-06.txt,177,津名川セリフ◇知らない,"知らないか？,<BR>雄ってのは..みんな雌から<BR>変化して出来るんだ",你不知道吗？<BR>雄性･･････ 全都是从雌性<BR>演变而来的
2-06.txt,181,津名川セリフ◇それに,それに　基底遺伝子の提供者が<BR>女性だったってのもある,再加上基底基因的提供者<BR>也是女性
2-06.txt,185,上代セリフ◇へえ,へえ,这样啊
2-06.txt,201,津名川セリフ◇体が,体が小さいのも..<BR>別にプログラムしてある<BR>わけじゃない<TYPE interval=40>･･････,体型娇小･･････<BR>也不是特意<BR>设定成那样的<TYPE interval=40>･･････
2-06.txt,207,津名川セリフ◇ああいう風,ああいう風になっちゃった<BR>だけなんだ,只是<BR>变成那样了而已
2-06.txt,217,津名川セリフ◇エクストラ,エクストラという生き物は..<BR>アレで大人なのかも<BR>しれないし<TYPE interval=40>･･････,Extra这种生物･･････<BR>说不定那样<BR>就算成年了<TYPE interval=40>･･････
2-06.txt,221,津名川セリフ◇データが,データが少なすぎて..<BR>なんとも言えないけど,不过数据太少･･････<BR>也说不准
2-06.txt,231,上代セリフ◇そんなもん,そんなもんなんだ,原来是这样啊
2-06.txt,235,上代セリフ◇人間じゃ,人間じゃないっての<BR>分かってるけどさ,虽然我知道<BR>她们不是人类
2-06.txt,239,上代セリフ◇なかなか,なかなかそんな風に<BR>考えられないよ,但还是很难<BR>那么去想啊
2-06.txt,251,上代セリフ◇でも,でも..　あの子達が<BR>戦闘すんのってさ～,可是･･････ 让那些孩子<BR>去战斗什么的〜
2-06.txt,255,上代セリフ◇なんか,なんか違う気が<BR>するんだよね<TYPE interval=40>･･････,总觉得<BR>哪里不对劲<TYPE interval=40>･･････
2-06.txt,259,上代セリフ◇普通の,普通の子より<BR>よっぽど<RUBY text='きゃしゃ'>華奢</RUBY>で..<BR>か弱そうなんだもん,因为比普通孩子<BR>要单薄得多..<BR>看起来太柔弱了嘛
2-06.txt,263,津名川セリフ◇そうだね,<TYPE interval=30>･･････</TYPE>そうだね,<TYPE interval=30>･･････</TYPE>是啊
2-06.txt,294,津名川セリフ◇御苑の,御苑の桜も見納めだな,御苑的樱花也看到最后了啊
2-06.txt,321,沙友セリフ◇ぱらぱら,ぱらぱらして<BR>きれいです～,纷纷扬扬地飘落<BR>好漂亮啊〜
2-06.txt,329,津名川セリフ◇うん,うん,嗯
2-06.txt,344,エマセリフ◇こんなに,こんなに綺麗なのに..<BR>すぐ散っちゃうのね,明明这么美丽･･････<BR>却这么快就凋零了呢
2-06.txt,350,津名川セリフ◇だからこそ,だからこそ<BR>美しいんだともいうね,正因如此<BR>才显得美丽啊
2-06.txt,355,エマセリフ◇そう,そうなんだ<TYPE interval=40>･･････,是这样啊<TYPE interval=40>･･････
2-06.txt,368,津名川セリフ◇儚い,儚いからこそ<BR>その美しさが際立つ,正因为短暂<BR>那份美丽才更加夺目
2-06.txt,372,津名川セリフ◇この桜,この桜のように..<BR>美しい命でありたい,像这樱花一样･･････<BR>愿生命也如此美丽
2-06.txt,376,津名川セリフ◇日本人,日本人は桜を見て..<BR>みんな無意識に<BR>そう思うんだよ,日本人看着樱花･･････<BR>大家都会在不知不觉中<BR>这么想哦
2-06.txt,392,透花セリフ◇無言,<TYPE interval=70>･･････,<TYPE interval=70>･･････
2-06.txt,407,沙友セリフ◇つかまえた,つかまえたり～！....<BR>せんせいほら！,抓到啦〜！･･････<BR>老师快看！
2-06.txt,417,津名川セリフ◇よしよし,<TYPE interval=30>･･････</TYPE>よしよし,<TYPE interval=30>･･････</TYPE>好啦好啦
2-06.txt,449,エマセリフ◇うん,<TYPE interval=30>･･････</TYPE>うん...<BR>やっぱり宗慈さんも<BR>そう思うでしょ,<TYPE interval=30>･･････</TYPE>嗯･･････<BR>果然宗慈你也<BR>这么觉得吧
2-06.txt,452,津名川セリフ◇やっぱり,やっぱり濃い色の方が<BR>いいんじゃないかな,果然还是深一点的颜色<BR>比较好吧
2-06.txt,465,エマセリフ◇ふふ,ふふ<TYPE interval=40>･･･,呵呵<TYPE interval=40>･･････
2-06.txt,481,津名川セリフ◇そういう,そういう女の子っぽい知識は..<BR>いったいどこで手に入れるんだ？,这种女孩子的常识･･････<BR>到底是从哪儿学来的？
2-06.txt,491,エマセリフ◇アンテナ,アンテナで<BR>受信するのよ,靠天线<BR>接收的哦
2-06.txt,495,エマセリフ◇流行に,流行に敏感な<BR>高感度のアンテナでね,靠对流行敏感的<BR>高感度天线呢
2-06.txt,499,津名川セリフ◇エマは,エマは.たまに.<BR>難しいことをいうなぁ,艾玛有时候.<BR>也会说些深奥的话呢
2-06.txt,516,沙友セリフ◇エマの,エマのあたまは<BR>ぱらぼら～あんてな～,艾玛的脑袋<BR>就是抛物面〜天线〜
2-06.txt,532,エマセリフ◇ばか,<TYPE interval=40><FONT size=20>沙友っ！</FONT>,<TYPE interval=40><FONT size=20>沙友！</FONT>
2-06.txt,552,津名川セリフ◇エマは,エマはいつも<BR>かわいいよ,艾玛总是<BR>很可爱哦
2-06.txt,556,エマセリフ◇そういう,そういう答えは..なんか<BR>違うんだけどなぁ...<BR>もぅ！,这种回答･･････总觉得<BR>不太对劲啊･･････<BR>真是的！
2-07.txt,30,津名川セリフ◇おや,おや,哦？
2-07.txt,32,沙友セリフ◇かわいい,かわいい<BR>ほんやさん！,好可爱的<BR>小书店！
2-07.txt,34,津名川セリフ◇古本屋,古本屋みたいだね,简直像家旧书店呢
2-07.txt,36,津名川セリフ◇こんな,"こんな所にあったんだ,<BR>ちょっと入ってみようか","没想到这儿还有家店,<BR>进去看看吧"
2-07.txt,88,エマセリフ◇わ,わ<TYPE interval=40>･･････</TYPE>..<BR><TYPE interval=50>趣味いい！,哇<TYPE interval=40>･･････</TYPE>･･････<BR><TYPE interval=50>品味真好！
2-07.txt,90,筒井セリフ◇それは,<TYPE interval=90>それはどうも<BR>ありがとう,<TYPE interval=90>不敢当<BR>谢谢
2-07.txt,127,エマセリフ◇内装,"内装もとても素敵,<BR>いいお店ですね","店里的装饰也很棒,<BR>真是家好店呢"
2-07.txt,131,筒井セリフ◇小さい,小さいのに<BR>しっかりした子だね,年纪虽小<BR>却是个懂事的孩子呢
2-07.txt,135,筒井セリフ◇ほしい,ほしい本があったら<BR>サービスしよう,"要是有想要的书,<BR>给你们打个折吧"
2-07.txt,154,津名川セリフ◇すみません,すみません,那多不好意思
2-07.txt,158,津名川セリフ◇でも,でも<TYPE interval=40>･･････</TYPE>..<BR>本当に立派な品揃えだ,不过<TYPE interval=40>･･････</TYPE>･･････<BR>这选品真是没得说
2-07.txt,163,津名川セリフ◇失礼ですが,失礼ですが..<BR>これくらいのお店でなかなか<BR>こうはいきませんよ,"容我直言･･････<BR>这种规模的小店,<BR>很难做到这般水准啊"
2-07.txt,175,筒井セリフ◇ははは,ははは...　いつの間にか<BR>こんなに揃ってしまってね,哈哈哈･･････不知不觉<BR>就存下这么多了
2-07.txt,179,筒井セリフ◇ほとんど,ほとんど自分の<BR>本だったんだが....<BR>もう先も長くないし,大半都是我自己<BR>珍藏的书･･････<BR>反正我也没多少日子了
2-07.txt,183,筒井セリフ◇理解の,理解のある人に譲れたら<BR>と思ってね,就想着要是能传给<BR>懂书的人就好了
2-07.txt,198,筒井セリフ2◇この子,この子達は<BR>お子さんかい？,这几个小姑娘<BR>是你的孩子吗？
2-07.txt,208,選択肢◇ええ,<FONT color=red><TYPE interval=0>ええ･･･　まあ<BR>そんなようなものです</FONT>,<FONT color=red><TYPE interval=0>嗯･･････ 算是<BR>差不多吧</FONT>
2-07.txt,209,選択肢◇はい,<FONT color=red><TYPE interval=0>はい...<BR>私の愛娘達ですよ</FONT>,<FONT color=red><TYPE interval=0>是啊･･････<BR>都是我的宝贝女儿</FONT>
2-07.txt,224,津名川セリフ◇ええ,ええ<TYPE interval=40>･･･</TYPE>....　まあ..<BR>そんなようなものです,嗯<TYPE interval=40>･･････</TYPE>･･････ 算是<BR>这么回事吧
2-07.txt,228,筒井セリフ◇そうですか,そうですか....<BR>にぎやかでなによりだ,是吗･･････<BR>热热闹闹的，比什么都好
2-07.txt,238,津名川セリフ◇はい,はい...<BR>私の愛娘達ですよ,是啊･･････<BR>都是我的宝贝女儿
2-07.txt,242,筒井セリフ◇かわいらしい,かわいらしい子達だ....<BR>うらやましいものです,真是群可爱的孩子･･････<BR>真让人羡慕啊
2-07.txt,254,津名川セリフ◇はは,はは..　大変ですよ,哈哈･･････ 照顾起来可费神了
2-07.txt,263,筒井セリフ◇この年に,<TYPE interval=30>･･････</TYPE>この年に<BR>なるとね,<TYPE interval=30>･･････</TYPE>人到了<BR>这把年纪啊，
2-07.txt,267,筒井セリフ◇人との,人とのつながりというのを<BR>とても恋しく思うようになる,就会格外怀念<BR>人与人之间的牵绊
2-07.txt,271,筒井セリフ◇どんどん,どんどん世界と切り離されて<BR>きてるんじゃないかって<BR>思えてきてね,总觉得<BR>自己好像<BR>正渐渐被这个世界隔绝
2-07.txt,283,津名川セリフ◇お子さんは,<TYPE interval=30>･･････</TYPE>お子さんは,<TYPE interval=30>･･････</TYPE>那您的孩子･･････
2-07.txt,287,筒井セリフ◇いない,いないんだよ....<BR>残念ながら,没有啊･･････<BR>很遗憾
2-07.txt,291,筒井セリフ◇妻に,若い頃　妻に<BR>先立たれてしまってね,年轻的时候，妻子<BR>就先我而去了
2-07.txt,295,筒井セリフ◇彼女の,彼女の思い出を<BR>忘れられずにいたら..<BR>こんな年になってしまった,因为一直忘不掉<BR>和她的回忆･･････<BR>一晃就到了这把年纪
2-07.txt,313,津名川セリフ◇すみません,"すみません,<BR>つまらないことを<BR>聞いてしまって","抱歉,<BR>问了些<BR>不该问的"
2-07.txt,317,筒井セリフ◇いや,"いや...　いいんだ,.<BR>私こそ初対面の人に<BR>こんな話をしてしまった","不･･････ 没事,.<BR>该说抱歉的是我,<BR>才对初次见面的人说了这些"
2-07.txt,321,筒井セリフ◇この辺に,この辺に住んで<BR>らっしゃるのかな,您住在<BR>这附近吗
2-07.txt,331,津名川セリフ◇そうです,"そうです,<BR>ええと<TYPE interval=40>･･･</TYPE>...津名川といいます","是的,<BR>那个<TYPE interval=40>･･････</TYPE>･･････津名川"
2-07.txt,358,筒井セリフ◇私は,私は筒井と<BR>いいます,我叫<BR>筒井
2-07.txt,371,店主セリフ◇どうぞ,どうぞよろしく,请多关照
2-07.txt,383,津名川セリフ◇ええ,<TYPE interval=30>･･････</TYPE>ええ....<BR>お近くですし,<TYPE interval=30>･･････</TYPE>嗯･･････<BR>毕竟离得挺近
2-07.txt,401,筒井セリフ◇娘さん,娘さんたちも<BR>紹介してくれるかい,能也让我认识一下<BR>您的女儿们吗
2-07.txt,405,津名川セリフ◇ええ,ええ,好的
2-07.txt,413,津名川セリフ◇おいで,おいで...<BR>エマ.. 沙友.. 透花,过来･･････<BR>艾玛･･････沙友･･････透花
2-07.txt,424,筒井セリフ◇これは,これはまた<BR>かわいらしい名前だ,这名字<BR>真可爱啊
2-07.txt,428,津名川セリフ◇こちら,こちら..<BR>筒井さん,这位是･･････<BR>筒井先生
2-07.txt,446,沙友セリフ◇はじめまして,はじめまして..<BR>さゆです,初次见面･･････<BR>我是沙友
2-07.txt,450,エマセリフ◇エマです,エマです..<BR>どうぞよろしく,我是艾玛･･････<BR>请多关照
2-07.txt,454,透花セリフ◇透花です,透花です..<BR>はじめまして,我是透花･･････<BR>初次见面
2-07.txt,471,筒井セリフ◇立派な,"立派な挨拶だね,<BR>頭のいい子達だ","问候得真得体啊,<BR>都是聪明的孩子"
2-07.txt,491,透花セリフ◇えへ,えへ<TYPE interval=40>･･････</TYPE>..　本....<BR>貰っちゃいましたね,嘿嘿<TYPE interval=40>･･････</TYPE>･･････还･･････<BR>收到了书呢
2-07.txt,493,津名川セリフ◇こんな,こんなかわいくて立派な<BR>娘達がいて.鼻が高い,有这么可爱又出色的<BR>女儿们，我真自豪
2-07.txt,556,エマセリフ◇そう,<TYPE interval=50>そうでしょうとも,<TYPE interval=50>那是当然
2-07.txt,567,沙友セリフ◇そうで,そうでしょーともー！,那当然啦——！
2-07.txt,596,津名川セリフ◇困り笑い,<TYPE interval=70>･･････,<TYPE interval=70>･･････
2-07.txt,600,エマセリフ◇そーじさん,そーじさんは<BR>何貰ったの？,宗慈先生<BR>收到了什么呀？
2-07.txt,605,津名川セリフ◇うーん,うーん...<BR>難しい本だよ,嗯･･････<BR>是本难懂的书哦
2-07.txt,609,津名川セリフ◇唯物論,唯物論とか..観念論とか....<BR>そういう答えの出ない<BR>問題の本,唯物论啊･･････观念论啊･･････<BR>都是些没有标准答案的<BR>哲学问题
2-07.txt,613,津名川セリフ◇極端に,極端に言うと..　人間に<BR>心はあるのかないのか...<BR>っていうような話だね,说得极端点･･････就是探讨人类<BR>到底有没有“心”･･････<BR>这类话题
2-07.txt,619,エマセリフ◇そんなの,そんなの..あるに<BR>決まってるのに,那种问题･･････明明<BR>肯定有啊
2-07.txt,630,津名川セリフ◇はは,<TYPE interval=30>･･････</TYPE>そうだね,<TYPE interval=30>･･････</TYPE>是啊
2-07.txt,634,津名川セリフ◇でも,でも..　証明できないものは<BR>存在しないという人も多い,但是･･････也有很多人认为<BR>无法证明的东西就不存在
2-07.txt,638,津名川セリフ◇心,心は頭の中の電気信号に<BR>過ぎないっていう人も<BR>いるんだ,也有人认为<BR>心不过是大脑里的<BR>电信号罢了
2-07.txt,657,沙友セリフ◇せんせいは,"せんせいは？,<BR>どーちとおもう？",那老师呢？<BR>您觉得呢？
2-07.txt,664,選択肢◇ある,<FONT color=red><TYPE interval=0>“ある”</FONT>,<FONT color=red><TYPE interval=0>“有”</FONT>
2-07.txt,665,選択肢◇分からない,<FONT color=red><TYPE interval=0>“分からない”</FONT>,<FONT color=red><TYPE interval=0>“不知道”</FONT>
2-07.txt,713,津名川セリフ◇沈黙,<TYPE interval=70>･･････,<TYPE interval=70>･･････
2-07.txt,719,津名川セリフ◇ちゃんと,ちゃんとあるよ,确实有哦
2-07.txt,723,津名川セリフ◇僕にも,僕にも...　お前達にも..<BR>ちゃんとね,我也有･･････你们也有･･････<BR>确确实实地有。
2-07.txt,754,津名川セリフ◇心は,心は高度に組織された脳の<BR>所産であり..<BR>物質から離れた所にあって.<BR>精神性の反映はありえるのか</TYPE><TYPE interval=40>･･････,"心灵是高度组织化的大脑的<BR>产物･･････<BR>若脱离了物质,<BR>还能否映照出精神性呢</TYPE><TYPE interval=40>･･････"
2-07.txt,758,津名川セリフ◇誰の,誰の受け売り<BR>だったかな,这是从谁那儿听来的<BR>来着
2-07.txt,764,透花セリフ◇なんだか,<TYPE interval=80>なんだか</TYPE><TYPE interval=50>･･････</TYPE>....<BR><TYPE interval=80>かなしい話ですね,<TYPE interval=80>总觉得</TYPE><TYPE interval=50>･･････</TYPE>･･････<BR><TYPE interval=80>真是个悲伤的故事呢
2-07.txt,768,津名川セリフ◇そうだね,そうだね.....<BR>なんでも理屈付けして<BR>しまおうとするから<BR>科学者ってやつは<TYPE interval=40>･･････,确实呢.....<BR>因为总是想<BR>把一切都套上理论<BR>科学家里这种家伙啊<TYPE interval=40>･･････
2-07.txt,772,全員セリフ◇沈黙,<TYPE interval=70>････････････,<TYPE interval=70>･･････
2-07.txt,800,沙友セリフ◇ながれ,ながれぼしです～,是流星哦〜
2-07.txt,804,エマセリフ◇どこ,え.　どこー？,诶，在哪？
2-07.txt,817,津名川セリフ◇心が,心があると信じたい<TYPE interval=40>･･････,想要相信你们拥有心灵<TYPE interval=40>･･････
2-07.txt,821,津名川セリフ◇それは,"それは..人の願望<BR>なのだろうが,<BR>今ならそんな気持ちが<BR>分かる気がする","那･･････不过是人类的愿望<BR>罢了,<BR>但现在的我，似乎<BR>能理解那种心情了"
2-08.txt,6,津名川セリフ◇お前達,お前達..　先に<BR>上に上がっておいで,你们･･････先<BR>上楼去吧。
2-08.txt,12,津名川セリフ◇ちょっと,ちょっと仕事を<BR>見ていくから,我还有点工作<BR>要处理。
2-08.txt,25,３人娘セリフ◇はあい,<FONT size=24 face='G'>はあいっ</FONT>,<FONT size=24 face='G'>好——嘞！</FONT>
2-08.txt,78,津名川セリフ◇１Ｆの,１Ｆのガレージ,1F车库
2-08.txt,82,津名川セリフ◇あの事故で,あの事故でＸＪが<BR>無くなってしまった,那场事故让XJ<BR>彻底报废了
2-08.txt,91,津名川セリフ◇いい車,いい車だったのにな,明明那是辆好车啊。
2-08.txt,93,津名川セリフ◇もう一台,こっちは足に使える<BR>ような車じゃないし,这边的车<BR>又不能当日常代步用。
2-08.txt,112,津名川セリフ◇次の車,次の車..　手配してもら<BR>わなきゃいけないな,下一辆车･･････得<BR>让人去安排了。
2-08.txt,116,津名川セリフ◇おんなじ,おんなじ車<TYPE interval=30>･･････</TYPE><BR>...やっぱり同じ色で,还是同一款车<TYPE interval=30>･･････</TYPE><BR>･･････果然还是选同一种颜色吧。
2-08.txt,132,津名川セリフ◇いや,いや<TYPE interval=30>･･････</TYPE>....<BR>やっぱり違う車にしよう,不<TYPE interval=30>･･････</TYPE>･･････<BR>果然还是换辆别的车吧。
2-08.txt,144,津名川セリフ◇車一台,車一台で..こんなに<BR>感傷的になるとはね,没想到一辆车･･････也能让人<BR>这么感伤啊。
2-08.txt,148,津名川セリフ◇いつも,<TYPE interval=30>･･････</TYPE><TYPE interval=80>いつもあったものが<BR>無いってのは..寂しいもんだな,<TYPE interval=30>･･････</TYPE><TYPE interval=80>一直在那儿的东西<BR>突然没了･･････真让人寂寞啊。
2-08.txt,165,津名川セリフ◇この,この建物は<BR>偶然見つけたものだ,这栋建筑<BR>是我偶然发现的。
2-08.txt,169,津名川セリフ◇御苑の,御苑の周辺にある<BR>寂れた区画,位于御苑周边<BR>一片冷清的街区。
2-08.txt,173,津名川セリフ◇そこに,そこにあった廃ビルを<BR>改装して住んでいる,我把那里的一栋废弃大楼<BR>改装后住了进来。
2-08.txt,184,津名川セリフ◇古痕は,古痕は最新設備の住居を<BR>用意してくれたが,古痕明明为我<BR>准备了设备最新的住处，
2-08.txt,188,津名川セリフ◇御苑に,御苑に面していて.<BR>日のよく入る..<BR>この建物のほうを<BR>僕は選んだ,但我还是选了<BR>这栋面朝御苑、<BR>采光极好的<BR>建筑。
2-08.txt,212,津名川セリフ◇ふぅ,ふぅ,呼･･････
2-08.txt,218,津名川セリフ◇しばらく,しばらく研究室も<BR>オヤスミだな,研究室也<BR>暂时休息了啊。
2-08.txt,227,津名川セリフ◇しかし,しかし<TYPE interval=40>･･････,可是<TYPE interval=40>･･････
2-08.txt,231,津名川セリフ◇いざ,<TYPE interval=70>いざ休暇になっても<BR>時間の使い方が<BR>分からないとは,"<TYPE interval=70>真到了休假的时候,<BR>却连怎么打发时间<BR>都不知道。"
2-08.txt,235,津名川セリフ◇我ながら,<TYPE interval=90>我ながら.<BR>寂しい男だ,"<TYPE interval=90>连我自己都觉得,<BR>真是个寂寞的男人啊"
2-08.txt,247,津名川セリフ◇品藤,品藤といた頃は<BR>結構遊んだのに,"以前和品藤在一起的时候,<BR>明明还经常出去玩呢。"
2-08.txt,251,津名川セリフ◇もう３年,もう３年か<TYPE interval=40>･･････,已经三年了啊<TYPE interval=40>･･････
2-08.txt,260,津名川セリフ◇本,<TYPE interval=40>･･････</TYPE><TYPE interval=80>本....<BR>読む気分じゃ.<BR>ないナア</TYPE><TYPE interval=50>･･････,<TYPE interval=40>･･････</TYPE><TYPE interval=80>书･･････<BR>也没心情<BR>看啊</TYPE><TYPE interval=50>･･････
2-08.txt,293,津名川セリフ◇なにが,<FONT size=20><TYPE interval=100 style=Fade>何が問題だろう,<FONT size=20><TYPE interval=100 style=Fade>问题到底出在哪里
2-08.txt,297,津名川セリフ◇なにを,<FONT size=20><TYPE interval=100 style=Fade>何をやるべきだろう,<FONT size=20><TYPE interval=100 style=Fade>我到底该做什么
2-08.txt,310,津名川セリフ◇とりあえず,<TYPE interval=80>とりあえず</TYPE><TYPE interval=40>･･････</TYPE>....<BR><TYPE interval=80>飯かな,<TYPE interval=80>总之</TYPE><TYPE interval=40>･･････</TYPE>･･････<BR><TYPE interval=80>先吃饭吧
2-09.txt,29,透花セリフ◇ご主人様,ご主人様,主人
2-09.txt,35,津名川セリフ◇ん,ん,嗯
2-09.txt,41,津名川セリフ◇貰った,貰った本..<BR>読んでたのかい,送你的书･･････<BR>在看吗？
2-09.txt,46,沙友セリフ◇はい～,はい～！,是的〜！
2-09.txt,58,津名川セリフ◇綺麗な,お..　綺麗な絵が<BR>いっぱい載ってるね,哇･･････<BR>里面印着好多漂亮的画呢
2-09.txt,63,エマセリフ◇わたしのも,わたしのも<BR>素敵だよ！,我的那本<BR>也很棒哦！
2-09.txt,82,津名川セリフ◇良い本,良い本を貰えて<BR>よかったな,能收到这么好的书<BR>真是太好了
2-09.txt,93,透花セリフ◇わたし,わたし..　なにか<BR>ご飯つくりましょうか？,我･･････<BR>要不要做点饭吃？
2-09.txt,97,津名川セリフ◇いや,いや...<BR>そうだな<TYPE interval=40>･･････,不･･････<BR>也是呢<TYPE interval=40>･･････
2-09.txt,101,津名川セリフ◇じゃ,じゃ..　なにか<BR>軽いものを,那･･････<BR>弄点清淡的吧
2-09.txt,113,透花セリフ◇軽い,軽いもの<TYPE interval=40>･･････,清淡的<TYPE interval=40>･･････
2-09.txt,117,透花セリフ◇うん～,うん～～...<BR>わかりました,嗯〜〜･･････<BR>明白了
2-09.txt,133,津名川セリフ◇まめな,<TYPE interval=80>まめな子だなぁ,<TYPE interval=80>真是个勤快的孩子啊
2-09.txt,147,沙友セリフ◇せんせい,せんせい,老师
2-09.txt,154,沙友セリフ◇こいびとは,せんせいは.　こいびとは<BR>いますか！？,老师･･････<BR>有恋人吗！？
2-09.txt,160,津名川セリフ◇どうしたんだ,どうしたんだ...<BR>いきなり,怎么了･･････<BR>突然问这个
2-09.txt,173,沙友セリフ◇ごほんに,ごほんに<BR>かいてあたの,本子上<BR>写着呢
2-09.txt,178,津名川セリフ◇恋人か,恋人か,恋人啊
2-09.txt,182,津名川セリフ◇う～～ん,う～～ん...<BR>いない<TYPE interval=40>･･････</TYPE>....<BR><TYPE interval=90>んじゃないかな,嗯〜〜･･････<BR>没有<TYPE interval=40>･･････</TYPE>･･････<BR><TYPE interval=90>应该没有吧
2-09.txt,193,沙友セリフ◇そぅか～,そぅか～,这样啊〜
2-09.txt,197,沙友セリフ◇せんせいに,せんせいにいないから...<BR>さゆにはすごくむずかしい？,既然老师没有･･････<BR>沙友要成为恋人是不是很难？
2-09.txt,201,津名川セリフ◇う～ん,う～ん<TYPE interval=40>･･････</TYPE>...<BR>どう言ったものかな,嗯〜<TYPE interval=40>･･････</TYPE>･･････<BR>该怎么说呢
2-09.txt,212,選択肢◇沙友は,<FONT color=red><TYPE interval=0>沙友はかわいいから<BR>大きくなったら自然にできるよ,<FONT color=red><TYPE interval=0>沙友这么可爱<BR>长大后自然会有的
2-09.txt,213,選択肢◇がんばれば,<FONT color=red><TYPE interval=0>がんばれば出来るという<BR>ものでもないんだよ,<FONT color=red><TYPE interval=0>有些事可不是光凭努力就能做到的<BR>啊。
2-09.txt,214,選択肢◇誰にだって,<FONT color=red><TYPE interval=0>誰にだって難しいものだよ,<FONT color=red><TYPE interval=0>这对谁来说都很难
2-09.txt,235,沙友セリフ◇さゆも,さゆもなる～！,沙友也要当恋人〜！
2-09.txt,237,透花セリフ◇あ,あ...　わ<TYPE interval=40>･･････</TYPE>...<BR>わたし<TYPE interval=40>･････</TYPE>･も,啊･･････我<TYPE interval=40>･･････</TYPE>･･････<BR>我<TYPE interval=40>･･････</TYPE>也
2-09.txt,270,津名川セリフ◇唖然,<TYPE interval=50>････････････,<TYPE interval=50>･･････
2-09.txt,274,津名川セリフ◇ありがとう,ありがとう,谢谢
2-09.txt,338,津名川セリフ◇沙友は,沙友はかわいいから..<BR>大きくなったら自然にできるよ,沙友这么可爱･･････<BR>长大了自然就能找到恋人
2-09.txt,346,沙友セリフ◇そか,<TYPE style=Fade>そかぁ<TYPE interval=50>･･････,<TYPE style=Fade>这样啊<TYPE interval=50>･･････
2-09.txt,360,エマセリフ◇わたし,わたし..　宗慈さんの<BR>恋人になる！,我･･････<BR>要当宗慈的恋人！
2-09.txt,367,津名川セリフ◇うーん,うーん<TYPE interval=40>･･････</TYPE>...<BR>まいったな,唔嗯<TYPE interval=40>･･････</TYPE>･･････<BR>真让人头疼啊。
2-09.txt,392,津名川セリフ◇がんばれば,がんばれば出来るという<BR>ものでもないんだよ,有些事可不是光凭努力就能做到的<BR>啊。
2-09.txt,396,津名川セリフ◇それに,それに..　ふとした事で<BR>突然の出会いってのも..<BR>あるかもしれないからね,而且･･････ 说不定也会因为某些偶然的契机<BR>迎来突如其来的相遇･･････<BR>呢。
2-09.txt,414,エマセリフ◇はぁ,はぁ<TYPE interval=40>･･･</TYPE>..　そーじさん..<BR>ほんと.奥手なんだから,哈啊<TYPE interval=40>･･････</TYPE>･･････ 宗慈先生･･････<BR>真是个腼腆的人呢。
2-09.txt,418,沙友セリフ◇おくて,おくてー？,腼腆？
2-09.txt,443,エマセリフ◇いいわ,<TYPE interval=40>いいわ,<TYPE interval=40>好啊
2-09.txt,452,エマセリフ◇わたし,わたし<BR>そーじさんの<BR>恋人になる！,我<BR>要成为宗慈先生的<BR>恋人！
2-09.txt,459,津名川セリフ◇うーん,うーん<TYPE interval=40>･･････</TYPE>...<BR>まいったな,唔嗯<TYPE interval=40>･･････</TYPE>･･････<BR>真让人头疼啊。
2-09.txt,484,津名川セリフ◇誰にだって,誰にだって..<BR>難しいものだよ,这种事对谁来说･･････<BR>都不容易啊。
2-09.txt,488,津名川セリフ◇でも,でも..自然となんとか<BR>なるものじゃないのかな,不过･･････ 顺其自然的话<BR>总能水到渠成的不是吗。
2-09.txt,505,エマセリフ◇そーじ,そーじさん...　それ..<BR>“破れ鍋に綴じ蓋”<BR>　ってやつね,宗慈先生･･････ 那个･･････<BR>就是常说的“破锅配烂盖”<BR>　呢。
2-09.txt,509,津名川セリフ◇そういう,そういうことかな<TYPE interval=40>･･･,是那个意思吗<TYPE interval=40>･･････
2-09.txt,514,透花セリフ◇エマ,エマ..<BR>ものしりね,艾玛･･････<BR>你真博学呢。
2-09.txt,545,エマセリフ◇いいわ,<TYPE interval=40>いいわ,<TYPE interval=40>好啊
2-09.txt,549,エマセリフ◇わたし,<TYPE interval=50>わたし.<BR>そーじさんの<BR>恋人になる！,<TYPE interval=50>我.<BR>要成为宗慈先生的<BR>恋人！
2-09.txt,558,津名川セリフ◇うーん,うーん<TYPE interval=40>･･････</TYPE>...<BR>まいったな,唔嗯<TYPE interval=40>･･････</TYPE>...<BR>真让人头疼啊。
2-10.txt,15,スパッドセリフ◇で,<TYPE interval=30>･･････</TYPE>で..　何か<BR>分かったのか,<TYPE interval=30>･･････</TYPE>那么..有<BR>查出什么吗
2-10.txt,30,諜報員セリフ◇は,は,是
2-10.txt,34,諜報員セリフ◇データ,データの引き出しには<BR>成功しました,数据提取<BR>已经成功了
2-10.txt,46,スパッドセリフ◇データ,"データ？,.<BR>見せてみろ",数据？<BR>给我看看
2-10.txt,58,スパッドセリフ◇くだらん,くだらん<TYPE interval=40>･･････</TYPE><BR>....こんなもの..　その辺の<BR>小学生でもでっち上げられる<BR>というのだ,简直胡扯<TYPE interval=40>･･････</TYPE><BR>･･････这种东西･･････随便找个<BR>小学生都能编出来<BR>你管这叫成果？
2-10.txt,62,スパッドセリフ◇うんぬん,データうんぬんの<BR>問題ではない....<BR><TYPE interval=50>分からんのか,这根本不是<BR>数据不数据的问题･･････<BR><TYPE interval=50>你还不明白吗
2-10.txt,73,スパッドセリフ◇兵器,"兵器というのはな....<BR>勝つためにあるのだ,.<BR>結果が全てなのだ","所谓兵器....<BR>是为了取胜而存在的,.<BR>结果才代表一切"
2-10.txt,77,スパッドセリフ◇ソレだけ,"<TYPE interval=90>ソレだけが存在原理なのだ</TYPE>,.<BR>それが<TYPE interval=40>･･････","<TYPE interval=90>这才是它存在的唯一原理</TYPE>,.<BR>而那东西竟然<TYPE interval=40>･･････"
2-10.txt,81,スパッドセリフ◇それが,それが生身の<TYPE interval=40>･･････</TYPE>...<BR>しかも女子供に<BR>破壊されましたなどと,竟然被血肉之身的<TYPE interval=40>･･････</TYPE>･･････<BR>而且还是被一群女人和孩子<BR>给击破了之类的
2-10.txt,85,スパッドセリフ◇どうやって,どうやって報告する<BR>つもりだ...</TYPE>　<TYPE interval=40>貴様,你让我怎么<BR>写报告･･････</TYPE>　<TYPE interval=40>你这混蛋
2-10.txt,98,スパッドセリフ◇今必要,今必要なのは<BR>こんな数字ではない,现在需要的<BR>根本不是这种数字
2-10.txt,104,スパッドセリフ◇私が,私が欲しいのは.<BR>秘密なのだよ,我真正想要的<BR>是秘密啊
2-10.txt,108,スパッドセリフ◇あの,<TYPE interval=100>あの強さの,<TYPE interval=100>那种强大力量背后的
2-10.txt,112,諜報員セリフ◇は,<TYPE interval=30>･･････</TYPE>は,<TYPE interval=30>･･････</TYPE>是
2-10.txt,135,スパッドセリフ◇調べろ,調べろ....　それが<BR>お前の仕事だろう,去给我查清楚･･････ 那<BR>不就是你的工作吗
2-10.txt,142,諜報員セリフ◇はっ,<TYPE interval=40>はっ,<TYPE interval=40>是！
2-10.txt,151,スパッドセリフ◇このデータ,"<TYPE interval=30>･･････</TYPE>このデータ,<BR>研究開発部に渡してやれ","<TYPE interval=30>･･････</TYPE>把这些数据,<BR>交给研究开发部吧"
2-10.txt,155,スパッドセリフ◇あの,あのビデオも付けてな,把那个录像也一起附上
2-10.txt,163,スパッドセリフ◇私には,私には意味の無いものだが...<BR>あいつらにはなかなか<BR>面白いかもしれん,虽然对我来说毫无意义･･････<BR>但对那帮家伙来说<BR>说不定还挺有趣的
2-10.txt,167,スパッドセリフ◇アタマ,アタマデッカチどもには..<BR>こういうものが薬にもなる,对那帮老顽固来说･･････<BR>这种东西也能给他们当良药
2-10.txt,171,諜報員セリフ◇了解,<TYPE interval=50>了解しました,<TYPE interval=50>明白了
2-10.txt,192,スパッドセリフ◇どいつも,<TYPE interval=90>どいつもこいつも</TYPE><TYPE interval=50>･･････</TYPE>....<BR>使えん奴等め,<TYPE interval=90>一个个都</TYPE><TYPE interval=50>･･････</TYPE>･･････<BR>全是些没用的废物
2-10.txt,219,透花セリフ◇洗濯物,洗濯物<BR>これでぜんぶ？,要洗的衣服<BR>就这些了吗？
2-10.txt,221,沙友セリフ◇さゆ,さゆ...　まだ<BR>ぬいでない,沙友･･････ 还没<BR>脱呢
2-10.txt,223,透花セリフ◇あ,<TYPE interval=50>あ..　下着は後で<BR>洗うからいいよ,<TYPE interval=50>啊･･････ 内衣等会儿<BR>再洗就行了
2-10.txt,225,沙友セリフ◇ぱんつ,ぱんつ<BR>ぬいだ！,内裤<BR>脱掉啦！
2-10.txt,265,エマセリフ◇順番,順番いい？...<BR>先に入っちゃって,顺序没关系吧？･･････<BR>你先洗吧
2-10.txt,272,透花セリフ◇うん,うん...<BR>ごめんねエマ,嗯･･････<BR>对不起啊艾玛
2-10.txt,276,エマセリフ◇ううん,ううん...　じゃ.<BR>入るね～,"没事･･････ 那,<BR>我进去了哦〜"
2-10.txt,280,エマセリフ◇一番風呂,一番風呂<BR>好きなんだ～,我最喜欢<BR>洗第一个澡了〜
2-10.txt,313,大窓/エマセリフ◇ふぁ,<TYPE style=Fade interval=100>ふぁ～,<TYPE style=Fade interval=100>哈啊〜
2-10.txt,317,大窓/沙友セリフ◇さゆ,さゆはからだを<BR>あらいますか？,沙友要洗<BR>身体了哦？
2-10.txt,321,大窓/透花セリフ◇うん,うん..<BR>いっしょに洗おう,嗯･･････<BR>一起洗吧
2-10.txt,332,大窓/沙友セリフ◇せけーん,せけーん..<BR>あけてい？,肥皂･･････<BR>可以打开吗？
2-10.txt,336,大窓/透花セリフ◇石鹸は,石鹸はまだあるから..<BR>新しいの開けちゃだめ,肥皂还有剩･･････<BR>不能开新的
2-10.txt,340,大窓/透花セリフ◇開けたら,開けたら<BR>あんまり持たないの<BR>なんだから<TYPE interval=40>･･････,打开了的话<BR>用不了多久的<BR>真是的<TYPE interval=40>･･････
2-10.txt,353,大窓/エマセリフ◇その,その石鹸...<BR>香が好き,那块肥皂･･････<BR>我很喜欢它的香味
2-10.txt,359,大窓/沙友セリフ◇うん,うん！...<BR>よいにおいです,嗯！･･････<BR>很好闻呢
2-10.txt,363,大窓/透花セリフ◇確かに,確かに..普通のは<BR>ちょっと強すぎるよね,确实･･････普通的<BR>味道有点太浓了呢
2-11.txt,23,津名川セリフ◇ん,ん...　沙友....<BR>眠いのかい,嗯･･････沙友･･････<BR>困了吗？
2-11.txt,27,沙友セリフ◇ううん,"<TYPE style=Fade>ううん<TYPE interval=50>･･････</TYPE>,<BR>うん<TYPE interval=50>･･････","<TYPE style=Fade>没<TYPE interval=50>･･････</TYPE>,<BR>嗯<TYPE interval=50>･･････"
2-11.txt,39,エマセリフ◇わたしも,わたしもなんだか<BR>ねむくなっちゃった,我也莫名其妙地<BR>犯困了
2-11.txt,57,透花セリフ◇わたしも,<TYPE interval=80>わたしも</TYPE><TYPE interval=50>･･････,<TYPE interval=80>我也</TYPE><TYPE interval=50>･･････
2-11.txt,66,津名川セリフ◇もう,もう９時だから...<BR>そろそろ寝なさい,已经9点了･･････<BR>差不多该睡了
2-11.txt,72,津名川セリフ◇ちゃんと,ちゃんと寝る前に<BR>薬を飲むんだよ,睡前记得<BR>把药吃了
2-11.txt,91,透花セリフ◇はぁい,<FONT size=20>はぁい,<FONT size=20>好——
2-11.txt,99,沙友セリフ◇おやすみ,おやすみなさーい,晚安——
2-11.txt,101,エマセリフ◇おやすみ,おやすみ,晚安
2-11.txt,103,透花セリフ◇おやすみ,おやすみなさい,晚安
2-11.txt,124,津名川セリフ◇おやすみ,おやすみ,晚安
2-11.txt,128,津名川セリフ◇さて,さて...　風呂にでも<BR>入るかな<TYPE interval=40>･･････,好了･･････去洗个澡<BR>吧<TYPE interval=40>･･････
2-11.txt,163,津名川セリフ◇ふぅ,ふぅ<TYPE interval=40>･･････,呼<TYPE interval=40>･･････
2-11.txt,169,津名川セリフ◇沈黙,<TYPE interval=50>･･･････････,<TYPE interval=50>･･････
2-11.txt,188,津名川セリフ◇現実感が,現実感がない,太不真实了
2-11.txt,192,津名川セリフ◇本当に,本当にあの子達が<BR>歩行戦車を破壊した<BR>んだろうか,那些女孩真的<BR>破坏了步行战车<BR>吗
2-11.txt,198,津名川セリフ◇何もかも,何もかもが溶けて...<BR>どんどんあいまいに<BR>なっていくみたいだ,一切仿佛都化开了･･････<BR>变得越来越<BR>模糊不清
2-11.txt,215,津名川セリフ◇どうすれば,<TYPE style=Fade interval=90><FONT size=22>どうすればいいんだ</FONT>,<TYPE style=Fade interval=90><FONT size=22>我该怎么办才好</FONT>
2-11.txt,219,津名川セリフ◇何が,<TYPE style=Fade interval=90><FONT size=22>何が問題なんだろう</FONT>,<TYPE style=Fade interval=90><FONT size=22>问题到底出在哪里</FONT>
2-12.txt,14,津名川セリフ◇ん,ん..　留守電<BR>はいってたのか,嗯･･････留言电话<BR>有留言啊
2-12.txt,19,津名川セリフ◆誰から,誰からだ<TYPE interval=40>･･････？,是谁呢<TYPE interval=40>･･････？
2-12.txt,45,津名川セリフ◇無言か,無言か<TYPE interval=40>･･････,没说话吗<TYPE interval=40>･･････
2-13.txt,8,津名川セリフ◇整理,"整理しよう<TYPE interval=40>･･････</TYPE>,..<BR>考えをまとめよう",整理一下思绪吧<TYPE interval=40>･･････</TYPE>･･････<BR>好好理清头绪
2-13.txt,14,津名川セリフ◇今,<TYPE style=Fade interval=80><FONT color=white size=20>今.　何が問題だ？,<TYPE style=Fade interval=80><FONT color=white size=20>现在，问题出在哪里？
2-13.txt,20,津名川セリフ◇沈黙,<TYPE interval=70>･･････,<TYPE interval=70>･･････
2-13.txt,37,津名川セリフ◇ん,ん...　誰だい？,嗯･･････是谁？
2-13.txt,57,沙友セリフ◇さゆ,<TYPE style='Fade'>さゆ<TYPE interval=40>･･････</TYPE></TYPE>,<TYPE style='Fade'>沙友<TYPE interval=40>･･････</TYPE></TYPE>
2-13.txt,78,津名川セリフ◇なんだ,なんだ...　どうした..<BR>こんな時間に,怎么了･･････<BR>这么晚了，出什么事了？
2-13.txt,84,沙友セリフ◇こわい,こわいなんです<TYPE interval=40>･･････,我好害怕･･････<TYPE interval=40>･･････
2-13.txt,92,津名川セリフ◇眠れない,眠れないのかい？,睡不着吗？
2-13.txt,96,沙友セリフ◇うん,うん<TYPE interval=40>･･････,嗯<TYPE interval=40>･･････
2-13.txt,109,津名川セリフ◇なでなで,<TYPE interval=70>･･････,<TYPE interval=70>･･････
2-13.txt,113,津名川セリフ◇おいで,おいで....<BR>お茶を飲むかい？,过来吧･･････<BR>喝点茶吗？
2-13.txt,117,沙友セリフ◇ううん,ううん<TYPE interval=40>･･････,没有的事･･････<TYPE interval=40>･･････
2-13.txt,128,沙友セリフ◇せんせい,せんせい...<BR>あの<TYPE interval=40>･･････</TYPE>..このまえの....<BR>あのろぼ～と<TYPE interval=40>･･････,老师･･････<BR>那个<TYPE interval=40>･･････</TYPE>･･････就是前阵子･･････<BR>那个机〜器人･･････<TYPE interval=40>･･････
2-13.txt,132,津名川セリフ◇ああ,<TYPE interval=30>･･････</TYPE>ああ...<BR>突然だったからね,<TYPE interval=30>･･････</TYPE>啊･･････<BR>毕竟当时事发突然
2-13.txt,149,沙友セリフ◇でも,でも..　おおきくなたら...<BR>もーと.　あのろぼーとを<BR>たたかわなくちゃ<BR>いけない？,可是･･････等我长大了･･････<BR>就、就还要･･････去和那个机器人<BR>战斗･･････<BR>了吗？
2-13.txt,151,津名川セリフ◇沈黙,<TYPE interval=70>････････････,<TYPE interval=70>･･････
2-13.txt,159,沙友セリフ◇うん,うん..<BR>でも<TYPE interval=40>･･････,嗯･･････<BR>但是･･････<TYPE interval=40>･･････
2-13.txt,179,選択肢◇そんなこと,<FONT color=red><TYPE interval=0>そんなことはない<BR>先生がそんなこと<BR>させないよ</FONT>,<FONT color=red><TYPE interval=0>不会的<BR>老师不会让你<BR>做那种事</FONT>
2-13.txt,180,選択肢◇そうだね,<FONT color=red><TYPE interval=0>そうだね<BR>でも　だんだん慣れて<BR>怖くなくなるよ　きっと</FONT>,<FONT color=red><TYPE interval=0>是啊<BR>不过慢慢习惯之后<BR>一定就不会害怕了</FONT>
2-13.txt,181,選択肢◇嫌なの,<FONT color=red><TYPE interval=0>･･････嫌なのかい？</FONT>,<FONT color=red><TYPE interval=0>･･････不愿意吗？</FONT>
2-13.txt,210,沙友セリフ◇うん,うん<TYPE interval=40>･･･</TYPE>...せんせ<TYPE interval=40>･･････,嗯･･････<TYPE interval=40>･･････</TYPE>･･････老师･･････<TYPE interval=40>･･････
2-13.txt,215,津名川セリフ◇ごめんな,ごめんな<TYPE interval=60>･･････,对不起･･････<TYPE interval=60>･･････
2-13.txt,219,沙友セリフ◇ううん,ううん<TYPE interval=60>･･････,没有的事･･････<TYPE interval=60>･･････
2-13.txt,231,津名川セリフ◇得意,"<FONT color=white size=20><B><TYPE interval=30>･･････</TYPE>得意だから、..能力があるからというのと、<BR>...それが好きだとか、.天職だとかいうのは全然違うことだ。<BR><BR>,,『なにかのため』..に生まれてくる者などいるだろうか。</B></FONT>",<FONT color=white size=20><B><TYPE interval=30>...</TYPE>擅长、有能力，和<BR>...喜欢这件事、把它当作天职，完全是两回事。<BR><BR>真的会有人是“为了某件事”而生的吗。</B></FONT>
2-13.txt,238,津名川セリフ◇自分が,"<FONT color=white size=20><B>残酷なことをしているなんて、..分かっていたつもりだ。,..<BR><TYPE interval=30>･･････</TYPE>だが、..どこかでやはり、彼女達の能力に甘えて<BR>いたかもしれない。,,<BR><BR>力の強さと、心の強さは、全く違うものなのに。</B></FONT>","<FONT color=white size=20><B>我本以为自己很清楚，..自己正在做着残酷的事情。,..<BR><TYPE interval=30>･･････</TYPE>但是，..或许在内心的某个地方，我终究还是依赖了她们的能力。,,<BR><BR>明明力量的强大，与内心的强大，完全是两码事。</B></FONT>"
2-13.txt,245,津名川セリフ◇何も知らず,"<FONT color=white size=20>何も知らずに強力な剣を握らされている。,...<BR>大の大人でも抜き身のナイフを持てばプレッシャーを<BR>感じるものなのに。,,<BR>何もかもが怖いだろう。,戦いが、...敵が、...自分自身が。,,<BR><BR>こんなに近くにいるのに、..分かってやれなかった<TYPE interval=40>･･････。</B></FONT>","<FONT color=white size=20>她们什么都不知道，却被迫握住了强大的剑...<BR>就连成年人手持出鞘的刀，也会感到压力,<BR>她们一定什么都害怕吧。战斗、敌人、还有自己本身,<BR><BR>明明离得这么近，我却没能理解她们<TYPE interval=40>...</B></FONT>"
2-13.txt,255,津名川セリフ◇沙友,沙友...　今夜は先生と<BR>寝るかい？,沙友･･････今晚跟老师<BR>一起睡好吗？
2-13.txt,274,沙友セリフ◇いい,<TYPE interval=30>･･････</TYPE>いいんです？,<TYPE interval=30>･･････</TYPE>真的可以吗？
2-13.txt,278,津名川セリフ◇ああ,ああ,嗯
2-13.txt,287,沙友セリフ◇でもいつも,でも..　いつも..<BR>ひとりでねなさいーて..<BR>いうのに<TYPE interval=40>･･････,可是･･････平时･･････<BR>老师都叫我一个人<BR>乖乖睡觉的･･････<TYPE interval=40>･･････
2-13.txt,291,沙友セリフ◇エマとか,エマとか.　とーかも.<BR>おこるかも<TYPE interval=40>･･････,艾玛，还有透花･･････<BR>可能会生气的･･････<TYPE interval=40>･･････
2-13.txt,295,津名川セリフ◇今夜は,"今夜は特別,.<BR>大丈夫だよ","今晚是特例,<BR>没关系的"
2-13.txt,310,沙友セリフ◇やた,<TYPE interval=30>･･････</TYPE>えへ<TYPE interval=40>･･･</TYPE>やた....<BR><TYPE interval=30>･･･</TYPE>せんせい,<TYPE interval=30>･･････</TYPE>嘿嘿･･････<TYPE interval=40>･･････</TYPE>太好啦･･････<BR><TYPE interval=30>･･････</TYPE>老师
2-13.txt,329,津名川セリフ◇沈黙,<TYPE interval=70>････････････,<TYPE interval=70>･･････
2-13.txt,333,沙友セリフ◇ぇへへ,ぇへへ,嘿嘿嘿
2-13.txt,337,沙友セリフ◇せんせい,せんせい...<BR>あたかいよ～,老师･･････<BR>好暖和呀〜
2-13.txt,349,津名川セリフ◇かわいい,かわいいな,真可爱啊
2-13.txt,353,津名川セリフ◇こんな,こんなふうにしてると...<BR>ほんとにただの女の子なのに,像这样待在一起的话･･････<BR>明明真的就只是个普通女孩子啊
2-13.txt,357,沙友セリフ◇にゃ,にゃ,喵
2-13.txt,382,津名川セリフ◇そんなこと,そんなことはない,没那回事
2-13.txt,386,津名川セリフ◇先生が,先生がそんなこと<BR>させないよ,老师才不会<BR>让你做那种事呢
2-13.txt,409,沙友セリフ◇本当に,本当に？,真的吗？
2-13.txt,418,津名川セリフ◇ああ,"ああ<TYPE interval=40>･･･</TYPE>,<BR>本当に<TYPE interval=40>･･････","啊<TYPE interval=40>･･････</TYPE>,<BR>真的<TYPE interval=40>･･････"
2-13.txt,427,沙友セリフ◇でも,でも....<BR>エマやとーかは<BR>たたかうの？,但是･･････<BR>艾玛和透花<BR>要去战斗吗？
2-13.txt,431,津名川セリフ◇それは,それは<TYPE interval=40>･･････</TYPE>....<BR>沙友と一緒だよ,那个<TYPE interval=40>･･････</TYPE>･･････<BR>和沙友是一样的哦
2-13.txt,435,津名川セリフ◇もう,もうお前達に<BR>怖い思いはさせない,不会再让你们<BR>经历那种可怕的事了
2-13.txt,459,津名川セリフ◇そうだね,そうだね,是啊
2-13.txt,463,津名川セリフ◇でも,でも.　だんだん慣れて..<BR>怖くなくなるよ..　きっと,但是･･････慢慢习惯之后･･････<BR>就不会害怕了･･････一定会的
2-13.txt,481,沙友セリフ◇本当に,本当に？,真的吗？
2-13.txt,490,津名川セリフ◇ああ,"ああ<TYPE interval=40>･･･</TYPE>,<BR>本当に<TYPE interval=40>･･････","啊<TYPE interval=40>･･････</TYPE>,<BR>真的<TYPE interval=40>･･････"
2-13.txt,509,沙友セリフ◇うん,<TYPE interval=30>･････････</TYPE>うん,<TYPE interval=30>･･････</TYPE>嗯
2-13.txt,528,津名川セリフ◇違う,違う<TYPE interval=40>･･････,不对<TYPE interval=40>･･････
2-13.txt,532,津名川セリフ◇慣れ,慣れなんか<BR>あるものか,怎么可能<BR>习惯得了
2-13.txt,536,津名川セリフ◇こんなの,こんなのは..<BR>その場しのぎの嘘だ,这种话･･････<BR>不过是敷衍了事的谎言罢了
2-13.txt,557,津名川セリフ◇嫌なの,<TYPE interval=60>･･････</TYPE>嫌なのかい？,<TYPE interval=60>･･････</TYPE>你讨厌吗？
2-13.txt,583,沙友セリフ◇うん,うん<TYPE interval=40>･･････</TYPE>....<BR>だて<TYPE interval=40>･･････,嗯<TYPE interval=40>･･････</TYPE>･･････<BR>因〜为<TYPE interval=40>･･････
2-13.txt,587,沙友セリフ◇だて,だて<TYPE interval=40>･･･..</TYPE>だてー<TYPE interval=40>･･････</TYPE>..<BR>こわいんだもん,因〜为<TYPE interval=40>･･････</TYPE>因〜为——<TYPE interval=40>･･････</TYPE>･･････<BR>人家害怕嘛
2-13.txt,591,沙友セリフ◇ひ,"ひ<TYPE interval=50>･･････</TYPE>...ぅ<TYPE interval=50>･･････</TYPE>,<BR>こわいよぅ<TYPE interval=50>･･････","呜<TYPE interval=50>･･････</TYPE>･･････嗯<TYPE interval=50>･･････</TYPE>,<BR>好害怕呀<TYPE interval=50>･･････"
2-13.txt,605,津名川セリフ◇うん,うん<TYPE interval=40>･･････,嗯<TYPE interval=40>･･････
2-13.txt,612,津名川セリフ◇当り前だ,当り前だ<BR>そんなことは,这种事<BR>是理所当然的
2-13.txt,616,津名川セリフ◇この子達は,この子達はただ..<BR>強いってだけなんだ,这些孩子只是･･････<BR>比较强而已
2-13.txt,620,津名川セリフ◇兵器,兵器じゃない,不是兵器
2-13.txt,645,津名川セリフ◇眠ろう,<TYPE interval=30>･･････</TYPE>眠ろうか,<TYPE interval=30>･･････</TYPE>睡觉吧
2-13.txt,653,沙友セリフ◇眠り,<TYPE interval=70>････････････,<TYPE interval=70>･･････
2-13.txt,667,津名川セリフ◇沙友,沙友<TYPE interval=30>･･････？,沙友<TYPE interval=30>･･････？
2-13.txt,673,沙友セリフ◇寝息,<TYPE style=Fade interval=100>すぅ～,<TYPE style=Fade interval=100>呼〜
2-13.txt,692,津名川セリフ◇おやすみ,<TYPE interval=30>･･････</TYPE>おやすみ...<BR>沙友<TYPE interval=40>･･････,<TYPE interval=30>･･････</TYPE>晚安･･････<BR>沙友<TYPE interval=40>･･････
2-13.txt,702,津名川セリフ◇かわいい,かわいいね...<BR>沙友は,真可爱啊･･････<BR>沙友她
2-13.txt,714,津名川セリフ◇沙友,沙友<TYPE interval=40>･･･,沙友<TYPE interval=40>･･････
2-13.txt,717,沙友セリフ◇ん,ん<TYPE interval=40>･･･,嗯<TYPE interval=40>･･････
2-13.txt,725,沙友セリフ◇せんせい,"せんせい？,<BR><TYPE interval=30>･･･</TYPE>いつもは<BR>おでこなのに",老师？<BR><TYPE interval=30>･･････</TYPE>平时明明都是<BR>亲额头的
2-13.txt,728,沙友セリフ◇どーして,どーして..<BR>おくちなの？,为〜什么･･････<BR>是嘴巴呀？
2-13.txt,731,津名川セリフ◇口の方が,口のほうが想いが<BR>伝わるからだよ,因为用嘴巴<BR>更能传达心意哦
2-13.txt,734,津名川セリフ◇沙友は,<TYPE interval=30>･･････</TYPE>沙友は嫌かい？,<TYPE interval=30>･･････</TYPE>沙友讨厌吗？
2-13.txt,754,沙友セリフ◇ううん,"ううん<TYPE interval=40>･･･</TYPE>,.<BR>さゆの<TYPE interval=40>･･･</TYPE>おくち...<BR>もっとして<TYPE interval=40>･･････","不〜<TYPE interval=40>･･････</TYPE>,<BR>沙友的<TYPE interval=40>･･････</TYPE>嘴巴･･････<BR>想要更多<TYPE interval=40>･･････"
2-13.txt,760,津名川セリフ◇じゃあ,じゃあ<TYPE interval=40>･･･</TYPE>...<BR>目を閉じて,那<TYPE interval=40>･･････</TYPE>･･････<BR>闭上眼睛
2-13.txt,778,沙友セリフ◇こう,こう？,这样？
2-13.txt,783,沙友セリフ◇吐息,んん<TYPE interval=40>･･････,嗯嗯<TYPE interval=40>･･････
2-15.txt,42,桐田セリフ◇調整,調整して<BR>おきました,已经<BR>调整好了
2-15.txt,46,桐田セリフ◇戦闘,戦闘モードに<BR>ロックしたまま<BR>寝かせてあります,让她在锁定<BR>战斗模式的状态下<BR>睡着了
2-15.txt,50,桐田セリフ◇このまま,このまま起きていても<BR>体力を消耗するだけですから,毕竟这样一直醒着<BR>也只会白白消耗体力
2-15.txt,54,エレンセリフ◇そうね,そうね,也是呢
2-15.txt,73,エレンセリフ◇朝か,"朝か<TYPE interval=40>･･････</TYPE>,.<BR>寝てないの？,.<BR>大丈夫？","早上了<TYPE interval=40>･･････</TYPE>,<BR>没睡吗？<BR>没事吧？"
2-15.txt,75,エレンセリフ◇それほど,それほど<BR>急いでるわけじゃ<BR>なかったんだけど,其实也没<BR>那么赶<BR>就是了
2-15.txt,77,エレンセリフ◇悪いわね,悪いわね,抱歉啊
2-15.txt,79,エレンセリフ◇年頃の,年頃の女の子に<BR>無理させて,让正值年轻的<BR>女孩子这么勉强
2-15.txt,112,桐田セリフ◇いえ,いえ...<BR>仕事ですから,不･･････<BR>毕竟是工作嘛
2-15.txt,128,桐田セリフ◇他に,他にやることも<BR>ありませんし,反正我也<BR>没别的事可做
3-01.txt,11,品藤セリフ◇へぇ,"<TYPE interval=80><FONT color=""#000000"">へぇ<TYPE interval=55>･･････<BR>,<TYPE interval=60>こんなところだったの","<TYPE interval=80><FONT color=""#000000"">哦<TYPE interval=55>･･････<BR>,<TYPE interval=60>原来是这种地方啊"
3-01.txt,15,津名川セリフ◇あ　うん,"<FONT color=""#000000"">あ...　うん","<FONT color=""#000000"">啊･･････嗯"
3-01.txt,19,グラハムセリフ◇いいところ,"<TYPE interval=70><FONT color=""#000000"">いいところじゃないか","<TYPE interval=70><FONT color=""#000000"">这地方不错嘛"
3-01.txt,23,津名川セリフ◇ずいぶん,"<TYPE interval=60><FONT color=""#000000"">はは.....　<TYPE interval=50>ずいぶん手を<BR>入れましたから","<TYPE interval=60><FONT color=""#000000"">哈哈･･････　<TYPE interval=50>毕竟我花了不少功夫<BR>打理呢"
3-01.txt,49,津名川セリフ◇お客さんを,<TYPE interval=60>お客さんを..連れて来たよ,<TYPE interval=60>我带客人･･････来了哦
3-01.txt,54,津名川セリフ◇品藤は,<TYPE interval=60>品藤は...知ってるよね？,<TYPE interval=60>品藤･･････你认识吧？
3-01.txt,69,津名川セリフ◇こちら,<TYPE interval=65>こちらの方は...<BR>グラハムさん,<TYPE interval=65>这位是･･････<BR>格拉汉姆先生
3-01.txt,73,津名川セリフ◇一番,<TYPE interval=60>グラハムさんは...<BR>古痕で.一番偉い人なんだ,<TYPE interval=60>格拉汉姆先生是･･････<BR>古痕里职位最高的人
3-01.txt,77,津名川セリフ◇挨拶,"<TYPE interval=80>挨拶,　できるね？",<TYPE interval=80>会打招呼吧？
3-01.txt,82,沙友セリフ◇おじいちゃん,"<FONT size=17 face=""ＭＳ ゴシック\><TYPE interval=50>おじいちゃん<BR>.<TYPE interval=40>はじめまして,<BR><TYPE interval=50>さゆです","<FONT size=17 face=""ＭＳ ゴシック\><TYPE interval=50>爷爷<BR>.<TYPE interval=40>初次见面,<BR><TYPE interval=50>我是沙友〜"
3-01.txt,102,グラハムセリフ◇ただの,<TYPE interval=60>ただの..おじいさんさ,<TYPE interval=60>只是个･･････老头子罢了
3-01.txt,111,津名川セリフ◇おいおい,<TYPE interval=40>オイオイ,<TYPE interval=40>哎呀哎呀
3-01.txt,123,エマセリフ◇はじめまして,"<TYPE interval=40>はじめまして,<BR><TYPE interval=60>エマです...<BR>よろしくお願いします","<TYPE interval=40>初次见面,<BR><TYPE interval=60>我是艾玛･･････<BR>请多关照"
3-01.txt,137,透花セリフ◇グラハムさん,"<TYPE interval=50>グラハムさん...<BR>はじめまして,透花といいます",<TYPE interval=50>格拉汉姆先生･･････<BR>初次见面，我叫透花
3-01.txt,144,透花セリフ◇よ,<TYPE interval=50>よろしく<BR>お願いします,<TYPE interval=50>请多<BR>关照
3-01.txt,173,グラハムセリフ◇･･････,<TYPE interval=60>･･････,<TYPE interval=60>･･････
3-01.txt,178,グラハムセリフ◇いい子達だ,<TYPE interval=110>いい子達だ,<TYPE interval=110>真是群好孩子啊
3-02-B.txt,25,倉巳セリフ◇働かざるもの,<TYPE interval=70>働かざる者...<BR>食うべからず..ってか,<TYPE interval=70>不劳动者･･････<BR>不得食･･････之类的吧
3-02-B.txt,29,倉巳セリフ◇つまらない,･･･<TYPE interval=60>...つまらないゲームで....<BR>チップを減らしたく<BR>ないんだけどね,･･････<TYPE interval=60>･･････可不想<BR>在无聊的游戏上･･････<BR>白白浪费筹码啊
3-02-B.txt,42,倉巳セリフ◇どっか,<TYPE interval=60>どっか... <TYPE interval=45>大きく張れるネタが...<BR>ないもんかね.っと,<TYPE interval=60>哪儿･･････ <TYPE interval=45>有没有能大赚一笔的猛料･･････<BR>呢。嗯。
3-02-B.txt,47,倉巳セリフ◇･･････,<TYPE interval=120>･･････,<TYPE interval=120>･･････
3-02-B.txt,52,友人セリフ◇倉巳さん,<FONT size=22 face='G'>倉巳さ<TYPE interval=400 speed=400 style=Spring>～.</TYPE>ん,<FONT size=22 face='G'>仓巳<TYPE interval=400 speed=400 style=Spring>〜</TYPE>.
3-02-B.txt,69,友人セリフ◇すいません,<TYPE interval=70>すいません...<BR>待たせちゃって,<TYPE interval=70>抱歉啊･･････<BR>让你久等了
3-02-B.txt,77,倉巳セリフ◇･･････ここ,<TYPE interval=55>･･････<TYPE interval=78>ここ..<BR><TYPE interval=60>お前のオゴリだからな,<TYPE interval=55>･･････<TYPE interval=78>这儿･･････<BR><TYPE interval=60>今天你请客啊
3-02-B.txt,91,友人セリフ◇わかってます,<TYPE interval=45>わかってますってば..<BR>現像取りに行ってて,<TYPE interval=45>知道啦知道啦･･････<BR>我去拿冲洗的照片了嘛
3-02-B.txt,95,友人セリフ◇今回は,<TYPE interval=50>今回は.すっごいいいの<BR>入ってるんで..<BR>見せたかったんですよ,<TYPE interval=50>这次有<BR>非常棒的货到啦..<BR>所以想让你看看呢
3-02-B.txt,102,友人セリフ◇この子とか,"<TYPE interval=60>この子とか～,</TYPE><BR>ほらぁ～",<TYPE interval=60>比如这个女孩〜，</TYPE><BR>看〜
3-02-B.txt,130,倉巳セリフ◇現像って,"<TYPE interval=50>現像ってお前,<BR>まだアナログで<BR>撮ってるのか？","<TYPE interval=50>冲洗？你这家伙,<BR>还在用胶卷<BR>拍照啊？"
3-02-B.txt,134,倉巳セリフ◇いまどき,"<TYPE interval=50>いまどき現像なんて,<BR>バカ高くて...<BR>ワリに合わないだろ","<TYPE interval=50>这年头还冲洗,<BR>贵得要死･･････<BR>根本不划算吧"
3-02-B.txt,138,友人セリフ◇でも,"<TYPE interval=60>でも.フィルムはやっぱり,<BR>ボケが違うんですよ～","<TYPE interval=60>但胶卷拍出来的虚化,<BR>感觉就是不一样啊〜"
3-02-B.txt,156,倉巳セリフ◇つまんね～,"<TYPE interval=55>つまんね～コダワリ,<BR>捨てられねーんだよなぁ","<TYPE interval=55>真是无聊的执着,<BR>但就是舍弃不了啊"
3-02-B.txt,163,倉巳セリフ◇しっかし,"<TYPE interval=50>しっかし...　これ全部盗撮かよ,<BR>おまえもある意味すごいな","<TYPE interval=50>话说回来･･････这些全是你偷拍的啊,<BR>你某种意义上也挺厉害的"
3-02-B.txt,174,友人セリフ◇そ,<TYPE interval=70>そ...　そうかなぁ～</TYPE>？,<TYPE interval=70>是･･････这样吗〜</TYPE>？
3-02-B.txt,177,倉巳セリフ◇褒めてねよ,<TYPE interval=50>褒めてねえよ,<TYPE interval=50>我可没夸你
3-02-B.txt,190,倉巳セリフ◇･･････ふうん,<TYPE interval=30>･･････<TYPE interval=70>ふうん...<TYPE interval=60><BR>でも確かに...　良く撮れてる,<TYPE interval=30>･･････<TYPE interval=70>嗯･･････<TYPE interval=60><BR>不过确实･･････拍得挺不错的
3-02-B.txt,194,倉巳セリフ◇DIS,<TYPE interval=50>DIS 付き.　っていっても<BR>手持ちのサンニッパで..<BR>これだけピシピシきてるのは..<BR>立派なもんだ,<TYPE interval=50>带防抖的镜头，虽说如此･･････<BR>手持328･･････<BR>能抓得这么准･･････<BR>还真有两下子
3-02-B.txt,209,倉巳セリフ◇もうちょっと,<TYPE interval=55>もうちょっと..<BR>趣味の幅が広けりゃ..<BR>お前も売れただろうになぁ,<TYPE interval=55>要是你的拍摄题材･･････<BR>能再宽泛一点･･････<BR>你也能更吃香啊
3-02-B.txt,216,友人セリフ◇そうっすか,<TYPE interval=70>そうっすか～</TYPE>？,<TYPE interval=70>是这样吗〜</TYPE>？
3-02-B.txt,223,友人セリフ◇へへ,<TYPE interval=20>へへっ,<TYPE interval=20>嘿嘿
3-02-B.txt,247,友人セリフ◇倉巳さんだったら,<TYPE interval=60>倉巳さんだったら...<BR>こんな子とか<BR>いいんじゃないですか,<TYPE interval=60>如果是仓巳先生的话･･････<BR>像这样的女孩子･･････<BR>不是挺合适的吗
3-02-B.txt,254,倉巳セリフ◇ぉ,<TYPE interval=0>ぉ･･･！,<TYPE interval=0>哦･･････！
3-02-B.txt,263,倉巳セリフ◇ぉ前わかってきた,"<TYPE interval=50>ぉ前わかってきた<BR>じゃないか～！！,<BR>かっわいい子だなあ～",<TYPE interval=50>你这家伙，挺懂行了嘛<BR>〜！！<BR>真是个可爱的女孩子啊〜
3-02-B.txt,271,倉巳セリフ◇どこで,<TYPE interval=53>どこで撮ったんだよ？,<TYPE interval=53>在哪拍的？
3-02-B.txt,275,友人セリフ◇御苑っす,<TYPE interval=70>御苑っすよ～,<TYPE interval=70>御苑哦〜
3-02-B.txt,291,友人セリフ◇まだ,<TYPE interval=65>まだありますよ...<BR>ほら～,<TYPE interval=65>还有哦･･････<BR>你看〜
3-02-B.txt,295,友人セリフ◇これ,<TYPE interval=57>これとか,<TYPE interval=57>比如这张
3-02-B.txt,311,倉巳セリフ◇いいねえ,"<TYPE interval=70>いいねぇ～,<BR>ハーフかな？","<TYPE interval=70>真不错〜,<BR>是混血儿吗？"
3-02-B.txt,315,倉巳セリフ◇すげ,すげ･･･,真厉害･･････
3-02-B.txt,320,倉巳セリフ◇この子達,"<TYPE interval=60>本物の美少女だな,<BR>･･････この子達<BR>....どっかの事務所だよな～？","<TYPE interval=60>真是如假包换的美少女啊,<BR>･･････这几个小姑娘<BR>･･････是哪家事务所的吧〜？"
3-02-B.txt,324,倉巳セリフ◇目を引く,<TYPE interval=70>こんな目を引く子なら...<BR>見たら覚えるんだけどな･･･,<TYPE interval=70>这么惹眼的小姑娘･･････<BR>见过一次就该有印象的･･････
3-02-B.txt,353,倉巳セリフ◇調べてみるか,<TYPE interval=67>調べてみるか,<TYPE interval=67>去查查看吧
3-02.txt,48,エマセリフ◇･･････ぁ･･････,<TYPE interval=80><FONT size=15>･･･ぁ.･･･,<TYPE interval=80><FONT size=15>･･････啊･･････
3-02.txt,56,津名川セリフ◇うん･･････,"<TYPE interval=60>うん<TYPE interval=40>･･････</TYPE><TYPE interval=60><BR>,特に問題は..無いみたいだね",<TYPE interval=60>嗯<TYPE interval=40>･･････</TYPE><TYPE interval=60><BR>好像没什么･･････问题呢
3-02.txt,63,エマセリフ◇へへっ,<TYPE interval=40>..へへっ,<TYPE interval=40>･･････嘿嘿
3-02.txt,78,津名川セリフ◇体の,<TYPE interval=60>体の調整機能が..<BR>うまくいってるみたいだ,<TYPE interval=60>身体的调整机能･･････<BR>好像运转得很顺利
3-02.txt,85,エマセリフ◇調子,<TYPE interval=50>調子いいもん....<BR>最近,<TYPE interval=50>状态很好嘛･･････<BR>最近
3-02.txt,89,津名川セリフ◇それは,<TYPE interval=70>それは良かった,<TYPE interval=70>那就好
3-02.txt,119,エマセリフ◇うん,<FONT size=15>うん<TYPE interval=60>･･････,<FONT size=15>嗯<TYPE interval=60>･･････
3-02.txt,124,沙友セリフ◇さゆも,"<FONT size=20 face=""ＭＳ ゴシック\>さゆも　するの<TYPE interval=600 speed=600 style=Spring>～","<FONT size=20 face=""ＭＳ ゴシック\>沙友也要做<TYPE interval=600 speed=600 style=Spring>〜"
3-02.txt,131,津名川セリフ◇わかった,"<TYPE interval=70>わかったわかった,<BR>順番でね","<TYPE interval=70>知道了知道了,<BR>要排队哦"
3-02.txt,158,津名川セリフ◇確かに,"<TYPE interval=75>確かに休みとはいえ,<BR>最低限の定期検診は..<BR>しないとな","<TYPE interval=75>虽说确实是休息日,<BR>但最低限度的定期检查･･････<BR>还是得做啊"
3-02.txt,162,エマセリフ◇ね･･････,ね<TYPE interval=75>･･････,老师<TYPE interval=75>･･････
3-02.txt,172,エマセリフ◇昨日,"<TYPE interval=70>昨日のグラハムさん,<BR>本当に.何しに来たのかな","<TYPE interval=70>昨天的格拉汉姆先生,<BR>到底･･････是来干什么的呢"
3-02.txt,189,津名川セリフ◇本当に,<TYPE interval=60>本当もなにも...<BR>お前達に会いに来たんだろう,<TYPE interval=60>什么到底不到底的･･････<BR>不就是来见你们的嘛
3-02.txt,193,津名川セリフ◇すぐ,<TYPE interval=70>すぐ帰ってしまったしな,<TYPE interval=70>而且马上就回去了
3-02.txt,197,津名川セリフ◇意図,<TYPE interval=50>確かに意図は...<BR>よくわからないけど･･･,<TYPE interval=50>确实･･････<BR>搞不懂他的意图･･････
3-02.txt,214,津名川セリフ◇あの事件で,<TYPE interval=60>あの事件で...何かと<BR>目立ってしまったしな,<TYPE interval=60>毕竟在那起事件里･･････<BR>各方面都太引人注目了啊。
3-02.txt,218,津名川セリフ◇目を,<TYPE interval=50>目をかけてくれるのか...<BR>それとも.こちらの底を<BR>見抜きにきたのか･･･,<TYPE interval=50>他到底是器重我们･･････<BR>还是来摸清我们的底细･･････<BR>想把我们看穿呢･･････
3-02.txt,222,津名川セリフ◇わからん,<TYPE interval=70>わからん,<TYPE interval=70>真是搞不懂啊。
3-02.txt,245,津名川セリフ◇あの人,<TYPE interval=50>あの人は何か...<BR>不思議な力があるんだ,<TYPE interval=50>那个人身上有种･･････<BR>不可思议的力量。
3-02.txt,249,津名川セリフ◇人を,<TYPE interval=60>人を見通すような･･･,<TYPE interval=60>仿佛能看穿人心似的･･････
3-02.txt,253,津名川セリフ◇そんな人,<TYPE interval=70>そんな人の<BR>考えてることなんて...<BR>考えてもわかりっこないよ,<TYPE interval=70>那种人的<BR>脑子里在想什么･･････<BR>就算去猜也猜不透的哦。
3-02.txt,283,エマセリフ◇そっか･･････,<TYPE interval=110><FONT size=14>そっか<TYPE interval=60>･･････,<TYPE interval=110><FONT size=14>这样啊<TYPE interval=60>･･････
3-02.txt,290,エマセリフ◇なんだか,<TYPE interval=70>なんだか..　変な気持ちに..<BR>なったから･･･,<TYPE interval=70>因为不知怎么･･････<BR>心里觉得有点怪怪的･･････
3-02.txt,295,津名川セリフ◇変な気持ち,<TYPE interval=80>変な気持ち？,<TYPE interval=80>觉得怪怪的？
3-02.txt,311,エマセリフ◇ううん,"<TYPE interval=70><FONT size=15>ううん..,<BR><TYPE interval=60>･･････<TYPE interval=70>よくわかんない",<TYPE interval=70><FONT size=15>不是啦･･････<BR><TYPE interval=60>･･････<TYPE interval=70>就是不太明白。
3-02.txt,315,エマセリフ◇ごめんね,<FONT size=15>ごめんね,<FONT size=15>对不起哦。
3-02.txt,319,エマセリフ◇それじゃ,<TYPE interval=50>それじゃ..　わたし..<BR>もう行ってもいい？,<TYPE interval=50>那･･････我･･････<BR>可以先回去了吗？
3-02.txt,325,津名川セリフ◇･･････ん,･･････ん,･･････嗯
3-02.txt,345,津名川セリフ◇あと,<TYPE interval=50>あと.　調子は良くても.<BR>薬はちゃんと飲まないと<BR>ダメだからな..　エマ,"<TYPE interval=50>还有，就算感觉好点了,<BR>药也得乖乖按时吃,<BR>不许偷懒哦･･････艾玛。"
3-02.txt,349,エマセリフ◇はーい,<TYPE interval=90><FONT size=18>はーい,<TYPE interval=90><FONT size=18>知道啦——
3-03.txt,28,透花セリフ◇あれ,<TYPE interval=30>あれっ,<TYPE interval=30>咦？
3-03.txt,34,透花セリフ◇ご主人さま,<TYPE interval=40>ご主人様は？,<TYPE interval=40>主人呢？
3-03.txt,38,エマセリフ◇部屋で,<TYPE interval=90>お部屋で～,<TYPE interval=90>在房间里〜
3-03.txt,41,エマセリフ◇仕事,<TYPE interval=90>仕事ちゅ～,<TYPE interval=90>在工作〜
3-03.txt,45,沙友セリフ◇だよ～ん,"<TYPE interval=80><FONT size=18 face=""ＭＳ ゴシック\>だよ<TYPE interval=500 speed=500 style=Spring>～</TYPE>ん","<TYPE interval=80><FONT size=18 face=""ＭＳ ゴシック\>是哦<TYPE interval=500 speed=500 style=Spring>〜</TYPE>嗯"
3-03.txt,60,透花セリフ◇あ,"<TYPE interval=70>あ･･･,　そっか",<TYPE interval=70>啊･･････这样啊
3-03.txt,66,透花セリフ◇コーヒー,"<TYPE interval=40>･･･<TYPE interval=80>コーヒー,<BR>持っていこう","<TYPE interval=40>･･････<TYPE interval=80>咖啡,<BR>送过去吧"
3-03.txt,81,エマセリフ◇あの,"<TYPE interval=70>あのぶんだと,今日は...<BR>お出かけはなしかなぁ",<TYPE interval=70>看那样子，今天･･････<BR>是出不了门了吧
3-03.txt,85,沙友セリフ◇そだーねー,"<TYPE interval=60><FONT size=18 face=""ＭＳ ゴシック\>そだーね<TYPE interval=400 speed=400 style=Spring>～</TYPE>ぇ","<TYPE interval=60><FONT size=18 face=""ＭＳ ゴシック\>对呀<TYPE interval=400 speed=400 style=Spring>〜</TYPE>诶"
3-03.txt,102,エマセリフ◇つまんない,<TYPE interval=60>つまんないなぁ,<TYPE interval=60>好无聊啊
3-03.txt,109,沙友セリフ◇なあ！,"<FONT size=26 face=""MS ゴシック\><TYPE style=Jump interval=300 speed=300>な</TYPE>ぁ！","<FONT size=26 face=""MS ゴシック\><TYPE style=Jump interval=300 speed=300>喂</TYPE>！"
3-04.txt,11,津名川セリフ◇やっぱり,"･･･<TYPE interval=90>やっぱり,<TYPE interval=80><BR>行き詰まりだな",･･････<TYPE interval=90>果然，<TYPE interval=80><BR>陷入瓶颈了啊
3-04.txt,19,津名川セリフ◇あれ,"<TYPE interval=90>これ以上は,<BR>あれがないと..無理だ","<TYPE interval=90>再往下推进的话,<BR>没有那个･･････就办不到了"
3-04.txt,33,津名川セリフ◇うーん,うーん･･･,嗯･･････
3-04.txt,37,津名川セリフ◇まいった,<TYPE interval=60>まいった,<TYPE interval=60>真让人头疼啊
3-04.txt,42,津名川セリフ◇ね,"<TYPE interval=30>ねっ<TYPE interval=60>･･･,<TYPE interval=50>と･･･",<TYPE interval=30>那个<TYPE interval=60>･･････<TYPE interval=50>那个･･････
3-04.txt,63,津名川セリフ◇どうぞ,<TYPE interval=50>どうぞ,<TYPE interval=50>请进
3-04.txt,68,透花セリフ◇あ,"<TYPE interval=50>..あ,　ご主人様",<TYPE interval=50>･･････啊，主人
3-04.txt,73,透花セリフ◇ですけど,"<TYPE interval=70>コーヒーです, ･･･けど",<TYPE interval=70>给您端咖啡来了･･････不过
3-04.txt,98,選択Ａ◇ありがとう,"<FONT color=red><TYPE interval=0>ありがとう,　透花",<FONT color=red><TYPE interval=0>谢谢，透花
3-04.txt,99,選択Ｂ◇ん,<FONT color=red><TYPE interval=0>･･････ん･･････,<FONT color=red><TYPE interval=0>･･････嗯･･････
3-04.txt,122,津名川セリフ◇ありがとう,"<TYPE interval=70>ありがとう,　透花",<TYPE interval=70>谢谢，透花
3-04.txt,140,選択Ａ◇煮詰まって,<FONT color=blue><TYPE interval=0>煮詰まってるのかな･･･...<BR>邪魔しないようにしなくちゃ,<FONT color=blue><TYPE interval=0>是陷入瓶颈了吗･･･...<BR>得注意不要打扰到他才行
3-04.txt,141,選択Ｂ◇何か,<FONT color=blue><TYPE interval=0>なにか気の紛れる話でも..<BR>したほうがいいかな,<FONT color=blue><TYPE interval=0>是不是聊点什么..<BR>能换换心情的话题比较好呢
3-04.txt,164,透花セリフ◇お仕事,"<TYPE interval=50>お仕事,<BR>難しいですか？","<TYPE interval=50>工作,<BR>很棘手吗？"
3-04.txt,181,津名川セリフ◇いや,"<TYPE interval=60>･･････いや,<BR>難しいというか","<TYPE interval=60>･･････不,<BR>与其说是难"
3-04.txt,185,津名川セリフ◇難しい,<TYPE interval=70>･･･難しいのか,<TYPE interval=70>･･････到底算不算难呢
3-04.txt,189,津名川セリフ◇うーんどうにも,"<TYPE interval=80>うーん,　<TYPE interval=60>どうにも...<BR>手詰まりの状態でね",<TYPE interval=80>嗯——，　<TYPE interval=60>完全是...<BR>无计可施的状态呢
3-04.txt,211,透花セリフ◇あの･･････,<FONT size=15>あの･･････,<FONT size=15>那个･･････
3-04.txt,215,透花セリフ◇お邪魔して,<TYPE interval=60><FONT size=15>お邪魔して..<BR>ごめんなさい･･･,<TYPE interval=60><FONT size=15>打扰您了･･････<BR>对不起･･････
3-04.txt,220,透花セリフ◇わたし,"<TYPE interval=55><FONT size=15>わたし,　上にいますね",<TYPE interval=55><FONT size=15>我，先上楼去了
3-04.txt,240,津名川セリフ◇あり,<TYPE interval=70>ありがとう,<TYPE interval=70>谢谢
3-04.txt,244,透花セリフ◇あのまた,あの,那个
3-04.txt,248,透花セリフ◇また,"<TYPE interval=70>また･･････,　コーヒー...<BR>持ってきてもいいですか？",<TYPE interval=70>那个･･････咖啡･･････<BR>我可以再给您端一杯来吗？
3-04.txt,262,津名川セリフ◇それは,"･･･<TYPE interval=80>それは嬉しい,<BR>透花のコーヒーは...<BR>おいしいから好きだよ","･･････<TYPE interval=80>那我很乐意,<BR>透花泡的咖啡･･････<BR>很好喝，我很喜欢哦"
3-04.txt,266,透花セリフ◇えへ,<FONT size=15>えへ･･･,<FONT size=15>诶嘿･･････
3-04.txt,272,透花セリフ◇じゃあまた,"<TYPE interval=60>じゃあ,　また...<BR>持ってきます！",<TYPE interval=60>那，我再去･･････<BR>给您端来！
3-04.txt,299,津名川セリフ◇･･････ん,･･････ん･･････,･･････嗯･･････
3-04.txt,309,選択Ａ◇煮詰まって,<FONT color=blue><TYPE interval=0>煮詰まってるのかな･･･...<BR>邪魔しないようにしなくちゃ,<FONT color=blue><TYPE interval=0>是陷入瓶颈了吗･･･...<BR>得注意不要打扰到他才行
3-04.txt,310,選択Ｂ◇何か,<FONT color=blue><TYPE interval=0>なにか気の紛れる話でも..<BR>したほうがいいかな,<FONT color=blue><TYPE interval=0>是不是聊点什么..<BR>能换换心情的话题比较好呢
3-04.txt,331,透花セリフ◇失礼,<FONT size=15>失礼します･･･,<FONT size=15>打扰了･･････
3-04.txt,356,津名川セリフ◇･･････寝るか,･･･寝るか･･･,･･････睡吧･･････
3-04.txt,362,津名川セリフ◇起きた,"起きたのって,<BR>いつだっけな","算起来,<BR>我是几点醒的来着"
3-04.txt,366,津名川セリフ◇ああ,ああ･･･,啊･･････
3-05.txt,10,友人セリフ◇ねー,ねー..　<TYPE interval=70>倉巳さん,喂･･････　<TYPE interval=70>仓巳先生
3-05.txt,14,友人セリフ◇いつまで,<TYPE interval=65>いつまでここに.<BR>いるんすか～？,<TYPE interval=65>我们要在这儿<BR>待到什么时候啊〜？
3-05.txt,18,友人セリフ◇漫画,<TYPE interval=65>漫画喫茶でも..<BR>行きましょうよ～,<TYPE interval=65>去漫画咖啡厅･･････<BR>转转嘛〜
3-05.txt,40,倉巳セリフ◇･･････これ,<TYPE interval=55>･･････<TYPE interval=88>これ見てみろ,<TYPE interval=55>･･････<TYPE interval=88>看看这个
3-05.txt,47,友人セリフ◇はい,<TYPE interval=20>はい？,<TYPE interval=20>啊？
3-05.txt,61,倉巳セリフ◇このボタン,<TYPE interval=66>このボタン...<BR>普通のじゃないだろう....<BR>ほら,<TYPE interval=66>这纽扣･･････<BR>可不是普通的吧･･････<BR>你看
3-05.txt,65,友人セリフ◇そういえば,"<TYPE interval=66>はぁ･･･,<BR>..そういえばちょっと<BR>変わってるかなぁ",<TYPE interval=66>啊･･････<BR>･･････这么说来好像确实<BR>有点不一样呢
3-05.txt,69,倉巳セリフ◇たぶん,<TYPE interval=57>たぶん..<BR>服のメーカーが特注で...<BR>作ってるやつだ,<TYPE interval=57>大概･･････<BR>是服装厂家专门定制･･････<BR>的款式吧
3-05.txt,86,倉巳セリフ◇ボタン,<TYPE interval=58>ボタンなんて...<BR>作ってるとこも..<BR>売ってるとこも,<TYPE interval=58>像这种纽扣･･････<BR>不管是生产厂家･･････<BR>还是经销渠道
3-05.txt,90,倉巳セリフ◇そんな,<TYPE interval=67>そんなにあるわけじゃ..<BR>ないからな<TYPE interval=45>･･････,<TYPE interval=67>数量都不会･･････<BR>太多啊<TYPE interval=45>･･････
3-05.txt,94,倉巳セリフ◇この辺から,<TYPE interval=65>この辺から.何とか<BR>なるかもしれない,<TYPE interval=65>从这边入手，说不定<BR>能有什么突破口
3-05.txt,118,友人セリフ◇へぇ～,<TYPE interval=80>へぇ～,<TYPE interval=80>哦〜
3-05.txt,122,友人セリフ◇倉巳さん,<TYPE interval=70>倉巳さんそういうの..<BR>詳しいっすねぇ,<TYPE interval=70>仓巳先生对这些･･････<BR>真了解呢
3-05.txt,126,倉巳セリフ◇こんなの,<TYPE interval=65>こんなの..<BR>基本だよ..　基本,<TYPE interval=65>这种･･････<BR>是基本常识啊･･････ 基本常识
3-05.txt,130,倉巳セリフ◇だいたい,<TYPE interval=55>だいたいな手がかりは..<BR>これくらいしかないんだからな,<TYPE interval=55>毕竟大致的线索..<BR>也就只有这些了嘛
3-05.txt,146,倉巳セリフ◇でも,<TYPE interval=69>でも..　これだけ..<BR>うまく撮れててよかったよ,<TYPE interval=69>不过･･････ 能拍得･･････<BR>这么清楚真是太好了
3-05.txt,153,倉巳セリフ◇お前の,<TYPE interval=77>お前の腕は一流だな..<BR>ほんと,<TYPE interval=77>你的技术真是一流･･････<BR>说真的
3-05.txt,157,友人セリフ◇へへ,<TYPE interval=68>へへ<TYPE interval=40>･･････,<TYPE interval=68>嘿嘿<TYPE interval=40>･･････
3-05.txt,172,倉巳セリフ◇･･････何のために,<TYPE interval=50>･･････<TYPE interval=70>何のために御苑に..<BR>来てたんだろうな,<TYPE interval=50>･･････<TYPE interval=70>到底是为了什么才来･･････<BR>御苑的呢
3-05.txt,179,倉巳セリフ◇とりあえず,<TYPE interval=56>とりあえずは..<BR>他の大きな公園より...<BR>御苑の方が近いってことだよな,<TYPE interval=56>总之･･････<BR>比起其他大型公园･･････<BR>御苑离得最近吧
3-05.txt,184,友人セリフ◇この辺に住んでるとか,<TYPE interval=50>この辺に..<BR>住んでるとか？,<TYPE interval=50>难道住在･･････<BR>这附近？
3-05.txt,199,倉巳セリフ◇･･････なるほど,<TYPE interval=45>･･････<TYPE interval=68>なるほど,<TYPE interval=45>･･････<TYPE interval=68>原来如此
3-05.txt,207,倉巳セリフ◇案外,案外.　ソレ<BR>..<TYPE interval=67>いい線突いてるかもな,说不定，你这个<BR>･･････<TYPE interval=67>还真挺接近的
3-05.txt,220,倉巳セリフ◇たしかに,"<TYPE interval=66>たしかに.<BR>手荷物が少なすぎるんだ,<BR>ほんとに近所の散歩..<BR>って感じなんだな","<TYPE interval=66>确实,<BR>随身带的东西太少了,<BR>真的就像是<BR>在附近散步一样呢"
3-05.txt,224,倉巳セリフ◇そんなに,<TYPE interval=62>そんなにウマくいくとは.<BR>思えないけど　..それだったら<BR>ずいぶん的が絞れる,<TYPE interval=62>虽然觉得<BR>没这么顺利･･････ 但如果是那样的话<BR>区间就能大大缩小了
3-05.txt,239,倉巳セリフ◇･･････ボタン方面,<TYPE interval=40>･･････<TYPE interval=67>とりあえず...<BR>ボタン方面から..<BR>あたってみるか,<TYPE interval=40>･･････<TYPE interval=67>总之･･････<BR>先从纽扣方面･･････<BR>查查看吧
3-05.txt,243,友人セリフ◇探偵,<TYPE interval=80>探偵みたいっすねぇ,<TYPE interval=80>真像侦探呢
3-05.txt,263,倉巳セリフ◇どっちかっていうと,<TYPE interval=56>どっちかっていうと..<BR>自分を悪党だと思うがね,<TYPE interval=56>倒不如说･･････<BR>我觉得自己更像恶徒呢
3-05.txt,269,倉巳セリフ◇大義名分,<TYPE interval=66>大義名分しょってないだけ...<BR>やつらよりましさ,<TYPE interval=66>只是没打着什么大义名分･･････<BR>总比那些家伙强
3-05.txt,283,友人セリフ◇ひねくれ,<TYPE interval=80>ひねくれてるん<BR>だよなぁ,<TYPE interval=80>你这性格<BR>真别扭啊
3-06.txt,24,透花セリフ◇ん,<TYPE interval=120><FONT size=14>..ん･･･,<TYPE interval=120><FONT size=14>･･････嗯･･････
3-06.txt,35,透花セリフ◇どうした,<TYPE interval=80>どうしたの？...<BR>シャムロック,<TYPE interval=80>怎么了？･･････<BR>夏姆洛克
3-06.txt,56,透花セリフ◇･･････ご主人さま,<TYPE interval=60>･･････<TYPE interval=90>ご主人さま...<BR><TYPE interval=80>お仕事で悩んでいると...<BR>ちょっと..怖いよね,<TYPE interval=60>･･････<TYPE interval=90>主人･･････<BR><TYPE interval=80>因为工作烦恼的时候･･････<BR>总觉得･･････有点可怕呢
3-06.txt,60,シャムロックセリフ◇チキュ,<TYPE interval=20><FONT size=15>..チキュ？,<TYPE interval=20><FONT size=15>･･････地〜球？
3-06.txt,68,透花セリフ◇早く,<TYPE interval=90>早く順調に進むと...<BR>いいのにね,<TYPE interval=90>要是能早点顺利推进･･････<BR>就好了呢
3-06.txt,91,透花セリフ◇真剣,<TYPE interval=80>真剣なご主人さまも<BR>..いいけど,<TYPE interval=80>认真工作的主人<BR>･･････也很不错啦
3-06.txt,98,シャムロックセリフ◇･･････,<TYPE interval=120><FONT size=15>･･････,<TYPE interval=120><FONT size=15>･･････
3-06.txt,125,透花セリフ◇キミは,<TYPE interval=80>キミは悩みが無さそうで...<BR>いいなぁ･･･,<TYPE interval=80>你看起来没什么烦恼呢･･････<BR>真好啊･･････
3-06.txt,132,透花セリフ◇･･････私って,<FONT size=14>･･････私って...<BR><TYPE interval=90>ご主人さまにとって...<BR>なんなんだろうな･･･,<FONT size=14>･･････我･･････<BR><TYPE interval=90>对主人来说･･････<BR>算是什么呢･･････
3-06.txt,153,透花セリフ◇優しい,<TYPE interval=70>ご主人さまは優しい,<TYPE interval=70>主人很温柔
3-06.txt,160,透花セリフ◇それだけ,"<TYPE interval=70>それだけで充分だって,<BR>思いたいのに",<TYPE interval=70>明明只想这样<BR>就觉得足够了
3-06.txt,173,透花セリフ◇私が,<TYPE interval=70>私がご主人さまを...思ってるみたいに,<TYPE interval=70>就像我...思念主人那样
3-06.txt,178,透花セリフ◇ご主人様が,<TYPE interval=70>ご主人さまが...私を思ってくれたら,<TYPE interval=70>如果主人...也能思念我的话
3-06.txt,190,透花セリフ◇でも,"<TYPE interval=70>でも...　きっとそれは,<BR>手に入れちゃいけない",<TYPE interval=70>但是...那一定是<BR>不能奢求的
3-06.txt,195,透花セリフ◇貪欲,"<TYPE interval=70>手に入れちゃったら,<BR>もっと貪欲になっちゃう",<TYPE interval=70>如果真的得到了<BR>就会想要更多
3-06.txt,208,透花セリフ◇だから,<TYPE interval=70>だからいいんだ,<TYPE interval=70>所以这样就好
3-06.txt,213,透花セリフ◇これで,これで,这样就
3-06.txt,226,透花セリフ◇幸せ,<TYPE interval=120><FONT size=15>･･････だって私...　幸せだもの･･････,<TYPE interval=120><FONT size=15>...因〜为我...很幸福嘛...
3-06.txt,248,シャムロックセリフ◇チ,チ,奇
3-06.txt,258,透花セリフ◇コーヒー,"<TYPE interval=90>コーヒー･･･,<BR>まだいらないよね",<TYPE interval=90>咖啡･･････<BR>现在还不喝吧
3-06.txt,262,シャムロックセリフ◇チチユ,チチュ,奇丘
3-06.txt,267,透花セリフ◇邪魔,<TYPE interval=90>邪魔したく..<BR>ないんだけどな,<TYPE interval=90>我是不想打扰你<BR>啦
3-06.txt,281,透花セリフ◇お前のご飯,"<TYPE interval=70>お前のご飯,<BR>取りに行こっか",<TYPE interval=70>去拿你的饭<BR>吧
3-06.txt,287,透花セリフ◇おいで,"<TYPE interval=70>おいで,<BR>シャムロック","<TYPE interval=70>过来,<BR>夏姆洛克"
3-06.txt,291,シャムロックセリフ◇チーチユ,<TYPE interval=30>.チーチュ！,<TYPE interval=30>奇丘！
3-06.txt,310,透花セリフ◇ダメ,<TYPE interval=35>調子に乗って..<BR>逃げたりしたら...<BR>ダメだからね！,<TYPE interval=35>要是得意忘形･･････<BR>跑掉的话･･････<BR>可不行哦！
3-06.txt,317,シャムロックセリフ◇キュ,..<TYPE style=Jump interval=170 speed=180>キ</TYPE>ュ！,･･････<TYPE style=Jump interval=170 speed=180>啾</TYPE>！
3-06.txt,344,セリフ◇･･･,<FONT size=15>え<TYPE interval=45>･･････</TYPE>？,<FONT size=15>诶<TYPE interval=45>･･････</TYPE>？
3-06.txt,349,セリフ◇い,いいかい？,好了吗？
3-06.txt,360,セリフ◇ご,"<FONT size=15>ご主人さま<TYPE interval=45>･･････</TYPE>,<BR>...あの<TYPE interval=45>･･････</TYPE>","<FONT size=15>主人<TYPE interval=45>･･････</TYPE>,<BR>...那个<TYPE interval=45>･･････</TYPE>"
3-06.txt,365,セリフ◇コ,"コーヒー<BR>,.おいしかったからさ",咖啡<BR>很好喝嘛。
3-06.txt,369,セリフ◇ん,それだけ言おうと..<BR>思って,我只是想说这个･･････<BR>才开口的。
3-06.txt,382,セリフ◇の,"<FONT size=15>あ<TYPE interval=45>･･････</TYPE>の<TYPE interval=45>･･････</TYPE><BR>,お仕事<TYPE interval=45>･･････</TYPE><BR>大変ですよね",<FONT size=15>那个<TYPE interval=45>･･････</TYPE>･･････<TYPE interval=45>･･････</TYPE><BR>工作<TYPE interval=45>･･････</TYPE><BR>很辛苦吧
3-06.txt,387,セリフ◇ち,"うん<TYPE interval=45>･･････</TYPE>,<BR>ちょっとしたスランプ..<BR>って奴かな","嗯<TYPE interval=45>･･････</TYPE>,<BR>算是遇到了点小瓶颈･･････<BR>吧。"
3-06.txt,399,セリフ◇わ,"<FONT size=15>わたし<TYPE interval=45>･･････</TYPE>,<BR>何か出来ない<BR>でしょうか","<FONT size=15>我<TYPE interval=45>･･････</TYPE>,<BR>有什么能帮上忙<BR>的吗"
3-06.txt,404,セリフ◇さ,<FONT size=15>ご主人さまの役に...<BR>立ちたいんですけど<TYPE interval=45>･･････</TYPE>,<FONT size=15>我想帮上主人的忙･･････<BR>但是<TYPE interval=45>･･････</TYPE>
3-06.txt,409,セリフ◇何,"<FONT size=14>わたし<TYPE interval=45>･･････</TYPE>,<BR>何にもできなくて<TYPE interval=45>･･････</TYPE>","<FONT size=14>我<TYPE interval=45>･･････</TYPE>,<BR>什么都做不好<TYPE interval=45>･･････</TYPE>"
3-06.txt,426,選択①,<FONT color=red><TYPE interval=0>役に立ってるよ,<FONT color=red><TYPE interval=0>你帮上忙了
3-06.txt,427,選択②,<FONT color=red><TYPE interval=0>そんなこと思う必要は無い,<FONT color=red><TYPE interval=0>没必要那么想
3-06.txt,458,セリフ◇充分,"充分　..役に立ってる,<BR>お前がいてくれて.よかったよ","你已经･･････帮上大忙了,<BR>有你在真是太好了。"
3-06.txt,462,セリフ◇さま,<FONT size=15>ご主人さま<TYPE interval=45>･･････</TYPE>,<FONT size=15>主人<TYPE interval=45>･･････</TYPE>
3-06.txt,476,セリフ◇うん,うん<TYPE interval=45>･･････</TYPE>...<BR>それじゃ<BR>少し眠るよ,嗯<TYPE interval=45>･･････</TYPE>･･････<BR>那我先<BR>睡一会儿了。
3-06.txt,481,セリフ◇み,"おやすみ<BR>,透花",晚安<BR>透花。
3-06.txt,486,セリフ◇お,<FONT size=14>おやすみなさい<TYPE interval=45>･･････</TYPE>,<FONT size=14>晚安<TYPE interval=45>･･････</TYPE>
3-06.txt,491,セリフ◇･･････,<TYPE interval=45>･･････</TYPE>,<TYPE interval=45>･･････</TYPE>
3-06.txt,506,セリフ◇思う,そんなことを<BR>..思う必要はない,没必要<BR>･･････这么想。
3-06.txt,510,セリフ◇だけ,お前がお前でいてくれるだけで<BR>..とても支えられてるんだ,"只要你能･･････像这样待在我身边,<BR>对我来说就是莫大的支撑了。"
3-06.txt,514,セリフ◇さま,<FONT size=15>ご主人さま<TYPE interval=45>･･････</TYPE>,<FONT size=15>主人<TYPE interval=45>･･････</TYPE>
3-06.txt,530,セリフ◇うん,うん<TYPE interval=45>･･････</TYPE>...<BR>それじゃ<BR>少し眠るよ,嗯<TYPE interval=45>･･････</TYPE>･･････<BR>那我先<BR>睡一会儿了。
3-06.txt,535,セリフ◇み,"おやすみ<BR>,透花",晚安<BR>透花。
3-06.txt,540,セリフ◇お,<FONT size=14>おやすみなさい<TYPE interval=45>･･････</TYPE>,<FONT size=14>晚安<TYPE interval=45>･･････</TYPE>
3-06.txt,545,セリフ◇･･････,<TYPE interval=45>･･････</TYPE>,<TYPE interval=45>･･････</TYPE>
3-06.txt,560,セリフ◇も,"<FONT size=15>でも私<TYPE interval=45>･･････</TYPE>,<BR>...何もしてない<TYPE interval=45>･･････</TYPE><BR>..です<TYPE interval=45>･･････</TYPE>","<FONT size=15>可是我<TYPE interval=45>･･････</TYPE>,<BR>･･････明明什么都没做<TYPE interval=45>･･････</TYPE><BR>･･････呢<TYPE interval=45>･･････</TYPE>"
3-06.txt,565,セリフ◇ん,してるさ,有在做啊。
3-06.txt,569,セリフ◇お前,お前がいつも気づかってくれてるから<BR>...もっとがんばろうって気になれるんだ,正因为有你总是关心我<BR>･･････我才会觉得“要更加努力”啊。
3-06.txt,582,セリフ◇ん,"誰かの心の支えになるようなものは,<BR>案外そんな些細な事だったり<BR>するんだよ","能成为别人精神支柱的东西,<BR>往往就是这些<BR>微不足道的小事啊。"
3-06.txt,586,セリフ◇ご,"わたしも<TYPE interval=45>･･････</TYPE><BR>,ご主人様がそんな風に<BR>..優しいから<TYPE interval=45>･･････</TYPE>",我也是<TYPE interval=45>･･････</TYPE><BR>因为主人总是这么<BR>･･････温柔<TYPE interval=45>･･････</TYPE>
3-06.txt,591,セリフ◇もっと,もっともっと<TYPE interval=45>･･････</TYPE><BR>ご主人さまに喜んでもらえる<BR>ようにしたいんです,我想<TYPE interval=45>更加、更加</TYPE><BR>･･････<BR>让主人开心。
3-06.txt,609,選択①,<FONT color=red><TYPE interval=0>透花はほんとにいい子だな,<FONT color=red><TYPE interval=0>透花真是个好孩子
3-06.txt,610,選択②,<FONT color=red><TYPE interval=0><FONT size=18 face='G'>透花の唇を奪う,<FONT color=red><TYPE interval=0><FONT size=18 face='G'>夺走透花的唇
3-06.txt,637,セリフ◇いい子,お前はほんとに<BR>..いい子だよ,你真的是个<BR>･･････好孩子啊。
3-06.txt,641,セリフ◇点々,<TYPE interval=45>･･････</TYPE>,<TYPE interval=45>･･････</TYPE>
3-06.txt,655,セリフ◇透花,透花<TYPE interval=45>･･････</TYPE>,透花<TYPE interval=45>･･････</TYPE>
3-06.txt,659,セリフ◇あ,<FONT size=14>あ<TYPE interval=45>･･････...</TYPE>ごしゅ<TYPE interval=45>･･････</TYPE><BR>...ん<TYPE interval=45>･･････</TYPE>ん<TYPE interval=45>･･････</TYPE>,<FONT size=14>啊<TYPE interval=45>･･････</TYPE>主<TYPE interval=45>･･････</TYPE><BR>･･････唔<TYPE interval=45>･･････</TYPE>唔<TYPE interval=45>･･････</TYPE>
3-07.txt,37,津名川セリフ◇ん,ん･･････,唔･･････
3-07.txt,52,津名川セリフ◇静かだな,静かだな<TYPE interval=60>･･････,真安静啊<TYPE interval=60>･･････
3-07.txt,57,津名川セリフ◇夜か,夜か<TYPE interval=60>･･････,天黑了啊<TYPE interval=60>･･････
3-07.txt,78,津名川セリフ◇寝すぎだよ,"寝すぎだよ.,.<BR><TYPE interval=60>･････<TYPE interval=78>まったく","睡得太久了啊.,.<BR><TYPE interval=60>･･････<TYPE interval=78>真是的"
3-07.txt,90,津名川セリフ◇これじゃ,"<TYPE interval=70>これじゃ,<BR>あの子達も寝てるな","<TYPE interval=70>看这样子,<BR>那孩子们也睡下了啊"
3-07.txt,95,津名川セリフ◇おんなじ,<TYPE interval=70>おんなじ家に住んでいて...<BR>一日..ほとんど<BR>..しゃべってないのか,<TYPE interval=70>明明住在同一个家下･･････<BR>一整天･･････几乎都<BR>･･････没怎么搭过话呢
3-07.txt,115,津名川セリフ◇明日は,"明日は<TYPE interval=60>･･････<BR><TYPE interval=80>,どこか連れて<BR>行ってやるか",明天<TYPE interval=60>･･････<BR><TYPE interval=80>带她们去<BR>哪儿玩玩吧
3-07.txt,120,津名川セリフ◇ふぁ･･････,ふぁ･･････,哈啊･･････
3-07.txt,125,津名川セリフ◇のど,<TYPE style=Normal>のどが渇いたな･･･</TYPE>,<TYPE style=Normal>口渴了啊･･････</TYPE>
3-07.txt,155,津名川セリフ◇電気,"<TYPE interval=72>電気<BR>,付けっぱなしだ･･･",<TYPE interval=72>灯<BR>还一直开着･･････
3-07.txt,161,津名川セリフ◇お茶,<TYPE interval=80>お茶...　あったかな,<TYPE interval=80>茶･･････ 还有吗
3-07.txt,185,津名川セリフ◇考え事,･･････,･･････
3-07.txt,190,津名川セリフ◇んー,んー･･･,嗯〜･･････
3-07.txt,208,津名川セリフ◇メモだ,メモだ,是便条
3-07.txt,214,津名川セリフ◇透花の,<TYPE interval=50>透花の字だな,<TYPE interval=50>是透花的字迹啊
3-07.txt,237,津名川セリフ◇う,ん<TYPE interval=60>･･････,嗯<TYPE interval=60>･･････
3-07.txt,241,津名川セリフ◇奥平,"奥平さん,<BR>連絡あったのか･･･","奥平先生,<BR>联系过了啊･･････"
3-08-1.txt,13,奥平セリフ◇やあ,やあ..　津名川,哟･･････津名川。
3-08-1.txt,17,津名川セリフ◇･･････あ,<TYPE interval=45>･･････<TYPE interval=60>あ..<BR><TYPE interval=60>奥平さん？...<BR>ですか？,<TYPE interval=45>･･････<TYPE interval=60>啊･･････<BR><TYPE interval=60>是奥平先生･･････<BR>吗？
3-08-1.txt,21,津名川セリフ◇ご無沙汰,<TYPE interval=80>ご無沙汰してます,<TYPE interval=80>好久不见。
3-08-1.txt,34,奥平セリフ◇津名,<TYPE interval=75>そろそろかと...<BR>思っていたよ,<TYPE interval=75>我还在想...<BR>差不多是时候了呢
3-08-1.txt,38,奥平セリフ◇あいかわらず,<TYPE interval=55>相変わらず..<BR>めちゃくちゃな生活を<BR>してるみたいじゃないか,<TYPE interval=55>你还是老样子啊･･････<BR>生活过得<BR>还是一团糟的嘛
3-08-1.txt,42,奥平セリフ◇事件,<TYPE interval=65>事件の後遺症か？,<TYPE interval=65>是事件的后遗症吗？
3-08-1.txt,46,奥平セリフ◇けが,<TYPE interval=70>怪我とかは..<BR>しなかったかい,<TYPE interval=70>没受伤什么的･･････<BR>吧？
3-08-1.txt,61,津名川セリフ◇ハハ,<TYPE interval=60>ハハ..　平気です...<BR>すいません...　うちの子が電話に<BR>出たみたいで,<TYPE interval=60>哈哈･･････我没事･･････<BR>抱歉･･････好像是我家的孩子<BR>接了电话。
3-08-1.txt,65,奥平セリフ◇しっかり,<TYPE interval=65>しっかりした子じゃないか...<BR>お前のことを.心配していたよ,<TYPE interval=65>真是个懂事的孩子啊･･････<BR>我可是很担心你的。
3-08-1.txt,69,奥平セリフ◇それはそうと,<TYPE interval=65>それはそうと..<BR>こっちまで回ってきた仕事...<BR>急いでるんだって？,<TYPE interval=65>话说回来･･････<BR>转到这边来的那个工作･･････<BR>听说很急？
3-08-1.txt,82,津名川セリフ◇ええ,"<TYPE interval=80>ええ,　ちょっと",<TYPE interval=80>是的，有点。
3-08-1.txt,86,奥平セリフ◇実は今,<TYPE interval=70>実は今..　東京に<BR>来ているんだ,<TYPE interval=70>其实我现在･･････<BR>来东京了。
3-08-1.txt,90,奥平セリフ◇十分,"<TYPE interval=60>十分な量とは言えないが..<BR>当座　必要だろう分量は,<BR>持ってきた","<TYPE interval=60>虽然算不上充足･･････<BR>但暂时需要的分量,<BR>我还是带来了。"
3-08-1.txt,93,津名川セリフ◇！,"<FONT size=20 face=""MS ゴシック"">！","<FONT size=20 face=""MS ゴシック"">！"
3-08-1.txt,117,津名川セリフ◇わざわざ,<TYPE interval=70>わざわざすいません,<TYPE interval=70>还劳烦您特意跑一趟，真不好意思。
3-08-1.txt,121,津名川セリフ◇でも,<TYPE interval=70>でも...さすがですね...<BR>薬学の連中は..ずいぶん<BR>難しいようなことを<TYPE interval=45>･･････,<TYPE interval=70>不过･･････真厉害啊･･････<BR>药学部的那帮人･･････<BR>说了些挺难懂的话<TYPE interval=45>･･････
3-08-1.txt,135,奥平セリフ◇なに,<TYPE interval=80>なに...　<BR>たいした事ない,<TYPE interval=80>没什么･･････　<BR>不值一提。
3-08-1.txt,142,奥平セリフ◇コレ,<TYPE interval=60>コレ系の薬は...<BR>専門だからね,<TYPE interval=60>这类药･･････<BR>毕竟是我的专业嘛。
3-08-1.txt,146,奥平セリフ◇ただ,<TYPE interval=60>ただ少々...　<BR>生成に手がかかる薬品でね,<TYPE interval=60>只是稍微･･････　<BR>有点费工夫才能合成出来。
3-08-1.txt,159,奥平セリフ◇一滴,<TYPE interval=60>一滴一滴..　<BR>落ちるのを待っていても.<BR>しょうがないから,<TYPE interval=60>毕竟干等着它　<BR>一滴一滴地落下来･･････<BR>也不是办法。
3-08-1.txt,163,奥平セリフ◇小瓶,<TYPE interval=55>小瓶一本分だけだが...<BR>先に運んできたんだ,<TYPE interval=55>虽然只有一小瓶･･････<BR>但我先给你送过来了。
3-08-1.txt,167,奥平セリフ◇今プラント,"<TYPE interval=60>今プラントで..<BR>やってもらってるから,<BR>一週間もすれば.<BR>それなりに揃えられるよ","<TYPE interval=60>现在正让工厂那边<BR>加紧生产,<BR>大概一个星期左右,<BR>就能凑齐足够的量了。"
3-08-1.txt,181,津名川セリフ◇ありがたいです,"<TYPE interval=70>ありがたいです,<BR>どうしましょう...<BR>今から<TYPE interval=55>･･････","<TYPE interval=70>太感谢了,<BR>这怎么好意思･･････<BR>现在马上<TYPE interval=55>･･････"
3-08-1.txt,187,奥平セリフ◇おいおい,<TYPE interval=60>おいおい...<BR>お前は起きたばっかり<BR>かも知れないが...<BR>世間様は深夜だぞ,<TYPE interval=60>喂喂･･････<BR>你或许是刚醒･･････<BR>但现在<BR>外面可是深夜啊。
3-08-1.txt,198,奥平セリフ◇明日,<TYPE interval=80>明日の昼過ぎにでも...<BR>どうだい,<TYPE interval=80>明天下午･･････<BR>怎么样？
3-08-1.txt,201,奥平セリフ◇ホテル,"<TYPE interval=60>いつものホテルでいいかな,<BR>有楽町の","<TYPE interval=60>在平时那家酒店可以吗,<BR>有乐路的"
3-08-1.txt,205,津名川セリフ◇あええ,<TYPE interval=80>あ...　ええ<BR>全然かまいません,"<TYPE interval=80>啊･･････好的,<BR>我完全没问题。"
3-08-1.txt,209,奥平セリフ◇よし,"<TYPE interval=55>よし...<BR>昼飯でも食いながら..<BR>少し話そう,<BR>じゃ..　明日","<TYPE interval=55>好･･････<BR>边吃午饭边･･････<BR>稍微聊聊吧,<BR>那就･･････明天见。"
3-08-1.txt,213,津名川セリフ◇わかりました,<TYPE interval=80>わかりました,<TYPE interval=80>好的。
3-08-1.txt,232,津名川セリフ◇できたのか,<TYPE interval=90>できたのか<TYPE interval=45>･･････,<TYPE interval=90>做好了吗<TYPE interval=45>･･････
3-08-1.txt,239,津名川セリフ◇それなら,<TYPE interval=70>それなら...<BR>話が変わってくるな,<TYPE interval=70>那样的话･･････<BR>情况可就大不一样了
3-08-1.txt,260,津名川セリフ◇準備,準備,准备
3-08-1.txt,266,津名川セリフ◇しとく,<TYPE interval=65>しとくか,<TYPE interval=65>那就准备一下吧
3-08-5.txt,43,津名川セリフ◇･･････おや,･･･おや,･･････咦
3-08-5.txt,49,筒井セリフ◇おやおや,おやおや,哎呀哎呀
3-08-5.txt,72,津名川セリフ◇おはようございます,<TYPE interval=65>おはようございます,<TYPE interval=65>早上好
3-08-5.txt,76,筒井セリフ◇おはよう,<TYPE interval=70>おはよう,<TYPE interval=70>早啊
3-08-5.txt,80,筒井セリフ◇奇遇,<TYPE interval=70>奇遇だね...<BR>こんな時間に..<BR>仕事かい,<TYPE interval=70>真巧啊･･････<BR>这个时间･･････<BR>在工作吗
3-08-5.txt,93,津名川セリフ◇いえ,<TYPE interval=70>ええ..　まあ<TYPE interval=50>･･･<TYPE interval=80>.....<BR>奇遇ですね..　ほんとに,<TYPE interval=70>嗯･･････算是吧<TYPE interval=50>･･････<TYPE interval=80>･･････<BR>真巧呢･･････真的
3-08-5.txt,97,津名川セリフ◇仕事の,<TYPE interval=60>仕事の整理をしていたら...<BR>ずいぶん時間が..<BR>かかってしまって,<TYPE interval=60>整理工作的时候･･････<BR>不知不觉就･･････<BR>花了挺多时间
3-08-5.txt,101,筒井セリフ◇そうかね,<TYPE interval=70>そうかね....<BR>大変な仕事のようだ,<TYPE interval=70>这样啊･･････<BR>看来工作很辛苦呢
3-08-5.txt,120,津名川セリフ◇いえいえ,<TYPE interval=80>いえいえ...<BR>やらなきゃいけないことでは..<BR>ないんですが･･･,<TYPE interval=80>不不･･････<BR>倒也不是什么･･････<BR>非做不可的事･･････
3-08-5.txt,125,津名川セリフ◇どうも,<TYPE interval=70>どうも..　気になると..<BR>放って置けなくなる性分で,<TYPE interval=70>只是･･････一在意起来･･････<BR>就放不下的性格罢了
3-08-5.txt,129,津名川セリフ◇筒井さん,<TYPE interval=80>筒井さんこそ...<BR>こんな時間に,<TYPE interval=80>筒井先生才是･･････<BR>这么早
3-08-5.txt,150,筒井セリフ◇私の方は,<TYPE interval=65>私のはそう意味が...<BR>あるわけじゃない...<BR>年をとると朝が早くなる..<BR>ってだけの話だ,<TYPE interval=65>我倒没什么特别的･･････<BR>原因･･････<BR>只是人老了就起得早･･････<BR>仅此而已
3-08-5.txt,153,筒井セリフ◇じっとしてる,"<TYPE interval=60>だが...　じっとしてるのは<BR>性に合わなくてね,<BR>散歩をしてるんだよ","<TYPE interval=60>不过･･････让我闲着我･･････<BR>也坐不住啊,<BR>就出来散散步"
3-08-5.txt,157,筒井セリフ◇たまに,"<TYPE interval=70>たまには..<BR>こういう偶然もある,<BR>なかなかいいものだよ","<TYPE interval=70>偶尔･･････<BR>也有这样的偶遇,<BR>感觉挺不错的"
3-08-5.txt,176,津名川セリフ◇なるほど,なるほど,原来如此
3-08-5.txt,181,筒井セリフ◇馴れ馴れしい,<TYPE interval=70>はは..<BR>馴れ馴れしいようだが...<BR>近くを通ったら<BR>また寄ってくれよ,"<TYPE interval=70>哈哈･･････<BR>虽然显得有点套近乎･･････<BR>但要是路过附近的话,<BR>再来坐坐吧"
3-08-5.txt,185,筒井セリフ◇キミ,<TYPE interval=70>キミみたいな若者と話すのは..<BR>なかなか楽しいんだ,<TYPE interval=70>和你这样的年轻人聊天･･････<BR>还是挺开心的
3-08-5.txt,189,津名川セリフ◇･･････わかりました,･･･<TYPE interval=75>わかりました,･･････<TYPE interval=75>好的
3-08-5.txt,193,津名川セリフ◇なんだか,<TYPE interval=80>なんだか...<BR>気持ちのいい人だな,<TYPE interval=80>总觉得･･････<BR>是个让人感觉很舒服的人呢
3-08-5.txt,212,津名川セリフ◇この辺は,<TYPE interval=80>この辺は..<BR>良く通りますから...<BR>また今度,<TYPE interval=80>这附近我･･････<BR>经常路过･･････<BR>下次再来
3-08-5.txt,216,筒井セリフ◇美味しいコーヒー,<TYPE interval=70>では..　そのときは...<BR>美味しいコーヒーをいれよう,<TYPE interval=70>好啊･･････到时候･･････<BR>我给你泡杯好喝的咖啡
3-08-5.txt,223,津名川セリフ◇いいですね,<TYPE interval=80>いいですね...<BR>それは,<TYPE interval=80>好啊･･････<BR>那就这么说定了
3-09.txt,36,エマセリフ◇え,"<TYPE style=Jump interval=150 speed=150><FONT size=18>え</TYPE>っ,<BR><TYPE interval=40>銀座～っ",<TYPE style=Jump interval=150 speed=150><FONT size=18>诶</TYPE>！<BR><TYPE interval=40>银座〜！
3-09.txt,44,沙友セリフ◇うわぁあ,"<TYPE interval=60><FONT size=20 face=""MS ゴシック\>うわぁ<FONT size=22 face=""MS ゴシック\>あ<TYPE interval=200 speed=200 style=Spring>～</TYPE>♪","<TYPE interval=60><FONT size=20 face=""MS ゴシック\>哇啊<FONT size=22 face=""MS ゴシック\>啊<TYPE interval=200 speed=200 style=Spring>〜</TYPE>♪"
3-09.txt,50,透花セリフ◇･･････,･･････,･･････
3-09.txt,75,沙友セリフ◇いきたい,<TYPE interval=50><FONT size=18>いきたいっ...<BR>いきたいっ！,<TYPE interval=50><FONT size=18>想去･･････<BR>好想去！
3-09.txt,80,エマセリフ◇連れて,<TYPE interval=75>連れて行って..<BR>欲しいな<TYPE interval=45>･･････,<TYPE interval=75>带我去･･････<BR>好不好<TYPE interval=45>･･････
3-09.txt,84,津名川セリフ◇でも,でも<BR>..仕事..なんだよ･･･？,但是<BR>･･････我･･････在工作啊･･････？
3-09.txt,107,エマセリフ◇お仕事,<TYPE interval=60>お仕事でも<BR>いいよう～っ,<TYPE interval=60>就算是工作<BR>也没关系哟〜
3-09.txt,114,沙友セリフ◇さゆ,"<FONT size=18 face=""MS ゴシック\><TYPE interval=75>さゆも～<BR>..おーしーごーとー<BR>..すーる～の～","<FONT size=18 face=""MS ゴシック\><TYPE interval=75>沙友也〜<BR>･･････要—工—作<BR>･･････的〜哟〜"
3-09.txt,136,エマセリフ◇透花は,"<TYPE interval=45>･･････<TYPE interval=80>透花は？,<BR>やっぱり行きたいよね？",<TYPE interval=45>･･････<TYPE interval=80>透花呢？<BR>果然也想去吧？
3-09.txt,140,透花セリフ◇うん,"うん<BR>,<TYPE interval=45>･･････<TYPE interval=60>でも","嗯<BR>,<TYPE interval=45>･･････<TYPE interval=60>但是"
3-09.txt,148,透花セリフ◇やっぱり,<FONT size=15><TYPE interval=85>やっぱり...<BR>お仕事の邪魔しちゃ..<BR>いけないかも,<FONT size=15><TYPE interval=85>果然还是･･････<BR>不能去打扰･･････<BR>主人工作呢
3-09.txt,173,エマセリフ◇甘い,"<TYPE interval=20><FONT size=20 face=""MS ゴシック"">甘<FONT size=18>いっ！","<TYPE interval=20><FONT size=20 face=""MS ゴシック"">太<FONT size=18>天真了！"
3-09.txt,181,エマセリフ◇お仕事,<TYPE interval=35>お仕事お仕事って..<BR>いつまでも<BR>終わらないんだから～,<TYPE interval=35>工作工作什么的･･････<BR>永远也<BR>做不完嘛〜
3-09.txt,186,津名川セリフ◇う,う<TYPE interval=45>･･････,呜<TYPE interval=45>･･････
3-09.txt,194,津名川セリフ◇痛い,<TYPE interval=60>痛いなあ,<TYPE interval=60>真让人头疼啊
3-09.txt,216,セリフ◇やっぱり,"<TYPE interval=65>わかった<BR>,でもおとなしく<BR>..してるんだぞ",<TYPE interval=65>知道了<BR>但要乖乖<BR>･･････听话哦
3-09.txt,230,エマセリフ◇わーい,"<FONT size=20 face=""MS ゴシック\>わあ<TYPE interval=500 speed=500 style=Spring>ー</TYPE>い！","<FONT size=20 face=""MS ゴシック\>哇啊<TYPE interval=500 speed=500 style=Spring>〜</TYPE>！"
3-09.txt,232,沙友セリフ◇わーい,"<FONT size=20 face=""MS ゴシック\>わあ<TYPE interval=500 speed=500 style=Spring>ー</TYPE>い！","<FONT size=20 face=""MS ゴシック\>哇啊<TYPE interval=500 speed=500 style=Spring>〜</TYPE>！"
3-09.txt,250,津名川セリフ◇それじゃ,<TYPE interval=55>それじゃ<BR>あんまり時間が無いから..<BR>着替えておいで,<TYPE interval=55>那<BR>时间也不多了･･････<BR>快去换衣服吧
3-09.txt,256,津名川セリフ◇あんまり,<TYPE interval=66>あんまり変わったのは..<BR>駄目だぞ,<TYPE interval=66>太奇怪的打扮･･････<BR>可不行哦
3-09.txt,267,三人セリフ◇えへへ,えへへ,嘿嘿
3-09.txt,269,三人セリフ◇やた～,やた～,耶〜
3-09.txt,271,三人セリフ◇はぁい,はぁい,好〜
3-09.txt,296,津名川セリフ◇ほんと,<TYPE interval=70>ほんと　...遊びに行くんじゃ.<BR>ないんだがなぁ<TYPE interval=55>･･････,<TYPE interval=70>真是的･･････又不是去･･････<BR>玩的啊<TYPE interval=55>･･････
3-10.txt,13,津名川セリフ◇へえ,<TYPE interval=65>へえ..<BR>やっぱり休日は<BR>人が多いね,<TYPE interval=65>哦･･････<BR>果然休息日<BR>人真多呢
3-10.txt,20,エマセリフ◇歩行者,<TYPE interval=68>歩行者天国だしね,<TYPE interval=68>毕竟是步行街嘛
3-10.txt,24,エマセリフ◇あれ,"<TYPE interval=40>あ,　あれ！",<TYPE interval=40>啊，那个！
3-10.txt,65,沙友セリフ◇おにんぎょう,<TYPE interval=90>おにんぎょうさんが..<BR>ならしてるよぉ～,<TYPE interval=90>人偶在･･････<BR>演奏哦〜
3-10.txt,70,津名川セリフ◇品のある,"<TYPE interval=70>へえ,　なかなか品のある<BR>大道芸だな",<TYPE interval=70>哦，真是颇有格调的<BR>街头表演啊
3-10.txt,74,津名川セリフ◇いい街,いい街だな...<BR>銀座ってのは,真是个好地方啊･･････<BR>银座
3-10.txt,78,透花セリフ◇ホントに,ホントに<BR>弾いているみたい<TYPE interval=45>･･･,真的好像<BR>在弹奏一样<TYPE interval=45>･･････
3-10.txt,103,エマセリフ◇きゃーん,きゃ<TYPE interval=400 speed=400 style=Spring>～</TYPE>ん<BR>...<TYPE interval=20>いい！,呀<TYPE interval=400 speed=400 style=Spring>〜</TYPE>嗯<BR>･･････<TYPE interval=20>好听！
3-10.txt,112,沙友セリフ◇わあ,"<TYPE interval=80><FONT size=20 face=""MS ゴシック\>わぁ～","<TYPE interval=80><FONT size=20 face=""MS ゴシック\>哇〜"
3-10.txt,119,透花セリフ◇すごい,"すごいですね<BR>,ご主人さま",好厉害呢<BR>主人
3-10.txt,152,津名川セリフ◇うん,うん...　いいものを<BR>見せてもらった,嗯･･････<BR>真是让我大饱眼福了
3-10.txt,158,津名川セリフ◇よし,"よし<TYPE interval=45>･･････　<TYPE interval=65>ほらこれ<BR>,あのヴァイオリンケースに<BR>入れておいで",好<TYPE interval=45>･･････　<TYPE interval=65>来，这个<BR>放进那个小提琴箱里<BR>去吧
3-10.txt,165,沙友セリフ◇うん,"<FONT size=26 face=""MS ゴシック\><TYPE style=Jump interval=300 speed=250>う</TYPE>ん","<FONT size=26 face=""MS ゴシック\><TYPE style=Jump interval=300 speed=250>嗯</TYPE>"
3-10.txt,189,津名川セリフ◇う,"う,　300円なのに",呜，明明才300日元
3-10.txt,193,津名川セリフ◇なんか,なんか気まずい,总觉得有点过意不去
3-11.txt,16,沙友セリフ◇すごーい,"<FONT size=18 face=""MS ゴシック\><TYPE interval=70>すごーい　....ひろい.<BR>おうち～だぁ<TYPE interval=600 speed=650 style=Spring>～</TYPE>･･･","<FONT size=18 face=""MS ゴシック\><TYPE interval=70>好厉害･･････好大啊.<BR>是大房子〜呢<TYPE interval=600 speed=650 style=Spring>〜</TYPE>･･････"
3-11.txt,21,透花セリフ◇あんまり,<FONT size=15><TYPE interval=50>あんまり大きな声出しちゃ...<BR>駄目だよ,<FONT size=15><TYPE interval=50>不能太大声哦･･････<BR>这样是不行的
3-11.txt,34,沙友セリフ◇うぅ,"<FONT size=20 face=""MS ゴシック\>う<FONT size=16>ぅう･･･","<FONT size=20 face=""MS ゴシック\>呜<FONT size=16>呜呜･･････"
3-11.txt,41,エマセリフ◇お嬢様,<TYPE interval=66>お嬢様ぶってないと..<BR>次から連れてきてもらえなく..<BR>なっちゃうよ,<TYPE interval=66>要是不装出大小姐的样子的话･･････<BR>下次可就<BR>不带你来了哦
3-11.txt,56,津名川セリフ◇そうです,<TYPE interval=55>･･････<TYPE interval=80>そうです,<TYPE interval=55>･･････<TYPE interval=80>是的
3-11.txt,60,津名川セリフ◇って人,奥平って人が泊まってると<BR>思うんですが...<BR>調べてもらえませんか,我想<BR>有一位叫奥平的人住在这里･･････<BR>能麻烦您帮忙查一下吗
3-11.txt,64,奥平セリフ◇ここにいる,ここにいるよ,我在这儿呢
3-11.txt,81,津名川セリフ◇奥平さん,<TYPE interval=60>･････<TYPE interval=80>奥平さん,<TYPE interval=60>･･････<TYPE interval=80>奥平先生
3-11.txt,89,奥平セリフ◇久しぶり,"久しぶりだ,<BR>それに･･････..　君たちには<BR>はじめまして.　だな","好久不见了,<BR>而且･･････对你们几个来说,<BR>应该是初次见面吧"
3-11.txt,107,エマセリフ◇はじめ,<TYPE interval=50>はじめまして,<TYPE interval=50>初次见面
3-11.txt,113,透花セリフ◇はじめ,<TYPE interval=80>はじめまして,<TYPE interval=80>初次见面
3-11.txt,119,沙友セリフ◇はじめ,<TYPE interval=40>はじめまして！,<TYPE interval=40>初次见面！
3-11.txt,134,奥平セリフ◇美少女,美少女揃いだね<BR>羨ましい事だ,全都是美少女呢<BR>真让人羡慕啊
3-11.txt,149,奥平セリフ◇こっち,"こっちは美矢,<BR>初めてだよな？","这是美矢,<BR>你们是第一次见吧？"
3-11.txt,154,美矢セリフ◇お,"お..　奥平美矢です<BR>,<TYPE interval=45>･･････<TYPE interval=80>よろしくお願いします","我･･････我是奥平美矢<BR>,<TYPE interval=45>･･････<TYPE interval=80>请多关照"
3-11.txt,158,津名川セリフ◇あ,<TYPE interval=45>･･････<TYPE interval=60>あ...<BR>よろしくお願いします,<TYPE interval=45>･･････<TYPE interval=60>啊･･････<BR>请多关照
3-11.txt,163,津名川セリフ◇妹,妹さんかな..<BR>似てないけど,是妹妹吗･･････<BR>不过长得不太像呢
3-11.txt,192,津名川セリフ◇奥平さん,<TYPE interval=55>･･････<TYPE interval=70>奥平さんは今...<BR>何か研究持ってるんですか？,<TYPE interval=55>･･････<TYPE interval=70>奥平先生现在･･････<BR>在做什么研究吗？
3-11.txt,196,奥平セリフ◇ああ,ああ..　ちょっと<BR>面白いことをやってる,啊啊･･････正在<BR>做点有趣的事情
3-11.txt,200,津名川セリフ◇へえ,へえ<TYPE interval=55>･･････,这样啊<TYPE interval=55>･･････
3-11.txt,219,奥平セリフ◇･･････,･･･そうだな･･･,･･････是啊･･････
3-11.txt,224,奥平セリフ◇ある意味,ある意味では..生物の<BR>究極の目標かもしれないな,从某种意义上来说･･････或许是生物<BR>最终极的目标吧
3-11.txt,228,奥平セリフ◇道徳,道徳的には<BR>どうかは知らんが,虽然在道德上<BR>究竟如何就不知道了
3-11.txt,232,奥平セリフ◇古今,古今東西..あらゆる権力者が<BR>求めたものだよ,古今中外･･････所有掌权者<BR>都追求的东西哦
3-11.txt,247,津名川セリフ◇ああ,ああ..<BR>なるほど<TYPE interval=45>･･････,啊啊･･････<BR>原来如此<TYPE interval=45>･･････
3-11.txt,251,津名川セリフ◇でき,"できるんですか？,<BR>そういうのは",真的能做到吗？<BR>那种事情
3-11.txt,262,奥平セリフ◇さあね,"さあね,<BR>だが..　理屈は理屈だろ","谁知道呢,<BR>不过･･････理论终究是理论啊"
3-11.txt,266,奥平セリフ◇曲げる,曲げる理屈もあるなら<BR>伸ばす理屈もあるさ,"有使其弯曲的道理,<BR>也有使其伸展的道理"
3-11.txt,270,奥平セリフ◇君の,君がやっているのも<BR>..そういうことじゃないのか？,"你正在做的事情,<BR>･･････不也是这回事吗？"
3-11.txt,289,津名川セリフ◇いえ,いえ...<BR>僕のは<TYPE interval=45>･･････,不･･････<BR>我做的<TYPE interval=45>･･････
3-11.txt,296,津名川セリフ◇簡単,もっと..<BR>簡単な事なんです,其实･･････<BR>是件更简单的事
3-11.txt,314,奥平セリフ◇そうか,そうか,这样啊
3-11.txt,321,奥平セリフ◇この話,この話は..<BR>コレくらいにしておこう,这个话题･･････<BR>就先到此为止吧
3-11.txt,325,奥平セリフ◇せっかく,"せっかくの食事だしな....<BR>ここの和食は美味しいんだ,<BR>いい気分で食べよう","难得吃一次饭･･････<BR>这里的日料很好吃,<BR>还是开心快乐地享用吧"
3-11.txt,351,美矢セリフ◇楽しみ,<TYPE interval=80>楽しみだな～,<TYPE interval=80>好期待啊〜
3-11.txt,358,沙友セリフ◇たのー,"<FONT size=20 face=""MS ゴシック\><TYPE interval=90>たのー.しみ～♪","<FONT size=20 face=""MS ゴシック\><TYPE interval=90>好期〜待〜♪"
3-11.txt,365,美矢セリフ◇あはは,"あはは,<BR>かわいい子～っ","啊哈哈,<BR>真是个可爱的孩子〜"
3-11.txt,391,エマセリフ◇食べられる,<TYPE interval=45>･･････<TYPE interval=65>食べられる<BR>のかな？,<TYPE interval=45>･･････<TYPE interval=65>能吃得<BR>下吗？
3-11.txt,398,透花セリフ◇駄目だよ,<FONT size=15>･･･駄目だよ～,<FONT size=15>･･････不行哦〜
3-11.txt,405,エマセリフ◇そうだよね,<FONT size=15>そうだよね,<FONT size=15>也是呢
3-11.txt,429,津名川セリフ◇もう慣れてる,もう慣れてるだろうが..<BR>こんなところに来てまで..<BR>かわいそうだな,你应该早就习惯了吧･･････<BR>都跑到这种地方来了･･････<BR>真是可怜啊
3-11.txt,434,津名川セリフ◇いずれ,いずれ...<BR>ちゃんと食べられるように<BR>してあげないとな<TYPE interval=55>･･････,总有一天･･････<BR>得让她能好好吃饭<BR>才行啊<TYPE interval=55>･･････
3-11.txt,459,奥平セリフ◇例の,これ...<BR>例の薬だよ,这个･･････<BR>就是那种药
3-11.txt,463,津名川セリフ◇助かり,<TYPE interval=45>･･････<TYPE interval=65>助かります,<TYPE interval=45>･･････<TYPE interval=65>帮大忙了
3-11.txt,466,奥平セリフ◇なに,なに..<BR>手応えのない仕事ばかりで..<BR>飽きていたところさ,没什么･･････<BR>净是些没有挑战性的工作･･････<BR>正觉得无聊呢
3-11.txt,469,奥平セリフ◇しかし,"しかし..　こんなものを<BR>使っても平気なのか？<BR>,.人間に投与すれば<BR>１、２回で<TYPE interval=45>･･････","不过･･････<BR>用这种东西真的没事吗？<BR>要是给人类使用的话,<BR>只要一两次就<TYPE interval=45>･･････"
3-11.txt,502,奥平セリフ◇いや,いや...<BR>お前の知識を信じてない<BR>わけじゃないんだが,不･･････<BR>我并不是不相信<BR>你的专业知识
3-11.txt,508,奥平セリフ◇お前,今まで調合った中でも<BR>コイツは特別ヤバいんだ,"在我至今调配过的药物中,<BR>这个也特别危险"
3-11.txt,512,津名川セリフ◇でも,でも..<BR>人間じゃないですから,但是･･････<BR>毕竟不是人类啊
3-11.txt,529,津名川セリフ◇特殊,特殊な免疫システムが<BR>出来てしまって..<BR>普通の薬品はもうほとんど<BR>受け付けないんです,她体内已经形成了<BR>特殊的免疫系统･･････<BR>几乎已经无法<BR>接受普通药物了
3-11.txt,533,津名川セリフ◇強い,強いのを<BR>バランスを見ながら<BR>使うしかない状態で<TYPE interval=45>･･････,"只能下猛药,<BR>同时小心翼翼地控制平衡,<BR>就是这种状况<TYPE interval=45>･･････"
3-11.txt,537,津名川セリフ◇ほと,ほとんど<BR>パズルみたいなものですよ,简直就像<BR>在拼图一样
3-11.txt,557,奥平セリフ◇わかる,わかる,我懂
3-11.txt,562,奥平セリフ◇どんな,どんな分野でも..<BR>あるラインを超えると<BR>パズルみたいになるんだ,"无论什么领域･･････<BR>一旦超过某个临界点,<BR>就会变得像拼图一样"
3-11.txt,566,奥平セリフ◇最後の,<TYPE interval=45>･･････<TYPE interval=60>最後の１ピースを<BR>クリアする快感が欲しくて..<BR>こんな研究（ゲーム）ばかり<BR>やってるのかもしれないな,<TYPE interval=45>･･････<TYPE interval=60>也许正是为了追求<BR>拼上最后一块拼图的快感･･････<BR>我才一直沉迷于<BR>这种研究（游戏）吧
3-12.txt,22,津名川セリフ◇ごめん,<TYPE interval=80>ごめんな,<TYPE interval=80>对不起
3-12.txt,40,透花セリフ◇どうし,"<TYPE interval=77>どうしたんですか？<BR>,ご主人様",<TYPE interval=77>怎么了？<BR>主人
3-12.txt,45,エマセリフ◇どうして,<TYPE interval=65>どうして<BR>.謝ってるの？,<TYPE interval=65>为什么<BR>要道歉呢？
3-12.txt,50,沙友セリフ◇え,<TYPE interval=20>ぇぁは,<TYPE interval=20>呃啊
3-12.txt,70,津名川セリフ◇いや,"<TYPE interval=77>いや,　なんとなくね",<TYPE interval=77>没，就是突然想道个歉
3-12.txt,74,透花セリフ◇･･････,<TYPE interval=55>･･････,<TYPE interval=55>･･････
3-12.txt,79,エマセリフ◇変なの,<TYPE interval=55>変なの,<TYPE interval=55>真奇怪
3-12.txt,94,津名川セリフ◇･･････帰り,<TYPE interval=45>･･････<TYPE interval=75>帰り...<BR>もうちょっと<BR>..寄り道していこうか,<TYPE interval=45>･･････<TYPE interval=75>回去･･････<BR>还是再稍微<BR>･･････绕道去逛逛吧
3-12.txt,98,津名川セリフ◇まだ,"<TYPE interval=65>まだ早いしな<BR>,買い物でもしよう",<TYPE interval=65>时间还早呢<BR>去买点东西吧
3-12.txt,103,エマセリフ◇やった,<TYPE interval=20>やったぁ～！,<TYPE interval=20>太好啦〜！
3-12.txt,107,エマセリフ◇お洋服,<TYPE interval=45>お洋服が<BR>いいな～っ！,<TYPE interval=45>买新衣服<BR>最棒啦〜！
3-12.txt,134,津名川セリフ◇･･････,<TYPE interval=55>･･････,<TYPE interval=55>･･････
3-12.txt,152,店の人セリフ◇相変わらず,相変わらず<BR>かわいいお嬢様方で<TYPE interval=55>･･････,还是和往常一样<BR>是几位可爱的小姐呢<TYPE interval=55>･･････
3-12.txt,157,津名川セリフ◇いや･･････,いや<TYPE interval=45>･･････,没<TYPE interval=45>･･････
3-12.txt,161,店の人セリフ◇いえ,いえ...　正直申せば..<BR>お客様がたのように<BR>綺麗なお嬢様だと....<BR>こちらのやる気も違ってきます,不･･････说实话･･････<BR>像各位客人这样<BR>漂亮的小姐的话･･････<BR>我们干起活来也更有干劲了
3-12.txt,178,津名川セリフ◇はは,はは,哈哈
3-12.txt,182,店の人セリフ◇それで,それで今日は<BR>..どのようなお召し物を,那么今天<BR>･･････想选什么样的衣服呢
3-12.txt,186,津名川セリフ◇特に,特に決めてないんで..<BR>あの子達の好きなものを,还没特别想好･･････<BR>就买那几个孩子喜欢的吧
3-12.txt,190,店の人セリフ◇そうですか,"そうですか<BR>,<TYPE interval=45>･･････時期的には<BR>夏物がいいかしら","这样啊<BR>,<TYPE interval=45>･･････按季节来说<BR>夏装可能比较好呢"
3-12.txt,194,店の人セリフ◇うん,"うーん,　お嬢様方に<BR>聞いてみますね",嗯——，我去问问<BR>几位小姐吧
3-12.txt,211,沙友セリフ◇ねえねえ,"<FONT size=21 face=""MS ゴシック\><TYPE interval=35>ねえ,<BR>せんせい！","<FONT size=21 face=""MS ゴシック\><TYPE interval=35>喂,<BR>老师！"
3-12.txt,216,沙友セリフ◇あのね,"<FONT size=18 face=""MS ゴシック\>あのね<BR>...えと～　あれ？","<FONT size=18 face=""MS ゴシック\>那个啊<BR>･･････呃〜 咦？"
3-12.txt,240,沙友セリフ◇わすれちゃんた,"<TYPE interval=88><FONT size=18 face=""MS ゴシック\>わすれ<BR>ちゃったよ～","<TYPE interval=88><FONT size=18 face=""MS ゴシック\>忘<BR>记了〜"
3-12.txt,245,津名川セリフ◇そうかい,そうかい？,是吗？
3-12.txt,251,エマセリフ◇も,も～<BR>...沙友は～,真是的〜<BR>･･････沙友我啊〜
3-12.txt,257,エマセリフ◇あのね,"あのね　,作るの<BR>服じゃなくてもいい？",那个啊，要做的<BR>不一定是衣服也可以吗？
3-12.txt,284,津名川セリフ◇服,<TYPE interval=65>服じゃなくて..<BR>なんになるんだ？,<TYPE interval=65>不是衣服的话･･････<BR>那要做什么？
3-12.txt,288,沙友セリフ◇みずぎ,"<TYPE interval=55><FONT size=18 face=""MS ゴシック\>みずぎです！,<BR>おぼえだした！","<TYPE interval=55><FONT size=18 face=""MS ゴシック\>是泳装！<BR>我想起来了！"
3-12.txt,293,エマセリフ◇そ,"そそ..　そそ<BR>,<TYPE interval=0>ね？","对对･･････对对<BR>,<TYPE interval=0>对吧？"
3-12.txt,311,津名川セリフ◇水着ね,"水着ね<TYPE interval=45>･･････<BR>,<TYPE interval=65>透花もそれでいいのかい？","泳装啊<TYPE interval=45>･･････<BR>,<TYPE interval=65>透花觉得这样也可以吗？"
3-12.txt,326,津名川セリフ◇そっか,"そっか,　<TYPE interval=55>じゃあ<BR>...みんな水着にしようか",这样啊，　<TYPE interval=55>那<BR>･･････给大家都做套泳衣吧
3-12.txt,330,津名川セリフ◇そういえば,"そういえば持ってなかったしね,<BR>似合うのを作ってもらうといい","说起来她们本来也没有泳衣,<BR>去定做几套合适的吧"
3-12.txt,334,津名川セリフ◇それが,それが出来たら<BR>..プールに連れて行ってあげるよ,"等做好了,<BR>･･････就带你们去游泳池哦"
3-12.txt,343,透花セリフ◇や,"<FONT size=18 face=""MS ゴシック\><TYPE interval=70>やったぁ～","<FONT size=18 face=""MS ゴシック\><TYPE interval=70>太好啦〜"
3-12.txt,345,エマセリフ◇や,"<FONT size=18 face=""MS ゴシック\><TYPE interval=70>やったぁ～","<FONT size=18 face=""MS ゴシック\><TYPE interval=70>太好啦〜"
3-12.txt,347,沙友セリフ◇や,"<FONT size=18 face=""MS ゴシック\><TYPE interval=70>やったぁ～","<FONT size=18 face=""MS ゴシック\><TYPE interval=70>太好啦〜"
3-12.txt,362,津名川セリフ◇しかし,<TYPE interval=70>しかし..<BR>どこでそんな知識を<BR>仕入れてくるのかな,<TYPE interval=70>不过･･････<BR>她们到底是从哪儿<BR>学来这些知识的呢
3-12.txt,369,津名川セリフ◇プール,"<TYPE interval=80>プール<TYPE interval=45>･･････<BR>,<TYPE interval=80>もう何年ぶりかな","<TYPE interval=80>游泳池<TYPE interval=45>･･････<BR>,<TYPE interval=80>已经好几年没去了呢"
3-12.txt,374,津名川セリフ◇ああ,<TYPE interval=80>ああ　...でも,<TYPE interval=80>啊･･････不过
3-12.txt,391,津名川セリフ◇あの子達,<TYPE interval=80>あの子達は<BR>..いつも入ってるのか,<TYPE interval=80>那些孩子<BR>･･････平时也一直泡在里面吗
3-12.txt,395,津名川セリフ◇も,<TYPE interval=80>もっとも<TYPE interval=45>･･････,<TYPE interval=80>不过<TYPE interval=45>･･････
3-12.txt,399,津名川セリフ◇黄緑,<TYPE interval=80>黄緑色のゲル・プールだが,<TYPE interval=80>虽然是黄绿色的凝胶池
3-12.txt,417,津名川セリフ◇水の,<TYPE interval=55>･･････<TYPE interval=85>水のプールに<BR>...憧れてたのかな,<TYPE interval=55>･･････<TYPE interval=85>她们或许一直<BR>･･････憧憬着真正的水池吧
3-13.txt,23,津名川セリフ◇あの,あのお店でおみやげ....<BR>何もらったんだい,在那家店拿到的礼物･･････<BR>到底是什么啊？
3-13.txt,40,エマセリフ◇ひー,"<TYPE interval=44><FONT size=18 face=""MS ゴシック\>ひーみっつ！","<TYPE interval=44><FONT size=18 face=""MS ゴシック\>秘〜密！"
3-13.txt,46,透花セリフ◇ふふ,ふふっ...<BR><TYPE interval=80>こんなの貰えるなんて..<BR>すごいですね,呵呵･･････<BR><TYPE interval=80>能收到这么好的东西･･････<BR>真厉害呢。
3-13.txt,51,沙友セリフ◇えへ,"<FONT size=18 face=""MS ゴシック\>えへへへ,<BR>おうちにかえ～たら..<BR>でーす","<FONT size=18 face=""MS ゴシック\>诶嘿嘿,<BR>回〜家以后･･････<BR>再〜说。"
3-13.txt,73,津名川セリフ◇ずいぶん,ずいぶんいいもの..<BR>貰ったんだな,拿到了<BR>挺不错的东西啊･･････
3-13.txt,79,津名川セリフ◇まあ,"<TYPE interval=80>まあ..　いいや<BR>,今日はなんだか<TYPE interval=45>･･････",<TYPE interval=80>算了･･････ 不管了<BR>今天不知怎么的<TYPE interval=45>･･････
3-13.txt,84,津名川セリフ◇疲れたよ,疲れたよ,真累啊。
3-14.txt,18,津名川セリフ◇はー,<TYPE interval=55>･･････<TYPE style=Fade interval=120>ハー,<TYPE interval=55>･･････<TYPE style=Fade interval=120>哈啊——
3-14.txt,26,津名川セリフ◇こんばんは,<TYPE interval=90>今晩は..良く眠れそうだよ,<TYPE interval=90>今晚･･････好像能睡个好觉呢
3-14.txt,31,津名川セリフ◇明日から,<TYPE interval=80>明日からまた<TYPE interval=45>･･････<BR><TYPE interval=90>...仕事を始めないとな,<TYPE interval=80>明天开始又要<TYPE interval=45>･･････<BR><TYPE interval=90>･･････开始工作了
3-14.txt,49,津名川セリフ◇薬,<TYPE interval=60>薬のデータ..<BR>入れないと<TYPE interval=45>･･････,<TYPE interval=60>药物的数据･･････<BR>得赶紧录入<TYPE interval=45>･･････
3-14.txt,54,津名川セリフ◇地下,<TYPE interval=60>地下の計算機<BR>..動いてるだろうか<TYPE interval=45>･･････,<TYPE interval=60>地下的计算机<BR>･･････还在运转吗<TYPE interval=45>･･････
3-14.txt,59,津名川セリフ◇ああ,<TYPE interval=60>ああ..　それから<BR>グラハムさんに会う話も<BR>確かめておかないとな,<TYPE interval=60>啊･･････ 还有<BR>去见格拉汉姆先生的事<BR>也得确认一下
3-14.txt,81,津名川セリフ◇結局,"<TYPE interval=45>･･････<TYPE interval=90>結局<BR>,あのおみやげ..<BR>何だったんだろう",<TYPE interval=45>･･････<TYPE interval=90>说到底<BR>那个礼物･･････<BR>到底是什么呢
3-14.txt,100,三人セリフ◇にゃ,<TYPE interval=30><FONT size=20 face='G'>にゃにゃーん,<TYPE interval=30><FONT size=20 face='G'>喵〜喵——
3-14.txt,111,津名川セリフ◇エマ,<TYPE interval=30><FONT size=18>エマっ？,<TYPE interval=30><FONT size=18>艾玛？
3-14.txt,129,エマセリフ◇にゃー,<FONT size=18 face='G'><TYPE interval=40>にゃ<TYPE interval=400 speed=400 style=Spring>ー</TYPE>にゃ<TYPE interval=400 speed=400 style=Spring>ー</TYPE>！....<BR>にゃ<TYPE interval=600 speed=600 style=Spring>ー</TYPE>ん☆,<FONT size=18 face='G'><TYPE interval=40>喵<TYPE interval=400 speed=400 style=Spring>——</TYPE>喵<TYPE interval=400 speed=400 style=Spring>——</TYPE>！･･････<BR>喵<TYPE interval=600 speed=600 style=Spring>——</TYPE>嗯☆
3-14.txt,136,沙友セリフ◇わーい,<FONT size=18 face='G'><TYPE interval=30>わーい！..<BR>せんせーい！..<BR>にゃーん！,<FONT size=18 face='G'><TYPE interval=30>哇——！･･････<BR>老〜师！･･････<BR>喵——！
3-14.txt,151,津名川セリフ◇なんだ,なんだ..<BR>すいぶん子ネコがいるな,怎么..<BR>有好多小猫咪在啊
3-14.txt,158,透花セリフ◇･･････,･･････,･･････
3-14.txt,172,津名川セリフ◇へえ,"へえ<TYPE interval=45>･･････,<TYPE interval=60><BR>それがおみやげだったんだね",哦<TYPE interval=45>･･････<TYPE interval=60><BR>原来那就是礼物啊
3-14.txt,176,津名川セリフ◇かわいい,かわいいじゃないか...<BR>いいもの貰えてよかったな,挺可爱的嘛･･････<BR>能收到这么好的礼物真是太好了
3-14.txt,198,沙友セリフ◇･･････にゃ,<FONT size=18 face='G'>ニャフニャフ,<FONT size=18 face='G'>喵呜喵呜
3-14.txt,202,エマセリフ◇ニャフニャフ,ニャニャニャ,喵喵喵
3-14.txt,206,透花セリフ◇ニャニャ,<FONT size=14>･･･にゃ･･･,<FONT size=14>･･････喵･･････
3-14.txt,211,津名川セリフ◇甘え,はは<BR>甘えたがりなネコだな,哈哈<BR>真是只爱撒娇的小猫啊
3-14.txt,227,津名川セリフ◇ヨシヨシ,ヨシヨシ･･･,乖〜乖〜･･････
3-14.txt,231,津名川セリフ◇尻尾,尻尾もついてる<BR>ずいぶん凝ってるんだな,连尾巴都有<BR>做得真够细致的啊
3-14.txt,253,沙友セリフ◇しぽー,<FONT size=16 face='G'>しぽー<BR>ぱんつにくついてるから<BR>さがーてきちゃうです,<FONT size=16 face='G'>尾〜巴<BR>因为缝在内裤上<BR>会掉〜下来的
3-14.txt,259,エマセリフ◇もー,もー<BR>そういうことを,真是的<BR>别做这种事啊
3-14.txt,265,透花セリフ◇赤く,･･････,･･････
3-14.txt,287,セ◇じゃ,"じゃ　...宗慈さん,<BR>おやすみなさーい","那 ･･････宗慈先生,<BR>晚安〜"
3-14.txt,291,セ◇うん,ご主人さま<BR>...おやすみなさい,主人<BR>･･････晚安
3-14.txt,295,セ◇･･･,おやすみ,晚安
3-14.txt,306,津名川◇･･･,･･････ん<BR>...どうした？　...沙友,･･････嗯<BR>･･････怎么了？ ･･････沙友
3-14.txt,312,沙友◇うん,<FONT size=15><TYPE style=Fade>うん･･････<BR>....おやすみなさい･･････,<FONT size=15><TYPE style=Fade>嗯･･････<BR>･･････晚安･･････
3-14.txt,325,沙友◇えと,<FONT size=15>えと<TYPE interval=40>･･････</TYPE>あの<TYPE interval=40>･･･</TYPE>ぅ,<FONT size=15>那个<TYPE interval=40>･･････</TYPE>那个<TYPE interval=40>･･････</TYPE>唔
3-14.txt,330,沙友◇えーと,<FONT size=15>えーと<TYPE interval=40>･･････</TYPE>,<FONT size=15>那个･･････<TYPE interval=40>･･････</TYPE>
3-14.txt,335,津名川◇眠く,眠くならないのかい？,还不困吗？
3-14.txt,339,沙友◇うん,<FONT size=15><TYPE interval=40>･･････</TYPE>うん<TYPE interval=40>･･････</TYPE>,<FONT size=15><TYPE interval=40>･･････</TYPE>嗯･･････<TYPE interval=40>･･････</TYPE>
3-14.txt,349,沙友◇せんせいと,<FONT size=14>せんせいと..ねたい<TYPE interval=40>･･････</TYPE>,<FONT size=14>想和老师･･････一起睡･･････<TYPE interval=40>･･････</TYPE>
3-14.txt,355,選択肢◇あんまり,<TYPE interval=0><FONT color=red>･･････あんまり我侭ばっかりは..<BR>良くないぞ？</FONT>,<TYPE interval=0><FONT color=red>･･････总是这么任性的话..<BR>可不好哦？</FONT>
3-14.txt,356,選択肢◇しょうがない,<TYPE interval=0><FONT color=red>しょうがないな･･････</FONT>,<TYPE interval=0><FONT color=red>真拿你没办法･･････</FONT>
3-14.txt,387,津名川◇あんまり,<TYPE interval=40>･･････</TYPE>あんまり我侭<BR>ばっかりは良くないぞ？,<TYPE interval=40>･･････</TYPE>不能总是<BR>这么任性哦？
3-14.txt,391,沙友◇うん,<FONT size=15><TYPE interval=40>･･････</TYPE>うん,<FONT size=15><TYPE interval=40>･･････</TYPE>嗯
3-14.txt,396,沙友◇せんせいの,<FONT size=15>せんせいのいうこと<BR>きくの<TYPE interval=40>･･････</TYPE>,<FONT size=15>老师说的话<BR>我会乖乖听的<TYPE interval=40>･･････</TYPE>
3-14.txt,401,沙友◇せんせ,<FONT size=14>せんせい<BR>..おやすみなさい･･････</TYPE>,<FONT size=14>老师<BR>･･････晚安･･････</TYPE>
3-14.txt,417,津名川◇しょう,しょうがないな<TYPE interval=40>･･････</TYPE>....<BR>猫耳に免じて我侭を聞いてあげるか,真拿你没办法<TYPE interval=40>･･････</TYPE>･･････<BR>看在猫耳的份上，就听你的任性一回吧
3-14.txt,421,沙友◇やた,<TYPE interval=30><FONT size=20 face='G'>やたぁ！,<TYPE interval=30><FONT size=20 face='G'>好耶！
3-14.txt,430,沙友◇ねこ,<FONT size=18 face='G'><TYPE interval=35>ねこみみすごいの！,<FONT size=18 face='G'><TYPE interval=35>猫耳太棒啦！
3-14.txt,435,津名川◇そうだ,"そうだな,<BR>よしよし<TYPE interval=40>･･････</TYPE>","是啊,<BR>好了好了<TYPE interval=40>･･････</TYPE>"
3-14.txt,439,沙友◇ぇへ,<FONT size=16 face='G'>ぇへへへ,<FONT size=16 face='G'>诶嘿嘿嘿
3-16.txt,21,店員Ａセリフ◇津名川さん,津名川さんとこの<BR>..お嬢さんたち<BR>ほんとかわいいですよね,津名川先生家的<BR>･･････千金们<BR>真是太可爱了
3-16.txt,25,店員Ａセリフ◇この,"この水着も<BR>気合入っちゃうなぁ～,<BR>来るたびに写真撮りたく<BR>なりますよ..　わたし","这泳装也<BR>让人忍不住使足了劲啊〜,<BR>每次来都让我<BR>忍不住想拍照呢･･････ 我"
3-16.txt,29,店員Ｂセリフ◇昨日,昨日も帰りに<BR>ネコミミつけてあげたら.<BR>もう！,"昨天回去时<BR>给她们戴上猫耳,<BR>真是的！"
3-16.txt,33,店員Ｂセリフ◇でも,"でも津名川さんには<BR>まだ見せてあげないだって,<BR>かっわいい～！","不过听说还没<BR>给津名川先生看呢,<BR>太可爱了〜！"
3-16.txt,48,店員Ｂセリフ◇私も,<TYPE interval=55>私もあんな子供だったら<BR>生みたいなぁ～！,<TYPE interval=55>我要是也能生个那么可爱的孩子<BR>就好了啊〜！
3-16.txt,52,店員Ｂセリフ◇独身,"でも実の子じゃないよね,<BR>みんな全然違うし<BR>津名川さん<BR>きっと独身よねぇ･･･","不过不是亲生孩子吧,<BR>大家完全不一样，而且<BR>津名川先生<BR>肯定还是单身吧･･･"
3-16.txt,56,店員Ａセリフ◇また,またこの子の妄想が<BR>始まったよ,这丫头的妄想<BR>又开始了
3-16.txt,60,店員セリフ◇あはは,"<TYPE interval=40><FONT size=18 face=""MS ゴシック\>アハハハハハ","<TYPE interval=40><FONT size=18 face=""MS ゴシック\>啊哈哈哈哈哈哈"
3-16.txt,81,倉巳セリフ◇あった,あったあった<BR>ここだな･･･,找到了找到了<BR>就是这里啊･･････
3-16.txt,87,倉巳セリフ◇さて,さて　...うまく<BR>やらないと,那么 ･･････得<BR>好好干才行
3-16.txt,108,倉巳セリフ◇あの,あの<TYPE interval=45>･･････....<BR>上着をちょっと<BR>引っ掛けて<BR>しまったんですが･･･,那个<TYPE interval=45>･･････<BR>我不小心把外套<BR>划破了<BR>･･････
3-17.txt,9,津名川セリフ◇んー,<TYPE interval=110>うーむ,<TYPE interval=110>唔･･････
3-17.txt,20,津名川セリフ◇マズい,はっきり言って...<BR>マズイな,说实话･･････<BR>不妙啊
3-17.txt,27,津名川セリフ◇薄い,薄い蜂蜜レモン味って<BR>風味ではあるが<TYPE interval=45>･･････,淡淡的蜂蜜柠檬味<BR>风味倒是有的<TYPE interval=45>･･････
3-17.txt,31,津名川セリフ◇エマ,エマ...　その耳は..<BR>ずっとつけてるのかい？,艾玛･･････那对耳朵･･････<BR>你一直戴着吗？
3-17.txt,52,エマセリフ◇やっぱり,やっぱり..寝るときは<BR>はずした方がいいかニャ,果然･･････睡觉的时候<BR>还是摘下来比较好喵
3-17.txt,59,透花セリフ◇そう,<TYPE interval=80>そうじゃない気が<BR>するんだけど,<TYPE interval=80>但我怎么觉得<BR>不是这样啊
3-17.txt,66,沙友セリフ◇さゆの,"<FONT size=18 face=""MS ゴシック\>さゆの..<BR>なくなちゃたー","<FONT size=18 face=""MS ゴシック\>沙友的..<BR>没有了啦——"
3-17.txt,90,津名川セリフ◇いっしょに,いっしょに<BR>探してあげるよ,一起<BR>帮你找吧
3-17.txt,96,沙友セリフ◇やた,"<FONT size=20 face=""MS ゴシック\><TYPE interval=30>やたぁ","<FONT size=20 face=""MS ゴシック\><TYPE interval=30>好耶〜"
3-17.txt,101,津名川セリフ◇ま,"ま<TYPE interval=45>･･････...　<TYPE interval=60>いいか,<BR>好き好きだしな","算<TYPE interval=45>･･････　<TYPE interval=60>了吧,<BR>反正你喜欢嘛"
3-17.txt,116,エマセリフ◇にゃん,"<FONT size=18 face=""MS ゴシック\><TYPE interval=20>にゃん.にゃん","<FONT size=18 face=""MS ゴシック\><TYPE interval=20>喵。喵"
3-17.txt,124,エマセリフ◇そうじ,"そうじさん,<BR>今日はおでかけ<BR>しないの？","宗慈,<BR>今天不出门<BR>吗？"
3-17.txt,140,津名川セリフ◇ああ,ああ..　ちょっと<BR>やることがあるんだ,啊･･････有点<BR>事要做
3-17.txt,144,津名川セリフ◇でも,でも..　それが終わったら<BR>散歩に出かけようか,不过･･････等忙完了<BR>去散步吧
3-17.txt,148,エマセリフ◇やったあ,<FONT size=18>やったあ！...<BR><FONT size=16>ネコ散歩するの～,<FONT size=18>太棒了！･･････<BR><FONT size=16>带小猫去散步〜
3-18-5.txt,18,津名川セリフ◇こ,<TYPE interval=70>こんにちは,<TYPE interval=70>你好啊
3-18-5.txt,24,筒井セリフ◇お,"お,<BR><TYPE interval=60>来てくれたんだね","哦,<BR><TYPE interval=60>你来了啊"
3-18-5.txt,35,津名川セリフ◇美味しい,<TYPE interval=66>美味しいコーヒー..という奴を...<BR>飲みたくなりましてね,<TYPE interval=66>突然想尝尝所谓･･････<BR>好喝的咖啡了
3-18-5.txt,39,筒井セリフ◇はっは,<TYPE interval=0>はっは...<BR><TYPE interval=70>その辺に掛けるといい,<TYPE interval=0>哈哈哈･･････<BR><TYPE interval=70>坐那边吧
3-18-5.txt,43,筒井セリフ◇お嬢,<TYPE interval=89>お嬢さん方も..<BR>飲むかい,<TYPE interval=89>小姑娘们･･････<BR>也喝点吗
3-18-5.txt,63,エマセリフ◇いいの,<TYPE interval=0><FONT size=20>いいの！？,<TYPE interval=0><FONT size=20>可以吗！？
3-18-5.txt,70,透花セリフ◇駄目だよ,<FONT size=14>駄目だよ･･･,<FONT size=14>不行哦･･････
3-18-5.txt,76,透花セリフ◇遠慮,<FONT size=14>遠慮しないと,<FONT size=14>得客气点啊
3-18-5.txt,91,津名川セリフ◇コーヒーは,<TYPE interval=80>コーヒーは<TYPE interval=45>･････...<BR><TYPE interval=80>うーん,<TYPE interval=80>咖啡的话<TYPE interval=45>･･････<BR><TYPE interval=80>嗯〜
3-18-5.txt,97,津名川セリフ◇じゃあ,じゃあ　....<TYPE interval=70>薄くして<BR>いただければ,那 ･･････<TYPE interval=70>麻烦帮我<BR>泡淡一点
3-18-5.txt,115,筒井セリフ◇それじゃ,<TYPE interval=60>それじゃあ<BR>...カフェオレをうす～くして,<TYPE interval=60>那就<BR>･･････把欧蕾咖啡泡淡〜一点吧
3-18-5.txt,119,津名川セリフ◇ミルク,<TYPE interval=50>いえ..　ミルク無しで..<BR>砂糖を入れてあげてください,<TYPE interval=50>不･･････ 不加牛奶･･････<BR>请给我加点糖
3-18-5.txt,123,筒井セリフ◇は,<TYPE interval=0>は？,<TYPE interval=0>哈？
3-18-5.txt,127,筒井セリフ◇そうかい,"<TYPE interval=50>そうかい？,<TYPE interval=70><BR>まあいいが･･･",<TYPE interval=50>是吗？<TYPE interval=70><BR>算了･･････
3-18-5.txt,131,筒井セリフ◇キミ,<TYPE interval=65>キミはどうする？,<TYPE interval=65>你呢？
3-18-5.txt,148,津名川セリフ◇いえ,<TYPE interval=70>ミルクだけを...<BR>ほんの数滴,<TYPE interval=70>只加牛奶･･････<BR>仅仅几滴
3-18-5.txt,152,筒井セリフ◇･･････わかった,<TYPE interval=45>･･････<TYPE interval=78>わかった....<BR>しばらく待ってくれ,<TYPE interval=45>･･････<TYPE interval=78>明白了･･････<BR>稍等我一下
3-18-5.txt,173,筒井セリフ◇さ,さ...　<TYPE interval=69>どうぞ,那･･････　<TYPE interval=69>请用
3-18-5.txt,182,筒井セリフ◇この,<TYPE interval=55>この間の朝..<BR>キミに会ったとき..<BR>コーヒーの匂いがした,<TYPE interval=55>前几天早上･･････<BR>遇到你的时候･･････<BR>闻到了咖啡的香味
3-18-5.txt,188,筒井セリフ◇なん,<TYPE interval=70>なんとなく<BR>ピンときてね,<TYPE interval=70>不知怎么的<BR>突然灵光一现呢
3-18-5.txt,192,筒井セリフ◇それ,<TYPE interval=57>それで話をふってみたのさ...<BR>こだわりがあったら..<BR>顔が変わるだろうってね,<TYPE interval=57>所以我就试探性地提了一句･･････<BR>如果你有什么讲究的话･･････<BR>表情应该会有变化吧
3-18-5.txt,211,津名川セリフ◇･･････なるほど,"･･･なるほど<TYPE interval=45>･･････<BR>,確かに<TYPE interval=45>･･････",･･････原来如此<TYPE interval=45>･･････<BR>确实<TYPE interval=45>･･････
3-18-5.txt,215,津名川セリフ◇確かに,<TYPE interval=70>ご自分で美味しいと<BR>言われるだけのことはある,<TYPE interval=70>果然不愧是您自称好喝的<BR>咖啡
3-18-5.txt,219,津名川セリフ◇手間の,"<TYPE interval=70>手間のかかった味です,<BR>水に..豆に..　焙煎･･････","<TYPE interval=70>真是下足了功夫的味道啊,<BR>水･･････豆子･･････还有烘焙･･････"
3-18-5.txt,233,筒井セリフ◇フフ,"<TYPE interval=50>フフ,<TYPE interval=65><BR>おいしいと思われる",<TYPE interval=50>呵呵，<TYPE interval=65><BR>只要你们觉得好喝
3-18-5.txt,237,筒井セリフ◇そ,それで充分だよ,那样就足够了
3-18-5.txt,255,沙友セリフ◇あ,"<FONT size=20 face=""MS ゴシック\>あ..　<TYPE interval=30>あちゃ！！","<FONT size=20 face=""MS ゴシック\>啊･･････　<TYPE interval=30>哇啊！！"
3-18-5.txt,260,沙友セリフ◇びくー,"<FONT size=18 face=""MS ゴシック\><TYPE interval=30>びくーりしたよー","<FONT size=18 face=""MS ゴシック\><TYPE interval=30>吓我一跳〜"
3-18-5.txt,280,透花セリフ◇驚き,<FONT size=14>･･････,<FONT size=14>･･････
3-18-5.txt,287,透花セリフ◇コーヒーって,<TYPE interval=69><FONT size=15>コーヒーって...<BR>こんな味だったんですね,<TYPE interval=69><FONT size=15>咖啡･･････<BR>原来是这种味道啊
3-18-5.txt,291,エマセリフ◇あんまり,<FONT size=15>あんまり..<BR>好きじゃないかも･･･,<FONT size=15>我好像不太･･････<BR>喜欢呢･･････
3-18-5.txt,314,津名川セリフ◇飲みなれて,<TYPE interval=60>はは...　飲みなれてないと..<BR>苦いだけかもね,<TYPE interval=60>哈哈･･････ 喝不惯的话･･････<BR>可能只觉得苦呢
3-18-5.txt,320,津名川セリフ◇しかし,<TYPE interval=55>しかし..コーヒー中毒者には...<BR>この上なく繊細な味に思えるよ,<TYPE interval=55>不过･･････ 对咖啡重度爱好者来说･･････<BR>这味道可是无比细腻的呢
3-18-5.txt,324,津名川セリフ◇好き,<TYPE interval=56>好きになって..<BR>はまり込んでいくほど<BR>微妙な差がわかり...<BR>気になるものだ,<TYPE interval=56>越是喜欢･･････<BR>越是沉迷其中<BR>就越能察觉出･･････<BR>微妙的差别并为之在意
3-18-5.txt,328,津名川セリフ◇はたから,<TYPE interval=60>はたから見れば.<BR>どうでもいいような..<BR>些細な差であってもね,<TYPE interval=60>即便在旁人看来<BR>只是些无关紧要的･･････<BR>细微差别也罢
3-18-5.txt,349,筒井セリフ◇そのネコミミ,"<TYPE interval=70>そのネコミミ,<BR>買ってもらったのかい？","<TYPE interval=70>那对猫耳,<BR>是别人买给你的吗？"
3-18-5.txt,354,エマセリフ◇あっ,<TYPE interval=70>あっ..これ,<TYPE interval=70>啊･･････ 这个
3-18-5.txt,361,エマセリフ◇もら,<TYPE interval=40><FONT size=18>もらったの！,<TYPE interval=40><FONT size=18>是别人送的！
3-18-5.txt,365,エマセリフ◇かわ,かわいいでしょう～..<BR>えへへへ,很可爱吧〜･･････<BR>嘿嘿嘿嘿
3-18-5.txt,384,沙友セリフ◇さゆも,"<TYPE interval=45>さゆも～！,<BR><TYPE interval=70>あと..　みずぎも<BR>かてもらーたです",<TYPE interval=45>沙友也是〜！<BR><TYPE interval=70>还有･･････ 泳衣也是<BR>别人给的
3-18-5.txt,390,筒井セリフ◇へぇ,<TYPE interval=70>へぇ..<BR>どこかに泳ぎに<BR>行くのかい？,<TYPE interval=70>哦･･････<BR>打算去哪里<BR>游泳呢？
3-18-5.txt,394,沙友セリフ◇プール,"<FONT size=18 face=""MS ゴシック\><TYPE interval=40>プールにいくです！","<FONT size=18 face=""MS ゴシック\><TYPE interval=40>去泳池！"
3-18-5.txt,398,透花セリフ◇楽しみ,楽しみだね<BR>...水着もプールも,真让人期待呢<BR>･･････泳衣也好泳池也好
3-18-5.txt,422,津名川セリフ◇僕も,僕もずいぶん体がなまってるんで<BR>たまにはと思って,我也好久没活动身体了<BR>想着偶尔也去一次
3-18-5.txt,428,筒井セリフ◇どこの,どこのプールに<BR>行くんだい,去哪个泳池<BR>呢
3-18-5.txt,434,津名川セリフ◇ああ,ああ..　西口の方のホテルで<BR>室内プールがいくつかあるので<BR>そっちのほうに<TYPE interval=45>･･････,啊･･････ 西口那边的酒店<BR>有几个室内泳池<BR>打算去那边<TYPE interval=45>･･････
3-18-5.txt,449,筒井セリフ◇なるほど,ははぁ<BR>...なるほどね,哈哈<BR>･･････原来如此
3-18-5.txt,453,筒井セリフ◇確かに,確かに<BR>..そういうところのほうが..<BR>心配が無くていいね,确实<BR>･･････那种地方･･････<BR>比较让人放心呢
3-18-5.txt,457,津名川セリフ◇ええ,ええ,嗯
3-18.txt,14,Ａセリフ◇安い,<TYPE interval=60>安い盗聴器だな...<BR>使ってる周波数から見ると..<BR>素人..ってわけでもないですか,<TYPE interval=60>真是廉价的窃听器啊･･････<BR>从使用的频率来看･･････<BR>看来也不完全是外行呢
3-18.txt,19,Ｂセリフ◇面倒が,<TYPE interval=60>面倒が増えるな,<TYPE interval=60>又要多些麻烦了
3-18.txt,33,Ａセリフ◇や,<TYPE interval=60>やっちゃうってのは<BR>どうです,<TYPE interval=60>直接“处理”掉･･････<BR>您觉得如何
3-18.txt,38,Ａセリフ◇ここ,<TYPE interval=70>ここで消した方が..<BR>後々面倒がないかも<BR>しれませんよ,<TYPE interval=70>在这里解决掉的话･･････<BR>说不定能免去<BR>日后的麻烦呢
3-18.txt,54,Ｂセリフ◇簡単に,<TYPE interval=70>簡単に言う奴だ,<TYPE interval=70>说得倒轻巧
3-18.txt,59,Ｂセリフ◇手札,<TYPE interval=65>手札はギリギリまで見せるなって..<BR>学校の先生に習わなかったか,<TYPE interval=65>手牌不到最后一刻不要亮出来･･････<BR>学校老师没教过你吗
3-18.txt,64,Ｂセリフ◇こっち,"<TYPE interval=70>こっちに最強のカードが<BR>あるとしてもだ,<BR><TYPE interval=40>イレギュラーは..下手に手を出すと.<BR>どうなるかわからん","<TYPE interval=70>就算我们手里<BR>握着最强的牌,<BR><TYPE interval=40>面对“变数”･･････要是轻易出手･･････<BR>后果可难以预料"
3-18.txt,78,Ａセリフ◇うちの,<TYPE interval=70>うちの学校は..<BR>宗教系でしてね,<TYPE interval=70>我们学校的背景･･････<BR>是宗教系的呢
3-18.txt,83,Ｂセリフ◇そうかい,<TYPE interval=70>そうかい...<BR><TYPE interval=50>じゃあ聖書に<BR>メモっとくんだな,<TYPE interval=70>是吗･･････<BR><TYPE interval=50>那我就记在<BR>“圣经”上好了
3-18.txt,94,Ｂセリフ◇引き金,"<TYPE interval=80>“引き金を引くときには,<BR>　勝負がきまっている”..<BR>ようにするのが俺達の仕事だ","<TYPE interval=80>“扣动扳机之时,<BR>　胜负便已注定”･･････<BR>我们的工作就是做到这一点"
3-18.txt,98,Ｂセリフ◇ようは,<TYPE interval=70>ようはカタチを<BR>つくるってことだ,"<TYPE interval=70>说白了,<BR>就是“做局”罢了"
3-18.txt,107,Ｂセリフ◇相手,<TYPE interval=70>相手の手がわかるまで...<BR>勝負はしないのさ,<TYPE interval=70>在摸清对方底牌之前･･････<BR>是绝不会出手的
3-19.txt,15,友人セリフ◇どうすっか,<TYPE interval=70>どうっすか？,<TYPE interval=70>怎么样啊？
3-19.txt,19,倉巳セリフ◇うーん,<TYPE interval=65>うーん..　まあ..<BR>なかなか順調では.<BR>あるんだが,<TYPE interval=65>嗯･･････嘛･･････<BR>倒也算<BR>挺顺利的
3-19.txt,23,倉巳セリフ◇やっぱり,<TYPE interval=75>やっぱり新宿だったよ...<BR>でも..　な～んか･･･,<TYPE interval=75>果然还是新宿啊･･････<BR>不过･･････总觉得有点･･････
3-19.txt,36,友人セリフ◇なんーか,<TYPE interval=65>なーんか？,<TYPE interval=65>有点什么？
3-19.txt,40,友人セリフ◇また,<TYPE interval=70>また..　犯罪すれすれの事..<BR>やってるんじゃないですか？,<TYPE interval=70>该不会又･･････在干些<BR>游走在犯罪边缘的事吧？
3-19.txt,44,倉巳セリフ◇いや,<TYPE interval=56>いや...　どうも<BR>俺だけじゃなさそうなんだよ,<TYPE interval=56>不･･････总觉得<BR>好像不止我一个人在查
3-19.txt,48,友人セリフ◇はえ,<TYPE interval=55>はえ？,<TYPE interval=55>诶？
3-19.txt,62,倉巳セリフ◇この,<TYPE interval=67>この子らを.<BR>調べてるヤツ..　だよ,<TYPE interval=67>是那些･･････<BR>在调查这些孩子的人･･････
3-19.txt,69,倉巳セリフ◇確証,<TYPE interval=76>確証はないけど....<BR>どーもね,<TYPE interval=76>虽然还没确凿的证据･･････<BR>但总觉得是这样
3-19.txt,73,倉巳セリフ◇案外,<TYPE interval=65>案外...　ただの女の子らじゃ..<BR>ないかもしれないな,<TYPE interval=65>说不定･･････她们<BR>并不只是普通的女孩子
3-19.txt,86,友人セリフ◇まった,<TYPE interval=65>まったまた～...<BR>倉巳さんはそういうの..<BR>大好きだからナァ～,<TYPE interval=65>真是的，又来了〜･･････<BR>仓巳就喜欢<BR>这种调调呐〜
3-19.txt,92,倉巳セリフ◇馬鹿,<TYPE interval=55>馬鹿...　今回のは.<BR>ちょっと違うんだよ,<TYPE interval=55>笨蛋･･････这次的情况<BR>有点不一样啊
3-19.txt,96,友人セリフ◇宇宙人,<TYPE interval=65>いつもそういってますって<TYPE interval=45>･･････<TYPE interval=65>.....<BR>宇宙人でも何でもかわいけりゃ..<BR>いいですけどね..　僕は,"<TYPE interval=65>你每次都这么说･･････<TYPE interval=45>･･････<TYPE interval=65>反正不管是外星人还是什么,<BR>只要可爱就行了吧･･････<BR>我是这么觉得的"
3-19.txt,115,倉巳セリフ◇わかった,"<TYPE interval=65>わかったわかった,.<BR>いいよもう","<TYPE interval=65>知道了知道了,<BR>行了行了"
3-19.txt,129,倉巳セリフ◇どのみち,<TYPE interval=70>どの道..ここで引き下がる.<BR>って手はないんだ,<TYPE interval=70>反正･･････现在也没法<BR>临阵退缩了
3-19.txt,133,倉巳セリフ◇ヤバイ,<TYPE interval=70>ヤバイとなったら...<BR>それを楽しむさ,<TYPE interval=70>要是真到了危险的地步･･････<BR>就好好享受吧
3-20.txt,13,透花セリフ◇ご主人,<TYPE interval=70>ご主人さまは<BR>泳げるんですか？,<TYPE interval=70>主人<BR>会游泳吗？
3-20.txt,19,津名川セリフ◇どうだろう,<TYPE interval=65>どうだろうな～...<BR>もうずいぶん<BR>泳いでないから･･･,<TYPE interval=65>这个嘛〜･･････<BR>我已经很久<BR>没游过了･･････
3-20.txt,26,津名川セリフ◇でも,<TYPE interval=70>でも..　まったく泳げない<BR>.ってことは..無いと思うよ,<TYPE interval=70>不过･･････ 要说完全不会游<BR>这种事･･････应该不至于吧
3-20.txt,43,エマセリフ◇楽しみ,<TYPE interval=70>楽しみだなぁ～,<TYPE interval=70>好期待啊〜
3-20.txt,49,沙友セリフ◇さゆは,<TYPE interval=69>さゆは　およげる？,<TYPE interval=69>沙友会游泳吗？
3-20.txt,56,津名川セリフ◇最初は,"<TYPE interval=60>最初は難しいかもね,<BR>でもお前達ならすぐに<BR>泳げるようになると思うよ","<TYPE interval=60>一开始可能会有点难,<BR>不过你们的话应该很快<BR>就能学会的"
3-20.txt,60,津名川セリフ◇動物,<TYPE interval=65>動物っていうのは..基本的に<BR>泳げるようにできてるんだ,<TYPE interval=65>动物这种东西･･････基本上<BR>天生就是会游泳的
3-20.txt,80,エマセリフ◇泳ぐとき,"<TYPE interval=68>泳ぐときは<BR>耳取らないとなぁ,<BR>残念","<TYPE interval=68>游泳的时候<BR>得把耳朵摘下来呢,<BR>太可惜了"
3-20.txt,86,エマセリフ◇そ,<TYPE interval=70>そーじさん...<BR>私の水着姿..　楽しみ？,<TYPE interval=70>宗慈･･････<BR>我的泳装打扮･･････ 期待吗？
3-20.txt,92,選択◇そう,<FONT color=red><TYPE interval=0>そうだねぇ..　みんなどんな<BR>水着になっているか楽しみだよ,<FONT color=red><TYPE interval=0>也是呢.. 真期待大家<BR>会穿什么样的泳衣呀
3-20.txt,93,選択◇どんな,<FONT color=red><TYPE interval=0>どんな水着にしたんだい,<FONT color=red><TYPE interval=0>你选了什么样的泳衣？
3-20.txt,113,津名◇選択,そうだねぇ..　みんなどんな<BR>水着になっているか楽しみだよ,也是呢.. 真期待大家<BR>会穿什么样的泳衣呀
3-20.txt,127,津名◇選択,どんな水着にしたんだい,你选了什么样的泳衣？
3-20.txt,135,エマセリフ◇私のは,私のはね～　....<TYPE interval=40>秘密,我的呢〜･･････<TYPE interval=40>是秘密哦
3-20.txt,142,エマセリフ◇でも,"<TYPE interval=45>でもかわいいんだ～,<BR>悩殺～って感じ！","<TYPE interval=45>但是超可爱的哦〜,<BR>感觉能〜迷死人呢！"
3-20.txt,146,エマセリフ◇透花,透花のもすごく<BR>かわいいんだよ,透花的也超级<BR>可爱哦
3-20.txt,150,エマセリフ◇ちょっと,ちょっと<BR>..えっちぽいよね,稍微<BR>･･････有点色气呢
3-20.txt,168,津名川セリフ◇えち,<TYPE interval=110>え･･････..ち？,<TYPE interval=110>诶･･････色？
3-20.txt,176,透花セリフ◇そんな,<FONT size=14><TYPE interval=90>そ...　そんなこと･･･<BR>...ない･･････,<FONT size=14><TYPE interval=90>哪･･････哪有那种事･･････<BR>･･････没･･････没有･･････
3-20.txt,194,沙友セリフ◇さゆもえち,"<FONT size=18 face=""MS ゴシック\>さゆーのも..<BR>えちぽい～","<FONT size=18 face=""MS ゴシック\>沙友的也･･････<BR>色气〜"
3-20.txt,201,エマセリフ◇沙友のも,沙友のも<BR>..かわいいよ～,沙友的也<BR>･･････很可爱哦〜
3-20.txt,205,エマセリフ◇でも,<FONT size=15>でも...えちぽい<BR>かなぁ･･････,<FONT size=15>但是･･････有点色气<BR>呢･･････
3-21.txt,18,津名川セリフ◇プールは,プールは<BR>スポーツクラブのほうだから<BR><TYPE interval=45>･･････<TYPE interval=60>36階だな,泳池在<BR>体育club那边<BR><TYPE interval=45>･･････<TYPE interval=60>是36楼吧
3-21.txt,22,エマセリフ◇プール,プールって<BR>ホテルのプールなんですね,泳池<BR>是酒店的泳池啊
3-21.txt,26,津名川セリフ◇まあ,まあ　そのほうが綺麗だし<BR>空いてるからね,嘛，那边更干净<BR>而且人少
3-21.txt,30,津名川セリフ◇特に,特にここは結構気に入って<BR>よく来てたんだ,特别是这里我挺喜欢的<BR>以前经常来
3-21.txt,56,津名川セリフ◇あ,"<TYPE interval=80>あ,<BR>それから<TYPE interval=45>･･･","<TYPE interval=80>啊,<BR>还有<TYPE interval=45>･･････"
3-21.txt,59,津名川セリフ◇浮き輪,<TYPE interval=80>浮き輪かなにか･･･<BR>....そういうものがあれば<BR>貸して欲しいんですが,<TYPE interval=80>游泳圈什么的･･････<BR>･･････如果有的话<BR>能借我一下吗
3-21.txt,62,ホテルマンセリフ◇ござ,<TYPE interval=80>ございますよ...<BR>ただいまお持ちします,<TYPE interval=80>有的･･････<BR>我这就去拿
3-21.txt,86,津名川セリフ◇よか,"よかった,<BR>浮き輪を受け取ったら<BR>..着替えておいで","太好了,<BR>拿到游泳圈后<BR>･･････去换衣服吧"
3-21.txt,90,津名川セリフ◇後,後でプールで..会おう,待会儿在泳池･･････见
3-21.txt,94,三人セリフ01◇はーい,<TYPE interval=70>はーい,<TYPE interval=70>好——
3-21.txt,95,三人セリフ02◇はーい,<TYPE interval=70>はーい,<TYPE interval=70>好——
3-21.txt,96,三人セリフ03◇はーい,<TYPE interval=70>はーい,<TYPE interval=70>好——
3-21.txt,119,津名川セリフ◇ふー,ふー,呼——
3-21.txt,123,津名川セリフ◇なま,なまってる<BR>だろうな～　..体,身体<BR>生锈了吧〜 ･･････
3-21.txt,137,津名川セリフ◇よ,よっ<TYPE interval=45>･･････,哟<TYPE interval=45>･･････
3-22.txt,43,津名川セリフ◇う,"<TYPE interval=65>う･･････　..情けない体だ･･･,<BR>あんまり無茶は止めておこう･･･",<TYPE interval=65>唔･･････ ･･････这身体真是不中用啊･･････<BR>还是别太勉强自己了･･････
3-22.txt,47,津名川セリフ◇ん,<TYPE interval=0>ん？,<TYPE interval=0>嗯？
3-22.txt,51,津名川セリフ◇他にも,<TYPE interval=70>他にも客がいたのか･･･,<TYPE interval=70>还有其他客人啊･･････
3-22.txt,74,エレンセリフ◇あら,<TYPE interval=76>･･･あら...　津名川,<TYPE interval=76>･･････哎呀･･････ 津名川
3-22.txt,78,津名川セリフ◇高宮,<TYPE interval=56>高宮っ？...<BR>どうしてここに<TYPE interval=45>･･････,<TYPE interval=56>高宮？･･････<BR>你怎么会在这里<TYPE interval=45>･･････
3-22.txt,97,津名川セリフ◇奇遇,<TYPE interval=76>奇遇<TYPE interval=45>･･････,<TYPE interval=76>真是奇遇<TYPE interval=45>･･････
3-22.txt,108,津名川セリフ◇な,<TYPE interval=56>･･･な..<TYPE interval=77>わけないよな,<TYPE interval=56>･･････哪･･････<TYPE interval=77>有什么奇遇啊
3-22.txt,122,エレンセリフ◇いいえ,<TYPE interval=65>いいえ...<BR>奇遇よ,<TYPE interval=65>不･･････<BR>就是奇遇哦
3-22.txt,128,エレンセリフ◇私が,<TYPE interval=55>私がプールにいちゃ..<BR>いけないわけ？,<TYPE interval=55>我来泳池･･････<BR>难道不行吗？
3-22.txt,143,津名川セリフ◇しかし,<TYPE interval=56>しかし<BR>めずらしいじゃないか,<TYPE interval=56>不过<BR>还真少见啊
3-22.txt,147,津名川セリフ◇高宮,<TYPE interval=66>高宮がその子たちと<BR>遊ぶなんて,<TYPE interval=66>高宮居然会和<BR>那些孩子一起玩
3-22.txt,151,津名川セリフ◇そう,<TYPE interval=58>そういうことは<BR>しないのかと思ってたよ,<TYPE interval=58>我还以为你<BR>不会这样呢
3-22.txt,166,エレンセリフ◇たまにはね,<TYPE interval=88>たまにはね,<TYPE interval=88>偶尔也会嘛
3-22.txt,170,エレンセリフ◇いつも,<TYPE interval=68>いつもテストテストじゃ...<BR>飽きるでしょ,<TYPE interval=68>总是测试测试的･･････<BR>也会腻的吧
3-22.txt,195,津名川セリフ◇そうかい,<TYPE interval=45>･･････<TYPE interval=65>ん...<BR>そうかい,<TYPE interval=45>･･････<TYPE interval=65>嗯･･････<BR>这样啊
3-22.txt,199,津名川セリフ◇考え,<TYPE interval=56>考えすぎかな,<TYPE interval=56>是我想多了吗
3-22.txt,203,津名川セリフ◇ほんと,<TYPE interval=55>ホントに..偶然かもしれない,<TYPE interval=55>说不定･･････真的是偶然呢
3-22.txt,221,津名川セリフ◇すまない,<TYPE interval=60>すまない...<BR>変なこと言って,<TYPE interval=60>抱歉･･････<BR>说了些奇怪的话
3-22.txt,225,エレンセリフ◇いいのよ,<TYPE interval=88>いいのよ,<TYPE interval=88>没关系哦
3-22.txt,229,エレンセリフ◇ほら,<TYPE interval=45>･･････<TYPE interval=65>ほら....<BR>あなたのかわいい<BR>子猫ちゃん達が来たわよ,<TYPE interval=45>･･････<TYPE interval=65>你看･･････<BR>你可爱的<BR>小猫咪们来了哦
3-22.txt,233,津名川セリフ◇･･････,<TYPE interval=65>･･････,<TYPE interval=65>･･････
3-22.txt,255,エレンセリフ◇じゃあ,"じゃあ,　またね",那，回头见哦
3-22.txt,280,エマセリフ◇そーじ,"<TYPE interval=50><FONT face=""MS ゴシック"" size=20>そーじさーん！","<TYPE interval=50><FONT face=""MS ゴシック"" size=20>宗慈先生〜！"
3-22.txt,289,津名川セリフ◇お,お<TYPE interval=45>･･････,哦<TYPE interval=45>･･････
3-22.txt,293,沙友セリフ◇じゃん,"<TYPE interval=55><FONT size=18 face=""MS ゴシック"">じゃんじゃ<BR>じゃ～ん！","<TYPE interval=55><FONT size=18 face=""MS ゴシック"">噔噔<BR>噔〜噔！"
3-22.txt,308,津名川セリフ◇ほー,<TYPE interval=65>ほー..　みんな<BR>かわいいもんだね,<TYPE interval=65>嚯･･････ 大家<BR>都很可爱呢
3-22.txt,312,津名川セリフ◇透花,<TYPE interval=62>透花がそういう<BR>水着なのは..意外だね,<TYPE interval=62>透花穿那种<BR>泳装･･････挺意外的呢
3-22.txt,316,透花セリフ◇すい,<TYPE interval=88><FONT size=15>..す<BR>...すいませ･･･,<TYPE interval=88><FONT size=15>･･････对<BR>･･････对不起･･････
3-22.txt,343,津名川セリフ◇いや,<TYPE interval=77>いや..<BR>かわいいよ,<TYPE interval=77>不･･････<BR>很可爱哦
3-22.txt,347,エマセリフ◇にゃーん,<TYPE interval=35>にゃーん...　<TYPE interval=20>ずるい！.....<BR><TYPE interval=88>わーたーしーもー！,<TYPE interval=35>喵〜･･････　<TYPE interval=20>太狡猾了！･･････<BR><TYPE interval=88>我〜也〜要〜！
3-22.txt,354,津名川セリフ◇はいはい,<TYPE interval=77>はいはい,<TYPE interval=77>好好好
3-22.txt,363,沙友セリフ◇せんせい,せんせいも.<BR>ぱんつ～！,老师也.<BR>内裤〜！
3-22.txt,370,津名川セリフ◇そ,<FONT size=15>はは..<BR>そうだよ,<FONT size=15>呵呵･･････<BR>是的呢
3-22.txt,422,透花セリフ◇きゃ,<TYPE interval=22>..きゃあっ,<TYPE interval=22>･･････呀啊
3-22.txt,435,エマセリフ◇わ,わぷっ,哇啊
3-22.txt,445,沙友セリフ◇あはは,"<TYPE interval=120><FONT size=18 face=""MS ゴシック\>えぁははは","<TYPE interval=120><FONT size=18 face=""MS ゴシック\>诶哈哈哈"
3-22.txt,468,津名川セリフ◇なんだ,<TYPE interval=66>なんだ.　沙友は..<BR>全然泳げてるな,<TYPE interval=66>什么嘛，沙友･･････<BR>不是游得挺好吗
3-22.txt,474,エマセリフ◇難しい,むずかしい･･･,好难啊･･････
3-22.txt,480,透花セリフ◇およ,私　泳げないです～,我 不会游泳〜
3-22.txt,503,津名川セリフ◇手を,<TYPE interval=77>手　持っててあげるから<BR>バタ足してごらん,<TYPE interval=77>我牵着你的手呢<BR>试着打打腿看
3-22.txt,508,透花セリフ◇あはい,<FONT size=15>あ　はい･･･,<FONT size=15>啊 好的･･････
3-22.txt,525,津名川セリフ◇そうそう,そう..　そう<TYPE interval=45>･･････,对･･････ 对<TYPE interval=45>･･････
3-23.txt,10,エレンセリフ◇つ,<TYPE style=Fade interval=0>つまらないわね,<TYPE style=Fade interval=0>真是无聊呢
3-23.txt,19,エレンセリフ◇家族,"<TYPE style=Fade interval=100>家族ごっこは,<BR>すぐ見飽きる<TYPE interval=60>･･････","<TYPE style=Fade interval=100>过家家这种游戏,<BR>很快就看腻了<TYPE interval=60>･･････"
3-23.txt,48,津名川セリフ◇ん,<TYPE interval=60>ん？...　なにか？,<TYPE interval=60>嗯？･･････有什么事吗？
3-23.txt,53,透花セリフ◇･･････,<TYPE interval=45>･･････？,<TYPE interval=45>･･････？
3-23.txt,65,津名川セリフ◇あ,<TYPE interval=65>ああ..<BR>そういえば初めてか....<BR>高宮さんだよ,<TYPE interval=65>啊･･････<BR>说起来这还是第一次见面呢･･････<BR>我是高宫哦
3-23.txt,69,津名川セリフ◇高宮,<TYPE interval=62>高宮エレンさん....<BR>偉い研究者さんだ,<TYPE interval=62>高宫艾伦小姐･･････<BR>是非常了不起的研究员哦
3-23.txt,85,エレンセリフ◇はじめ,<TYPE interval=66>はじめまして...<BR>透花ちゃん,<TYPE interval=66>初次见面･･････<BR>透花酱
3-23.txt,91,透花セリフ◇あはい,<TYPE interval=60>あ..　はい....<BR>はじめまして！..<BR>よろしくお願いします,<TYPE interval=60>啊･･････ 是的･･････<BR>初次见面！･･････<BR>请多指教
3-23.txt,97,エレンセリフ◇よろ,<TYPE interval=77>よろしくね,<TYPE interval=77>以后请多指教哦
3-23.txt,117,透花セリフ◇そっか,<TYPE interval=60>そっか<TYPE interval=45>･･････,<TYPE interval=60>这样啊<TYPE interval=45>･･････
3-23.txt,121,透花セリフ◇それ,<TYPE interval=65>それじゃ... あの子達が<BR>知佳と知登なんだ,<TYPE interval=65>那么･･････ 那两个孩子就是<BR>知佳和知登啊
3-23.txt,125,透花セリフ◇こっち,<TYPE interval=88>こっちを見てる<TYPE interval=45>･･････,<TYPE interval=88>正看着这边呢<TYPE interval=45>･･････
3-23.txt,157,エレンセリフ◇あのね,"<TYPE interval=67>あのね,.<BR>ちょっと話が..<BR>あるんだけど","<TYPE interval=67>那个,<BR>我有点事･･････<BR>想跟你谈谈"
3-23.txt,161,津名川セリフ◇んああ,<TYPE interval=80>ん...　ああ<TYPE interval=65>･･････,<TYPE interval=80>嗯･･････ 啊<TYPE interval=65>･･････
3-23.txt,180,津名川セリフ◇なんだい,<TYPE interval=77>なんだい..　話って,<TYPE interval=77>什么事啊･･････ 谈什么？
3-23.txt,200,エレンセリフ◇そうね,<TYPE interval=82><FONT size=15>そうね<TYPE interval=45>･･････,<TYPE interval=82><FONT size=15>也是呢<TYPE interval=45>･･････
3-23.txt,203,エレンセリフ◇簡単,<TYPE interval=68>簡単なこと<BR>なんだけど,<TYPE interval=68>事情<BR>很简单
3-23.txt,214,津名川セリフ◇ん？,<TYPE interval=0>ん？,<TYPE interval=0>嗯？
3-23.txt,229,エレンセリフ◇ゲーム,"<TYPE interval=63>模擬戦（ゲーム）をしない？,<BR>うちの２人と","<TYPE interval=63>要不要来场模拟战（游戏）？,<BR>和我们家的那两个人"
3-23.txt,233,津名川セリフは？,<TYPE interval=0>は？,<TYPE interval=0>哈？
3-23.txt,243,選択◇そんな,<FONT color=red><TYPE interval=0>そんなことするわけないだろ,<FONT color=red><TYPE interval=0>我怎么可能做那种事
3-23.txt,244,選択◇いき,<FONT color=red><TYPE interval=0>いきなり言われても困る,<FONT color=red><TYPE interval=0>突然这么说我也会为难
3-23.txt,257,津名◇選択,そんなことするわけないだろ,我怎么可能做那种事
3-23.txt,274,津名◇選択,いきなり言われても困る,突然这么说我也会为难
3-23.txt,311,津名川セリフ◇競争,<TYPE interval=60>競争はデータだけで充分だろ...<BR>キミのエクストラの方が強い,<TYPE interval=60>竞争光靠数据就足够了･･････<BR>你的Extra更强
3-23.txt,315,津名川セリフ◇誰も,<TYPE interval=55>誰もが認めてるよ...<BR>それで充分じゃないか,<TYPE interval=55>这是大家公认的･･････<BR>那样不就足够了吗
3-23.txt,319,エレンセリフ◇充分,<TYPE interval=65>充分じゃないのよね<BR>..それが,<TYPE interval=65>可不够呢<BR>･･････问题就出在这里
3-23.txt,323,エレンセリフ◇誰もが,<TYPE interval=55>誰もが認めてるですって？....<BR><TYPE interval=65>こういうものは..印象に残る<BR>っていうのが大事なのよ,<TYPE interval=55>大家公认？･･････<BR><TYPE interval=65>像这种东西･･････能给人留下印象<BR>才是最重要的哦
3-23.txt,341,エレンセリフ◇偶然,<TYPE interval=60>偶然とはいえ今回の事件.....<BR>あなたのエクストラ達にとって..<BR>最高のパフォーマンスになった,<TYPE interval=60>虽说这次的事件纯属偶然･･････<BR>但对你的Extra们来说･･････<BR>却成了最完美的表现
3-23.txt,345,エレンセリフ◇こう,<TYPE interval=65>こうなっちゃうと..実戦テストも<BR>先延ばしになってる私が....<BR>断然不利な立場ってわけ,<TYPE interval=65>事已至此･･････实机测试也<BR>被推迟的我･･････<BR>可就处于绝对劣势了
3-23.txt,355,津名川セリフ◇有利も,<TYPE interval=70>有利も不利も<BR>..無いだろう,<TYPE interval=70>哪有什么<BR>･･････有利不利之分
3-23.txt,359,津名川セリフ◇時,<TYPE interval=60>時が来れば性能の良いほうが..<BR>採用されるってだけの話だ,<TYPE interval=60>时机一到，性能更好的自然就会･･････<BR>被采用，仅此而已
3-23.txt,384,エレンセリフ◇わから,<TYPE interval=66>わからない人ね...<BR>そんな単純な話なら<BR>....誰も苦労しないのよ,<TYPE interval=66>真是个不开窍的人呢･･････<BR>要是事情真那么简单<BR>･･････谁还会这么费尽心思呢
3-23.txt,391,津名川セリフ◇苦労,<TYPE interval=66>苦労したく<BR>ないんでね,<TYPE interval=66>我可不想<BR>那么费尽心思啊
3-23.txt,401,エレンセリフ◇別に,<TYPE interval=45>･･････<TYPE interval=66>別に死ぬまでやるわけ<BR>じゃないわ どう？,<TYPE interval=45>･･････<TYPE interval=66>又不是要测试到死<BR>怎么样？
3-23.txt,405,エレンセリフ◇あなた,<TYPE interval=55>あなただって<BR>..自分のエクストラが<BR>どれくらいやれるか...<BR>見たいでしょ,<TYPE interval=55>你自己难道不想看看<BR>･･････自己的Extra<BR>究竟能发挥多大实力･･････<BR>想看的吧
3-23.txt,409,津名川セリフ◇見たくない,<TYPE interval=58>見たくないね....<BR>あんなのは..<BR>当分こりごりなんだ,<TYPE interval=58>我可不想看･･････<BR>那种场面･･････<BR>短期内我是受够了
3-23.txt,424,エレンセリフ◇残念,<TYPE interval=80>そう...<BR><TYPE interval=45>･･････<TYPE interval=80>残念,<TYPE interval=80>是吗･･････<BR><TYPE interval=45>･･････<TYPE interval=80>真遗憾
3-23.txt,429,エレンセリフ◇強制,<TYPE interval=66>強制はあんまり<BR>..好きじゃないんだけど,<TYPE interval=66>我可不怎么喜欢<BR>･･････强迫别人
3-23.txt,451,津名川セリフ◇正気か,<TYPE interval=25>･･････<TYPE interval=40>正気か？,<TYPE interval=25>･･････<TYPE interval=40>你疯了吗？
3-23.txt,455,津名川セリフ◇そこ,<TYPE interval=57>そこまでする<BR>必要があるのか,<TYPE interval=57>有必要做到<BR>那种地步吗
3-23.txt,470,エレンセリフ◇あなたこそ,<TYPE interval=80>あなたこそ自覚が<BR>足らないわよ,<TYPE interval=80>缺乏自觉的人<BR>是你才对
3-23.txt,474,エレンセリフ◇私達が,"<TYPE interval=77>私達が作っているのは<BR>戦闘兵器,<BR>それも地上最強のね","<TYPE interval=77>我们制造的可是<BR>战斗兵器,<BR>而且是地上最强的兵器哦"
3-23.txt,478,エレンセリフ◇その,<TYPE interval=87>その開発者なら...それ相応の<BR>覚悟がいるんじゃなくて？,<TYPE interval=87>作为它的开发者･･････难道不需要<BR>相应的觉悟吗？
3-24-2.txt,11,エマセリフ◇私,"<FONT size=18><TYPE interval=40><FONT size=18 face=""MS ゴシック\>私　....行くよ！","<FONT size=18><TYPE interval=40><FONT size=18 face=""MS ゴシック\>我･･････要上了！"
3-24-2.txt,19,透花セリフ◇うん,"<FONT size=18><TYPE interval=70><FONT size=17 face=""MS ゴシック\>うん","<FONT size=18><TYPE interval=70><FONT size=17 face=""MS ゴシック\>嗯"
3-24-2.txt,26,沙友セリフ◇さゆ,"<FONT size=20 face=""MS ゴシック\><TYPE interval=20>さゆ<FONT size=18>もぉ！","<FONT size=20 face=""MS ゴシック\><TYPE interval=20>沙友<FONT size=18>也要！"
3-24-2.txt,53,エレンセリフ◇素直,<TYPE interval=60>素直な子達ね<TYPE interval=45>･･････,<TYPE interval=60>真是群听话的孩子呢<TYPE interval=45>･･････
3-24-2.txt,57,エレンセリフ◇知佳,<TYPE interval=60>知佳 知登<BR>倒しなさい,<TYPE interval=60>知佳 知登<BR>打倒她们吧
3-24-2.txt,63,エレンセリフ◇殺,<TYPE interval=60>殺さない程度にね,<TYPE interval=60>别杀了她们哦
3-24-2.txt,67,知登セリフ◇ハイ,<TYPE interval=80>ハイ,<TYPE interval=80>是
3-24-2.txt,69,知佳セリフ◇ハイ,<TYPE interval=80>ハイ,<TYPE interval=80>是
3-24-2.txt,134,エマセリフ◇え,"<FONT size=18 face=""MS ゴシック\><TYPE interval=10>･･････<TYPE interval=25>ぇええ<TYPE interval=20>えいッ！！","<FONT size=18 face=""MS ゴシック\><TYPE interval=10>･･････<TYPE interval=25>啊啊啊<TYPE interval=20>看招！！"
3-24-2.txt,160,知佳知登セリフ◇あ,<TYPE interval=10>･･････<TYPE interval=0>っあ！,<TYPE interval=10>･･････<TYPE interval=0>啊！
3-24-2.txt,162,エマセリフ◇き,<TYPE interval=0>きゃうっ！！,<TYPE interval=0>呀啊！！
3-24-2.txt,183,透花セリフ◇す,<TYPE interval=60>すごい,<TYPE interval=60>好厉害
3-24-2.txt,186,エマセリフ◇こ,"<FONT size=20 face=""MS ゴシック\><TYPE interval=40>こらぁ～っ！","<FONT size=20 face=""MS ゴシック\><TYPE interval=40>喂〜！"
3-24-2.txt,219,エレンセリフ◇へ,<TYPE interval=60>へぇ<TYPE interval=45>･･････<BR><TYPE interval=60>思ったよりやる<TYPE interval=45>･･････,<TYPE interval=60>哦<TYPE interval=45>･･････<BR><TYPE interval=60>比想象中能干嘛<TYPE interval=45>･･････
3-24-2.txt,228,津名川セリフ◇！,<TYPE interval=45>･･････！,<TYPE interval=45>･･････！
3-24-5.txt,8,エレンセリフ◇知佳,<TYPE interval=50>知佳...　知登...<BR>そろそろ片付けなさいな,<TYPE interval=50>知佳･･････ 知登･･････<BR>差不多该收拾干净了
3-24-5.txt,14,知佳セリフ◇第,<TYPE interval=45>･･････<TYPE interval=45>第２リミッタまで...<BR>解除してよろしいでしょうか,<TYPE interval=45>･･････<TYPE interval=45>解除第二限制器･･････<BR>可以吗
3-24-5.txt,33,エマセリフ◇リ,"<TYPE interval=40>リミッタ？,<BR>今までのって..　手抜きなの？",<TYPE interval=40>限制器？<BR>那之前一直･･････是在放水吗？
3-24-5.txt,46,エレンセリフ◇殺す,"<TYPE interval=50>第２？,　殺すまで<BR>しなくてもいいって<BR>..言ったでしょ？",<TYPE interval=50>第二限制器？又没说要<BR>下死手･･････<BR>･･････不是说过吗？
3-24-5.txt,53,知佳セリフ◇タ,<TYPE interval=50>ターゲットを沈黙させるには...<BR>現在の状態では無理なようです,<TYPE interval=50>要让目标彻底闭嘴･･････<BR>以现在的状态似乎做不到
3-24-5.txt,57,エレンセリフ◇な,･･･<TYPE interval=60>なるほどね,･･････<TYPE interval=60>原来如此啊
3-24-5.txt,77,津名川セリフ◇リ,<TYPE interval=50>リミッタ？,<TYPE interval=50>限制器？
3-24-5.txt,83,エレンセリフ◇認,"<TYPE interval=50>認めるしかないみたいね,<BR>あなたの能力<TYPE interval=45>･･････","<TYPE interval=50>看来不得不承认了呢,<BR>你的能力<TYPE interval=45>･･････"
3-24-5.txt,89,津名川セリフ◇そ,<TYPE interval=60>そうかい,<TYPE interval=60>是吗
3-24-5.txt,93,エレンセリフ◇こ,"<TYPE interval=50>これ以上やるのは,<BR>こっちにもメリットが<BR>無いみたいね","<TYPE interval=50>再继续下去的话,<BR>对我们也没什么<BR>好处呢"
3-24-5.txt,119,篤子セリフ◇き,"<TYPE interval=0><FONT size=16 face=""MS ゴシック\>きゃ","<TYPE interval=0><FONT size=16 face=""MS ゴシック\>呀"
3-24-5.txt,129,津名川セリフ◇わ,<TYPE interval=0>わッ,<TYPE interval=0>哇
3-24-5.txt,155,透花セリフ◇ご,<TYPE interval=10>ご主人様！,<TYPE interval=10>主人！
3-24-5.txt,163,エレンセリフ◇知佳知登,<TYPE interval=20>知佳...　知登...<BR><TYPE interval=60>引き上げるわよ,<TYPE interval=20>知佳･･････ 知登･･････<BR><TYPE interval=60>撤退了
3-24.txt,12,透花セリフ◇ご主人,"<FONT size=18 face=""MS ゴシック\><TYPE interval=20>ご主人さま！","<FONT size=18 face=""MS ゴシック\><TYPE interval=20>主人！"
3-24.txt,39,エレンセリフ◇落ち着きな,"落ち着きなさい,<BR>別に殺すのが..目的じゃないわ,<BR>ただのゲームよ","冷静点,<BR>我的目的又不是杀人･･････<BR>不过是一场游戏罢了"
3-24.txt,48,エレンセリフ◇この子,この子達を.<BR>倒してみなさい,把这些孩子<BR>打倒给我看
3-24.txt,52,エレンセリフ◇そ,そうすれば..ご主人様は<BR>無事に帰してあげる,那样的话･･････你的主人<BR>我会平安放回去的
3-24.txt,66,津名川セリフ◇まて,"<TYPE interval=20>まてっ！,<BR><TYPE interval=40>こんな無意味な戦いは.<BR>しなくていい！",<TYPE interval=20>住手！<BR><TYPE interval=40>这种无谓的战斗<BR>根本没必要！
3-24.txt,92,透花セリフ◇どうしよう,<FONT size=18><TYPE interval=20>どうしよう,<FONT size=18><TYPE interval=20>怎么办
3-25.txt,13,セリフ◇･･･,<TYPE interval=45>･･････</TYPE>,<TYPE interval=45>･･････</TYPE>
3-25.txt,21,セリフ◇よ,"<TYPE interval=45>･･････</TYPE>ようやく<BR>,<TYPE interval=45>･･････</TYPE>大きく張れるゲームに...<BR>ブチ当たったぜ","<TYPE interval=45>･･････</TYPE>终于<BR>,<TYPE interval=45>･･････</TYPE>能让人大干一场的游戏･･････<BR>总算让我给碰上了"
3-26-4.txt,18,津名川セリフ◇皮肉,皮肉な事だが　...プールでの戦闘は..<BR>実際とても役に立つデータとなった,颇具讽刺意味的是･･････泳池中的战斗･･････<BR>实际上却成了极具价值的数据
3-26-4.txt,26,津名川セリフ◇奥平,奥平さんの薬もあって<BR>....研究は新しい展開を見そうだ,多亏了奥平先生的药･･････<BR>研究似乎要迎来新的突破了
3-26-5.txt,13,倉巳セリフ◇･･･,<TYPE interval=60>･･････,<TYPE interval=60>･･････
3-26.txt,16,セリフ◇せ,"<TYPE interval=80><FONT size=18 face=""MS ゴシック\>せんせ～！,<BR>おにーきかいて<BR>みました！","<TYPE interval=80><FONT size=18 face=""MS ゴシック\>老〜师〜！<BR>我写了日〜记<BR>哦！"
3-26.txt,23,セリフ◇ん,ん？...　昨日の<BR>あれかい？,嗯？･･････<BR>是昨天那件事吗？
3-26.txt,49,セリフ◇おお,"<FONT face=""MS ゴシック\>おおきなおうちの<BR>...ぷうるにいきました","<FONT face=""MS ゴシック\>去了大房子的<BR>･･････泳池"
3-26.txt,54,セリフ◇ああ,"<FONT face=""MS ゴシック\>あそんだりして<BR>...およいだりしました","<FONT face=""MS ゴシック\>玩了好多<BR>･･････还游了泳"
3-26.txt,59,セリフ◇せん,"<FONT face=""MS ゴシック\>せんせいがつかまえたから<BR>...がんばたたすけた","<FONT face=""MS ゴシック\>因为老师被抓住了<BR>･･････所以努力救了他"
3-26.txt,64,セリフ◇おも,"<FONT face=""MS ゴシック\>おもしろかた","<FONT face=""MS ゴシック\>可有趣了"
3-26.txt,82,セリフ◇あんな,あんなのは遊びか<TYPE interval=45>･･････,那种程度只是闹着玩吗<TYPE interval=45>･･････
3-26.txt,99,セリフ◇沙友,<TYPE interval=45>･･････</TYPE>沙友は<BR>絵がうまいな,<TYPE interval=45>･･････</TYPE>沙友<BR>画画真厉害啊
3-26.txt,103,セリフ◇え,えへへへ,诶嘿嘿嘿
3-26.txt,114,セリフ◇傷,傷残らなくて..<BR>良かったよね,没有留下伤･･････<BR>真是太好了呢
3-26.txt,118,セリフ◇昨日,昨日のあの子達<BR>...大丈夫だったかな？,昨天的那些孩子<BR>･･････没事吧？
3-26.txt,122,セリフ◇け,けっこう本気で<BR>やっちゃったかも,昨天可能<BR>下手挺重的
3-26.txt,135,セリフ◇私,私はぜんぜん<BR>手ぬかなかったよー,我可是完全<BR>没有手下留情哦〜
3-26.txt,139,セリフ◇あの,あの子達は<BR>抜いてたのかも<BR>しれないけど,那些孩子<BR>说不定<BR>手下留情了
3-26.txt,143,セリフ◇でも,でも　確かに<BR>戦闘より喧嘩って<BR>感じだったね,不过确实<BR>比起战斗<BR>更像是打架呢
3-26.txt,156,セリフ◇お前,"<TYPE interval=45>･･････</TYPE>お前達,<BR>そんな余裕あったのか？",<TYPE interval=45>･･････</TYPE>你们居然<BR>还有这种余力啊？
3-26.txt,160,セリフ◇余裕は,余裕は全然..<BR>無かったんですけど<TYPE interval=45>･･････</TYPE>,余力什么的･･････<BR>完全没有啦<TYPE interval=45>･･････</TYPE>
3-26.txt,164,セリフ◇なんか,なんか<BR>ロボットの時と...<BR>全然違う感じで,总觉得<BR>和驾驶机器人时･･････<BR>感觉完全不一样
3-26.txt,168,セリフ◇殺す,ご主人さまを<BR>本当に殺す気は..<BR>無いみたいだったし,她们好像<BR>并不是真的<BR>想杀主人･･････
3-26.txt,183,セリフ◇面白,ちょっと..<BR>面白かったよね,有点･･････<BR>挺有趣的呢
3-26.txt,187,セリフ◇おもしろ,"<TYPE interval=80><FONT size=18 face=""MS ゴシック\>おもしろかたー","<TYPE interval=80><FONT size=18 face=""MS ゴシック\>好〜玩——"
3-26.txt,191,セリフ◇そんな,そんなものなのか<BR>たいしたもんだな,原来是这么回事啊<BR>真厉害呢
3-26.txt,204,セリフ◇ま,ま...　自分の頭が<BR>固いだけなんだろうが<TYPE interval=45>･･････</TYPE>,嘛･･････<BR>大概只是我自己脑子太死板了吧<TYPE interval=45>･･････</TYPE>
3-26.txt,208,セリフ◇ぷ,"<FONT size=16 face=""MS ゴシック\>またぷーる<BR>..いきたいです！","<FONT size=16 face=""MS ゴシック\>还〜<BR>想去游泳池！"
3-26.txt,212,セリフ◇また,<TYPE interval=45>･･････<TYPE interval=60>また今度な,<TYPE interval=45>･･････<TYPE interval=60>下次吧
4-01.txt,16,津名川セリフ◇雨か,雨か<TYPE interval=30>･･････,下雨了啊<TYPE interval=30>･･････
4-01.txt,32,津名川セリフ◇ちょっと,ちょっと冷える<TYPE interval=30>･･････,有点冷<TYPE interval=30>･･････
4-02.txt,19,津名川セリフ◇エマ,エマ,艾玛
4-02.txt,34,エマセリフ◇そーじ,"そーじさん,<BR>おはよ<TYPE interval=30>･･････","宗慈,<BR>早安<TYPE interval=30>･･････"
4-02.txt,38,津名川セリフ◇早起き,早起きだな,起得真早啊
4-02.txt,42,津名川セリフ２◇そのかっこ,そのかっこ..<BR>寒くないのかい？,那身打扮･･････<BR>不冷吗？
4-02.txt,66,エマセリフ◇にゃぁん,"にゃぁん,<BR>平気～","喵〜,<BR>没事〜"
4-02.txt,70,津名川セリフ◇ヨシヨシ,ヨシヨシ,摸摸
4-02.txt,81,エマセリフ◇雨,"にへ,　雨の音って<BR>好き,　落ち着く",嘿嘿，我喜欢<BR>雨声，听着很安心
4-02.txt,88,選択肢◇野良猫,<TYPE interval=0><FONT color=red>野良猫じゃなくて<BR>よかったな</FONT>,<TYPE interval=0><FONT color=red>不是野猫<BR>真是太好了</FONT>
4-02.txt,89,選択肢◇エマは,<TYPE interval=0><FONT color=red>エマは暖かいなぁ</FONT>,<TYPE interval=0><FONT color=red>艾玛好暖和啊</FONT>
4-02.txt,106,津名川セリフ◇野良猫,野良猫じゃなくて<BR>よかったな,不是野猫<BR>真是太好了
4-02.txt,110,エマセリフ２◇飼い猫,"そーじさんの<BR>飼い猫さんなので～す,<BR>ゴロゴロ","因为我是宗慈的<BR>家养小猫哦〜,<BR>呼噜呼噜"
4-02.txt,115,エマセリフ３◇にゃ～ん,"にゃ～ん,<BR>もっと頭なでてもイイよ","喵〜,<BR>再多摸摸头也可以哦"
4-02.txt,119,津名川セリフ◇･･････うーむ,<TYPE interval=30>･･････</TYPE>うーむ,<TYPE interval=30>･･････</TYPE>嗯〜
4-02.txt,136,津名川セリフ◇エマは,エマは暖かいなぁ,艾玛好暖和啊
4-02.txt,140,エマセリフ２◇猫さん,"猫さんは<BR>あったかいので～す,<BR>ゴロゴロ","小猫<BR>可是很暖和的哦〜,<BR>呼噜呼噜"
4-02.txt,144,エマセリフ３◇にゃ～ん,"にゃ～ん,<BR>もっとだっこぉ～","喵〜,<BR>再抱紧一点〜"
4-02.txt,148,津名川セリフ◇ねこさん,ねこさんは<BR>甘えんぼだなぁ,小猫<BR>真爱撒娇啊
4-02.txt,169,エマセリフ◇にゃふ,にゃふ　..にゃふ,喵呜 ･･････喵呜
4-02.txt,173,エマセリフ２◇そーじさん,そーじさん<BR>大っきいなぁ<TYPE interval=30>･･････,宗慈<BR>好高大啊<TYPE interval=30>･･････
4-02.txt,177,津名川セリフ◇そうかい,そうかい？,是吗？
4-02.txt,181,津名川セリフ２◇まあネコさん,まあ　..ネコさんから<BR>見たら大きいかもね,嘛･･････从小猫的视角<BR>来看也许很大吧
4-02.txt,185,エマセリフ◇うん！,<FONT size=18>うん！,<FONT size=18>嗯！
4-02.txt,200,エマセリフ◇ん,ん　..こうやってると,嗯 ･･････像这样待着
4-02.txt,204,エマセリフ２◇心臓が,心臓が<BR>ゆっくりになるにゃ<TYPE interval=30>･･････,心跳<BR>都变慢了呢喵<TYPE interval=30>･･････
4-02.txt,228,津名川セリフ◇ちょっと,<TYPE interval=30>････････････</TYPE>ちょっと<BR>寒いかな？,<TYPE interval=30>･･････</TYPE>有点<BR>冷吗？
4-02.txt,234,エマセリフ◇暖房,"そうかにゃー,<BR>暖房効いてるよ","这样啊喵,<BR>暖气开着呢"
4-02.txt,251,津名川セリフ◇風邪,うーん...<BR>風邪引いたかもなぁ,嗯･･････<BR>可能感冒了
4-02.txt,259,エマセリフ◇お熱,お熱<BR>測ったら？,量一下<BR>体温吧？
4-02.txt,263,エマセリフ２◇体温計,体温計..<BR><FONT size=17>持ってきてあげる！,体温计･･････<BR><FONT size=17>我去给你拿！
4-03.txt,19,品藤セリフ◇弱り,弱りましたね,真让人头疼啊
4-03.txt,22,グラハムセリフ◇エレン,エレンのやつ...<BR>やってくれたな,艾伦这家伙･･････<BR>真敢干啊
4-03.txt,26,品藤セリフ◇･･････,<TYPE interval=30>･･････,<TYPE interval=30>･･････
4-03.txt,34,グラハムセリフ◇津名川,津名川の方は？,津名川那边呢？
4-03.txt,50,品藤セリフ◇特に,特に何も言ってこないので<BR>さして問題もないようです,"那边没提出什么特别的要求,<BR>看来没什么大问题"
4-03.txt,54,品藤セリフ２◇定期,定期連絡もいつも<BR>どおりでしたし,定期联络也<BR>和往常一样
4-03.txt,67,グラハムセリフ◇独断,そうか..それにしても<BR>独断専行もいいところだ,"是吗･･････话说回来,<BR>这也太独断专行了"
4-03.txt,71,グラハムセリフ２◇もう少し,もう少し頭のいい女かと<BR>思っていたんだが,我本以为<BR>她是个更聪明点的女人
4-03.txt,75,グラハムセリフ◇前の,"前の事件の後始末も<BR>片付いていないというのに,<BR>あの上昇志向は病気だな","前一次事件的善后工作<BR>都还没处理完呢,<BR>她那股往上爬的野心简直病态"
4-03.txt,79,品藤セリフ◇ジャッジが,ジャッジが難しいですね,确实很难定夺啊
4-03.txt,92,品藤セリフ◇彼女は,彼女は古痕の中でも<BR>特別な人物ですから,毕竟她在古痕之中<BR>也是特殊人物
4-03.txt,96,グラハムセリフ◇そうだ,"そうだ,そのとおりだ<BR>どうする？,君ならどうするね...<BR>サトミ","没错,说得对<BR>该怎么办呢？如果是你的话会怎么做･･････<BR>里美"
4-03.txt,100,品藤セリフ◇知らない,<TYPE interval=30>･･････</TYPE>知らないフリを<BR>しますね,<TYPE interval=30>･･････</TYPE>就装作<BR>不知道吧
4-03.txt,114,グラハムセリフ◇ふふ,"ふふ　..品藤,..<BR>それはなかなか日本的な<BR>考え方だな",呵呵･･････品藤･･････<BR>这还真是很日本式的<BR>思维方式啊
4-03.txt,118,品藤セリフ◇そうですか,そうですか？,是吗？
4-03.txt,137,グラハムセリフ◇いや,いや　..しかし..<BR>そうだな<TYPE interval=30>･･････,不･･････不过･･････<BR>也是啊<TYPE interval=30>･･････
4-03.txt,141,グラハムセリフ◇悪く,悪くないのかもしれん..<BR>それは,这或许<BR>也不是个坏主意
4-03.txt,148,品藤セリフ◇貸しに,貸しにしておけばいいんです,就权当卖个人情吧
4-03.txt,151,品藤セリフ２◇いずれ,いずれ..<BR>力で押さえられるもの<BR>でもないでしょう？,反正･･････<BR>她也不是靠武力<BR>就能压制得住的吧？
4-03.txt,156,グラハムセリフ◇まったく,"まったくだ　,<BR>が","说得也是,<BR>不过･･････"
4-04.txt,24,エレンセリフ◇雨ね,"雨ね<TYPE interval=30>･･････</TYPE>,<BR>もう梅雨かしら？","下雨了呢<TYPE interval=30>･･････</TYPE>,<BR>已经到梅雨季了吗？"
4-04.txt,28,桐田セリフ◇まだ,まだそんな時期でもないと<BR>思いますけど<TYPE interval=30>･･････,我觉得<BR>还没到那个季节<TYPE interval=30>･･････
4-04.txt,32,桐田セリフ◇ちょっと,ちょっと　..憂鬱に<BR>なりますね,让人有点･･････<BR>低落呢。
4-04.txt,45,エレンセリフ◇あの子達は,あの子達は？,那些孩子呢？
4-04.txt,52,桐田セリフ◇ほとんど,ほとんどダメージも<BR>残ってませんし,几乎<BR>没留下什么损伤，
4-04.txt,56,桐田セリフ◇スリープ,スリープ・モードで<BR>眠らせてますけど,正让她们<BR>在睡眠模式下休眠。
4-04.txt,67,エレンセリフ◇もっと,もっといい方法が<BR>あったのかしら,不知道有没有<BR>更好的方法呢。
4-04.txt,71,桐田セリフ◇あったかも,あったかも知れませんけど,也许有吧。
4-04.txt,75,桐田セリフ２◇やっぱり,やっぱりこれで<BR>良かったんだと思います,但我觉得<BR>果然这样还是最好的。
4-04.txt,80,エレンセリフ◇何も,何も良くないわよ,哪里好了
4-04.txt,100,エレンセリフ◇でも,<TYPE interval=30>･･････</TYPE>でも,<TYPE interval=30>･･････</TYPE>不过
4-04.txt,104,エレンセリフ◇それも,"それもまた良しなのかしら,<BR>とりあえずの気は済んだし","这样或许也不错吧,<BR>反正暂且算是了却了一件心事。"
4-04.txt,108,エレンセリフ２◇圧倒でき,圧倒できなかったのは<BR>やっぱりまだ..<BR>やることがあるってことよね,"没能彻底压倒对方,<BR>果然还是说明･･････<BR>我们还有事要做呢。"
4-04.txt,116,桐田セリフ◇そうです,<FONT size=19>そうです！,<FONT size=19>没错！
4-04.txt,119,桐田セリフ２◇そういう風,そういう風に考えなきゃ,必须这么想才行。
4-04.txt,123,桐田セリフ◇そんなに,そんなにボーっとは<BR>してられませんよ,可不能<BR>那么发呆啊。
4-04.txt,144,エレンセリフ◇でも･･････,<TYPE interval=30>･･････</TYPE>でも..<BR>今くらいはボーっと<BR>してましょうよ,"<TYPE interval=30>･･････</TYPE>不过･･････<BR>至少现在,<BR>就稍微发会儿呆吧。"
4-04.txt,151,エレンセリフ２◇せめて,せめてこの雨が<BR>上がるまでくらいは,至少<BR>在这场雨停之前。
4-04.txt,155,桐田セリフ◇無言,<TYPE interval=30>･･････,<TYPE interval=30>･･････
4-05.txt,17,津名川セリフ◇そんなに,<TYPE interval=30>･･････</TYPE>そんなにた大した事ないような..<BR>気がしたのにな,<TYPE interval=30>･･････</TYPE>明明感觉<BR>没什么大不了的･･････
4-05.txt,21,津名川セリフ◇こうやって,こうやって横になってると<BR>余計に悪くなってくるような気がする,像这样躺着的话<BR>反而感觉越来越难受了
4-05.txt,28,津名川セリフ◇ふう,ふぅ<TYPE interval=30>･･････,呼･･････<TYPE interval=30>･･････
4-05.txt,32,津名川セリフ◇ヒマ,"暇なんだよな,<BR>病気ってのは",生病这种事<BR>真是太无聊了啊
4-05.txt,50,津名川セリフ◇ん,ん,嗯？
4-05.txt,54,津名川セリフ◇どうした,どうした？,怎么了？
4-05.txt,70,透花セリフ◇ご主人様,ご主人様,主人
4-05.txt,73,透花セリフ◇入っていい,入っていいですか？,我可以进来吗？
4-05.txt,77,津名川セリフ◇いいよ,いいよ,进吧
4-05.txt,98,透花セリフ◇熱が,熱があるって<BR>エマが<TYPE interval=30>･･････,艾玛说您发烧了<BR>所以･･････<TYPE interval=30>･･････
4-05.txt,102,津名川セリフ◇少しだけ,少しだけだよ,只是有点低烧而已
4-05.txt,106,津名川セリフ◇季節の,季節の変わり目なんで<BR>体調を崩してしまったんだよ,换季的时候<BR>不小心着凉感冒了
4-05.txt,123,津名川セリフ◇今日一日,今日一日寝てれば<BR>治るよ,今天睡上一整天<BR>就能好了
4-05.txt,132,透花セリフ◇本当ですか,本当ですか？,真的吗？
4-05.txt,136,透花セリフ◇丈夫,ご主人様...<BR>体丈夫じゃないんだから..<BR>気をつけてください<TYPE interval=30>･･････,主人･･････<BR>您的身体本来就不怎么结实･･････<BR>请一定要多注意身体啊<TYPE interval=30>･･････
4-05.txt,147,津名川セリフ◇普通,普通だと思うけどなぁ,我觉得挺普通的啊
4-05.txt,151,津名川セリフ◇確かに,確かに頑丈じゃ<BR>ないけどね,不过确实<BR>算不上硬实
4-05.txt,167,透花セリフ◇なにか,なにか<TYPE interval=30>･･････,有什么我能做的吗<TYPE interval=30>･･････
4-05.txt,171,透花セリフ２◇そうだ,"そうだ,<BR>品藤さんとかに連絡<TYPE interval=30>･･････","对了,<BR>要不要联系一下品藤他们<TYPE interval=30>･･････"
4-05.txt,175,津名川セリフ◇そんな,そんな大げさな<BR>ことじゃないよ,没那么夸张<BR>不用小题大做
4-05.txt,179,津名川セリフ◇大丈夫,大丈夫だから,没关系的
4-05.txt,195,透花セリフ◇無理,じゃあ　..無理しないで<BR>くださいね,那･･････请千万不要<BR>勉强自己哦
4-05.txt,199,透花セリフ◇すぐに,<TYPE interval=30>･･････</TYPE>すぐにお薬とか..<BR>お水　..持ってきます,<TYPE interval=30>･･････</TYPE>我马上把药･･････<BR>还有水･･････拿过来
4-05.txt,206,選択肢◇いい子,<TYPE interval=0><FONT color=red>いい子だね　..透花は</FONT>,<TYPE interval=0><FONT color=red>真是个好孩子呢 ..透花</FONT>
4-05.txt,207,選択肢◇やさしい,<TYPE interval=0><FONT color=red>透花はやさしいね</FONT>,<TYPE interval=0><FONT color=red>透花真温柔啊</FONT>
4-05.txt,231,津名川セリフ◇いい子,いい子だね...<BR>透花は,真是个好孩子啊･･････<BR>透花
4-05.txt,248,透花セリフ◇そんなこと,そ<TYPE interval=30>･･････</TYPE>なこと無いですから,哪<TYPE interval=30>･･････</TYPE>哪有那回事
4-05.txt,257,津名川セリフ◇やさしい,透花はやさしいね,透花真温柔啊
4-05.txt,274,透花セリフ◇そんなこと,あ..<TYPE interval=30>･･････,啊･･････<TYPE interval=30>･･････
4-05.txt,280,透花セリフ◇あの,あの..<BR>もってきますね,那个･･････<BR>我去把东西拿过来
4-05.txt,293,津名川セリフ◇わかり,<TYPE interval=30>･･････</TYPE>わかりやすい子だな,<TYPE interval=30>･･････</TYPE>真是个藏不住心事的孩子啊
4-05.txt,308,Mono,"<FONT size=18 color=white><TYPE interval=50>･･････</TYPE>こんなときはいろんなことを考える,..<BR><BR>人に心配されるのは心地がいい,..<BR><BR>風邪を引いたのなんて何年ぶりだろう,<BR><BR>一人で暮らしてた頃は<BR>風邪なんて引いたら不安でしょうがな<BR>かった,....<BR><BR>自分が病気でいることを誰も知らない孤独,..<BR><BR>咳をしても.寝返りを打っても.<BR>沈黙だけが帰ってくるあの空しさ</FONT>","<FONT size=18 color=white><TYPE interval=50>･･････</TYPE>这种时候就会胡思乱想很多事情,..<BR><BR>被别人担心着的感觉真的很舒服,..<BR><BR>都记不清有多少年没有感冒过了,<BR><BR>以前一个人生活的时候,<BR>要是感冒了就会不安得无以复加,....<BR><BR>谁都不知道自己正在生病的那种孤独,..<BR><BR>无论是咳嗽.还是翻身.<BR>都只有一片死寂作为回应的那种空虚</FONT>"
4-05.txt,328,Mono,<FONT size=18 color=white>その孤独を埋めてくれるものが<BR>欲しかっただけなんだろうか</FONT>,<FONT size=18 color=white>我只是想要某种东西<BR>来填补那份孤独吗</FONT>
4-05.txt,349,Mono,<FONT size=20 color=white>呆れるほどのエゴだな</FONT>,<FONT size=20 color=white>真是令人傻眼的自私啊</FONT>
4-05.txt,367,Mono,"<FONT size=18 color=white><TYPE style=Fade interval=60>･･････</TYPE>今はぜんぜん不安じゃない,.. <BR><BR>あの子達のおかげだ,.. <BR><BR>だけど　..本当にこれで良かったんだろうか,.. <BR><BR>寂しさを人に押し付けてるだけじゃないのか<TYPE interval=30>･･････,.. <BR><BR>あの子達の親みたいな真似をして,.. <BR><BR>本当はただ　..助けられたがってるだけな<BR>のかもしれない","<FONT size=18 color=white><TYPE style=Fade interval=60>･･････</TYPE>现在完全不会感到不安了,.. <BR><BR>多亏了那些孩子,.. <BR><BR>可是 ..真的这样就好了吗,.. <BR><BR>我该不会只是在把自己的寂寞强加给别人吧<TYPE interval=30>･･････,.. <BR><BR>模仿着那些孩子的父母一样的举动,.. <BR><BR>其实我或许只是 ..单纯渴望着被拯救罢了"
4-05.txt,376,Mono,"<FONT size=18 color=white><TYPE style=Fade interval=60>　ただ　..<BR>「寂しいから　守るものが欲しかった」<BR>　だけなのかもしれない,.. <BR><BR>守る　..という一種　.献身的で心地の<BR>良い立場に逃げていただけかも,..  <BR><BR>人に必要とされるということに<BR>安心したかっただけなのかもしれない,..<BR><BR>当然　..そんなものは<RUBY text='ぎまん'>欺瞞</RUBY>にすぎない</FONT>","<FONT size=18 color=white> 或许只是 ..<BR>“因为太寂寞了 所以想要一个可以守护的存在”<BR>而已吧,.. <BR><BR>或许我只是逃进了一种 ..名为“守护”的、..带有奉献色彩且让人感觉良好的立场里罢了,..  <BR><BR>或许我只是想从“被别人需要”这件事情上<BR>获得安心感而已,..<BR><BR>当然 ..这种东西无非是欺瞒罢了</FONT>"
4-05.txt,380,Mono2,<FONT size=18 color=white><TYPE style=Fade interval=60>僕は　..醜い人間なのだ,<FONT size=18 color=white><TYPE style=Fade interval=60>我是个...丑陋的人
4-05.txt,386,Mono3,"<FONT size=18 color=white><TYPE style=Fade interval=60>わかっている,..<BR>わかっていたことじゃないか",<FONT size=18 color=white><TYPE style=Fade interval=60>我知道的...<BR>这不是早就知道的事吗
4-05.txt,390,津名川ため息,,
4-05.txt,414,津名川セリフ◇肯定も,<FONT size=22 color=white>肯定も,<FONT size=22 color=white>既无法肯定
4-05.txt,418,津名川セリフ◇否定も,<TYPE style=Fade interval=90><FONT size=20 color=white>否定も出来ず,<TYPE style=Fade interval=90><FONT size=20 color=white>也无法否定
4-05.txt,426,津名川セリフ◇こうやって,<TYPE style=Fade interval=90><FONT size=20 color=white>こうやって,<TYPE style=Fade interval=90><FONT size=20 color=white>就这样
4-05.txt,430,津名川セリフ◇殻を,<TYPE style=Fade interval=60><FONT size=20 color=white>殻を,<TYPE style=Fade interval=60><FONT size=20 color=white>把外壳
4-05.txt,438,津名川セリフ◇固く,<TYPE style=Fade interval=60><FONT size=20 color=white>固くしていくのか,<TYPE style=Fade interval=60><FONT size=20 color=white>变得越来越坚硬吗
4-06.txt,17,透花セリフ◇･･････,<TYPE interval=30>･･････,<TYPE interval=30>･･････
4-06.txt,32,沙友セリフ◇とーか,"とーか？,<BR>せんせいは？",透花？<BR>老师呢？
4-06.txt,36,透花セリフ◇ご主人様,ご主人様<BR>今病気だから<TYPE interval=30>･･････,主人<BR>现在生病了<TYPE interval=30>･･････
4-06.txt,40,透花セリフ◇あんまり,あんまり我侭言っちゃ<BR>駄目だよ,可不能太任性了<BR>哦
4-06.txt,58,沙友セリフ◇びょーき,びょ－き<BR>いたいの？,生〜病<BR>疼吗？
4-06.txt,62,エマセリフ◇頭が,頭が痛くなるらしいよ,好像会头痛哦
4-06.txt,66,エマセリフ◇だから,だから今日は私達も<BR>静かにしてよう？,所以今天我们也<BR>安静点吧？
4-06.txt,83,沙友セリフ◇うん,うん<TYPE interval=30>･･････</TYPE>..<BR>こまーたねぇ<TYPE interval=30>･･････,嗯<TYPE interval=30>･･････</TYPE>･･････<BR>真让人担心呢<TYPE interval=30>･･････
4-06.txt,91,透花セリフ◇じゃ,じゃ　..お水とか<BR>..持っていくね,那･･････我去拿点水<BR>･･････什么的过来
4-06.txt,95,透花セリフ◇沙友も,沙友も来る？..<BR>エマは？,沙友也来吗？･･････<BR>艾玛呢？
4-06.txt,113,エマセリフ◇ん･･････,"ん<TYPE interval=30>･･････,<BR>私は後でいいや",嗯<TYPE interval=30>･･････<BR>我等会儿再去吧
4-06.txt,118,透花セリフ◇そう,そう？,是吗？
4-06.txt,135,沙友セリフ◇いく,<FONT size=18>さゆはいくです！,<FONT size=18>沙友要去咯！
4-07.txt,12,筒井セリフ◇今日は,<TYPE interval=30>･･････</TYPE><TYPE interval=80>今日は客無し..<BR>だな,<TYPE interval=30>･･････</TYPE><TYPE interval=80>今天没客人･･････<BR>啊
4-07.txt,17,筒井セリフ◇･･････,<TYPE interval=30>･･････,<TYPE interval=30>･･････
4-07.txt,22,筒井セリフ◇コーヒー,コーヒーでも淹れるか,泡杯咖啡吧
4-07.txt,38,筒井セリフ◇こんな日は,こんな日は篭って読書に限る,这种日子就该闭门读书
4-07.txt,71,倉巳セリフ◇それを見ている倉巳,<TYPE interval=30>･･････,<TYPE interval=30>･･････
4-08.txt,16,沙友セリフ◇せんせい,<TYPE interval=30>･･････</TYPE>せんせい<BR>だいじょうぶ？,<TYPE interval=30>･･････</TYPE>老师<BR>你没事吧？
4-08.txt,20,津名川セリフ◇平気だよ,平気だよ,没事的
4-08.txt,24,沙友セリフ◇でも,でも　..おめめが<BR>あかいです,可是･･････眼睛<BR>红红的
4-08.txt,35,津名川セリフ◇充血,"充血してるんだよ,<BR>少し疲れてるから","那是充血,<BR>有点累了而已"
4-08.txt,39,沙友セリフ◇ほんとう,ほんとう？,真的吗？
4-08.txt,43,津名川セリフ◇ホント,ホント,真的
4-08.txt,58,透花セリフ◇お薬,<TYPE interval=30>･･････</TYPE>お薬..<BR>飲んでください<TYPE interval=30>･･････,<TYPE interval=30>･･････</TYPE>药药･･････<BR>请乖乖吃药<TYPE interval=30>･･････
4-08.txt,66,津名川セリフ◇あ,"あ　...うん,　ちゃんと風邪薬だ,<BR>偉いね","啊　..嗯，确实是感冒药,<BR>真乖呢"
4-08.txt,74,透花セリフ◇えへ,えへ,嘿嘿
4-08.txt,99,津名川セリフ◇ありがとう,"ありがとう　..元気でたよ,<BR>もう治りそうだ","谢谢　..感觉好多了,<BR>快好了"
4-08.txt,106,透花セリフ◇だと,だと　..いいんですけど,要是　..能好就好了
4-08.txt,119,沙友セリフ◇さゆも,せんせい　..さゆもいしょに<BR>ねますか？,老师　..沙友也一起<BR>睡吗？
4-08.txt,123,透花セリフ◇沙友,沙友　..調子に乗っちゃ駄目,沙友　..别太得意了
4-08.txt,127,津名川セリフ◇はは,はは　..心配してくれるのは<BR>嬉しいもんだよ,哈哈　..你能这么关心我<BR>我很高兴哦
4-08.txt,131,津名川セリフ◇だけど,"だけど　..風邪なんて<BR>たいした病気じゃない,<BR>普通に寝てれば治るよ","不过　..感冒又不是<BR>什么大病,<BR>正常睡一觉就好了"
4-08.txt,152,沙友セリフ◇せんせい･･････,せんせい<TYPE interval=30>･･････,老师<TYPE interval=30>･･････
4-08.txt,168,透花セリフ◇えと,えと<TYPE interval=30>･･････</TYPE>もうちょっと<BR>居てもいいですか？,那个<TYPE interval=30>･･････</TYPE>我能再<BR>待一会儿吗？
4-08.txt,172,津名川セリフ◇いいよ,いいよ,好啊
4-08.txt,205,津名川セリフ◇外,外　..雨降ってるね,外面･･････下雨了呢
4-08.txt,209,透花セリフ◇そうです,"そうですね,　空気を入れ替え<BR>られたらいいのに",是啊，要是能<BR>换换空气就好了
4-08.txt,213,透花セリフ◇空気を,ちょっと寒いみたい,好像有点冷呢
4-08.txt,226,沙友セリフ◇あめ,"あめ..すきです,<BR>トントントンていうの","我喜欢･･････雨,<BR>滴答滴答的声音"
4-08.txt,230,透花セリフ◇私も,"私も好き,　雨とか　..水の<BR>流れるような音はだいたい<BR>好きだな<TYPE interval=30>･･････",我也喜欢，雨声･･････或是水流<BR>那种声音，我大体上<BR>都很喜欢<TYPE interval=30>･･････
4-08.txt,234,透花セリフ◇ご主人,ご主人様は？,主人呢？
4-08.txt,241,選択肢◇好き,<TYPE interval=0><FONT color=red>好きだよ</FONT>,<TYPE interval=0><FONT color=red>喜欢哦</FONT>
4-08.txt,242,選択肢◇ごめん,<TYPE interval=0><FONT color=red>ごめん･･･苦手なんだ</FONT>,<TYPE interval=0><FONT color=red>抱歉･･････我不太习惯</FONT>
4-08.txt,269,津名川セリフ◇好きだよ,好きだよ,喜欢哦
4-08.txt,276,透花セリフ◇よかった,よかった<TYPE interval=30>･･････,太好了<TYPE interval=30>･･････
4-08.txt,290,津名川セリフ◇ごめん,"ごめん<TYPE interval=30>･･･</TYPE>,<BR>苦手なんだ","抱歉<TYPE interval=30>･･････</TYPE>,<BR>我不太习惯"
4-08.txt,297,透花セリフ◇そうですか,そ<TYPE interval=30>･･･</TYPE>う<TYPE interval=30>･･･</TYPE><BR>ですか,是<TYPE interval=30>･･････</TYPE>这<TYPE interval=30>･･････</TYPE><BR>样啊
4-08.txt,312,沙友セリフ◇よいしょ,よいしょ　..よいしょ,嘿咻･･････嘿咻
4-08.txt,317,津名川セリフ◇わ,わ　..<FONT size=18>沙友！,哇･･････<FONT size=18>沙友！
4-08.txt,325,透花セリフ◇もー,"<FONT size=18>もー！,<BR>勝手に潜り込んじゃ駄目！",<FONT size=18>真是的！<BR>不能随便钻进来啦！
4-08.txt,339,沙友セリフ◇あた,あたーかいよ～,好暖和哦〜
4-08.txt,352,透花セリフ◇ずるい,いっつも<BR>ずるいんだから<TYPE style='Spring' speed=600>～,每次<BR>都这么狡猾<TYPE style='Spring' speed=600>〜
4-08.txt,356,津名川セリフ◇まあまあ,まあまあ,好了好了
4-08.txt,360,津名川セリフ◇ほら,ほら　..沙友　..少ししたら<BR>ちゃんと戻るんだよ,好啦 沙友 过一会儿<BR>就乖乖回去哦
4-08.txt,365,沙友セリフ◇はあい,はぁい,好〜
4-08.txt,370,透花セリフ◇ご主人様,ご主人様,主人
4-08.txt,374,透花セリフ◇沙友,"沙友ったら,<BR><TYPE interval=30>･･････</TYPE>もう",沙友也真是的<BR><TYPE interval=30>･･････</TYPE>唉
4-08.txt,388,津名川セリフ◇透花も,"透花も入るかい？,<BR>ちょっと狭いけど",透花也进来吗？<BR>虽然有点挤
4-08.txt,397,透花セリフ◇え,え<TYPE interval=30>･･････</TYPE>..<BR>う<TYPE interval=30>････････････,诶<TYPE interval=30>･･････</TYPE>･･････<BR>呜<TYPE interval=30>･･････
4-08.txt,401,沙友セリフ◇えぁは,えぁは,诶、啊哈
4-08.txt,413,モノローグ,"<TYPE interval=80>･･････こんなふうに<BR>簡単に救われてしまう自分が恨めしい<BR><BR>,いつか誰かに告白できるだろうか,..<BR>こんなにも醜い僕を<BR>それでも愛してくれる人がいるだろうか",<TYPE interval=80>･･････像这样<BR>轻易就被救赎的自己 真让我感到可恨<BR><BR>总有一天 我能向谁告白吗･･････<BR>面对如此丑陋的我<BR>即便如此 也会有爱我的人吗
4-08.txt,437,津名川セリフ◇透花,"透花　..風邪が治ったら買い物にいこうか,<BR>なにか欲しいものがあるかい？","透花･･････等感冒好了，我们去买点东西吧<BR>,有什么想要的吗？"
4-08.txt,440,津名川セリフ◇遠慮,遠慮なく言ってごらん,别客气，想要什么尽管说
4-08.txt,443,透花セリフ◇え,え<TYPE interval=30>････</TYPE>と<TYPE interval=30>････</TYPE>特に欲しいものはないです,诶<TYPE interval=30>･･････</TYPE>那个<TYPE interval=30>･･････</TYPE>我没有特别想要的东西
4-08.txt,446,透花セリフ◇え,でもひとつだけお願いが<TYPE interval=30>･･･,不过，我有一个请求<TYPE interval=30>･･････
4-08.txt,449,津名川セリフ◇遠慮,ん　..言ってごらん,嗯，说说看
4-08.txt,452,透花セリフ◇え,あの<TYPE interval=30>･･･</TYPE>ご　..ご主人様といっしょに寝たいです,那个<TYPE interval=30>･･････</TYPE>主 主人 我想和您一起睡
4-08.txt,455,津名川セリフ◇遠慮,"なんだ　,そんなことか,..<BR>いいよ..　おいで<TYPE interval=30>･････","什么啊　,就这事啊,..<BR>好啊..　过来吧<TYPE interval=30>･････"
4-09.txt,16,倉巳セリフ◇あの,あの<TYPE interval=30>･･････</TYPE><BR>すいません,那个<TYPE interval=30>･･････</TYPE><BR>对不起
4-09.txt,24,倉巳セリフ◇将を,将を射んと欲すれば..<BR>なんとやらだ,射人先射马..<BR>之类的吧
4-09.txt,52,筒井セリフ◇おや,"<TYPE interval=30>･･････</TYPE>おや　,お客さんかい,<BR>こんな時間に","<TYPE interval=30>･･････</TYPE>哎呀　,是客人啊,<BR>这么晚了"
4-09.txt,56,筒井セリフ◇でも,でも.悪いが今日は<BR>閉めてるんだよ,不过.真不好意思　今天<BR>已经关门了
4-09.txt,60,倉巳セリフ◇ちょっと,いえ　..ちょっと<BR>お尋ねしたいことが<TYPE interval=30>･･････,不　..其实是有件事<BR>想向您打听一下<TYPE interval=30>･･････
4-09.txt,72,筒井セリフ◇ああ,ああ<TYPE interval=30>･･････</TYPE>きみか,啊<TYPE interval=30>･･････</TYPE>是你啊
4-09.txt,76,倉巳セリフ◇は？,は？,啊？
4-09.txt,85,筒井セリフ◇最近,最近この辺りをうろうろ<BR>してただろう？,最近你一直在这一带<BR>转来转去吧？
4-09.txt,89,筒井セリフ◇何なの,何なのかと思って<BR>いたんだよ,我还正纳闷<BR>你是干嘛的呢
4-09.txt,96,倉巳セリフ◇はは,あ　..はは　..実はこの辺で<BR>部屋を探してまして,啊･･････哈哈･･････其实我是在这附近<BR>找房子
4-09.txt,100,倉巳セリフ◇くそ,くそっ　..素人かって<BR>いうんだ,切･･････一看就是外行<BR>在撒谎
4-09.txt,113,筒井セリフ◇ほお？,"ほお？,　それで<BR>何の用かな",哦？那<BR>找我有什么事吗
4-09.txt,117,倉巳セリフ◇良さそうな店,あ<TYPE interval=30>･･････</TYPE>良さそうな<BR>店だと思って　..その,啊<TYPE interval=30>･･････</TYPE>觉得这家店<BR>看起来挺不错的･･････那个
4-09.txt,121,倉巳セリフ◇雨宿り,雨も降ってるんで..<BR>雨宿りついでに<BR>本を見ていこうかと思って,"正好又下着雨･･････<BR>就想着顺便避避雨,<BR>进来看看书"
4-09.txt,134,筒井セリフ◇そうかい,そうかい？,是吗？
4-09.txt,138,筒井セリフ◇ふむ,ふむ<TYPE interval=30>･･････</TYPE>まあ　..店を<BR>開ける気は無いんだが..<BR>この雨だ,嗯<TYPE interval=30>･･････</TYPE>嘛･･････我本来<BR>没打算开门的･･････<BR>但看这雨下的
4-09.txt,141,筒井セリフ◇追い出す,追い出すのも忍びない,把你赶出去也不忍心啊
4-09.txt,145,筒井セリフ◇ま,"ま<TYPE interval=30>･･････</TYPE>　..好きに<BR>見ていくといいよ,<BR>電気はつけておくから","那<TYPE interval=30>･･････</TYPE>　･･････你就随便<BR>看吧,<BR>灯我给你留着"
4-09.txt,165,筒井セリフ◇なにか,なにかあったら呼んでくれ,有什么事就叫我
4-09.txt,169,倉巳セリフ◇あすみません,あ　..すみません<TYPE interval=30>･･････,啊･･････真不好意思<TYPE interval=30>･･････
4-09.txt,191,倉巳セリフ◇まいったな,<TYPE interval=30>･･････</TYPE>まいったな<TYPE interval=30>･･････,<TYPE interval=30>･･････</TYPE>真头疼啊<TYPE interval=30>･･････
4-09.txt,202,倉巳セリフ◇へえ･･････,へえ<TYPE interval=30>･･････,嘿<TYPE interval=30>･･････
4-09.txt,219,倉巳セリフ◇中に,中に入ってみればこりゃ<BR>なかなかすごい蔵書ですねぇ,进来一看，这<BR>藏书可真够惊人的啊
4-09.txt,223,倉巳セリフ◇聞こえてない,<TYPE interval=30>･･････</TYPE>聞こえてないか,<TYPE interval=30>･･････</TYPE>没听见吗
4-09.txt,232,倉巳セリフ◇雨だしな,雨だしなぁ<TYPE interval=30>･･････,毕竟下着雨嘛<TYPE interval=30>･･････
4-09.txt,235,倉巳セリフ◇なんか,"なんか押しの勢いが<BR>出ないよな　,.こう<TYPE interval=30>･･････",总觉得没法<BR>拿出追问的气势啊<TYPE interval=30>･･････
4-10.txt,18,津名川セリフ◇寝ちゃた,"寝ちゃったな,　沙友",沙友睡着了啊。
4-10.txt,22,透花セリフ◇うん,うん<TYPE interval=30>･･････,嗯<TYPE interval=30>･･････
4-10.txt,38,津名川セリフ１◇どうした,"どうした？,<BR>透花も眠いのか？",怎么了？<BR>透花也困了吗？
4-10.txt,42,透花セリフ◇えへ･･････,"ちょっと<TYPE interval=30>･･････</TYPE><BR>,....えへ<TYPE interval=30>･･････",有点<TYPE interval=30>･･････</TYPE><BR>･･････嘿嘿<TYPE interval=30>･･････
4-10.txt,46,津名川セリフ２◇ん,ん？,嗯？
4-10.txt,50,透花セリフ１◇くっついて,ご主人様にくっついていられる<BR>事ってあんまりないし<TYPE interval=30>･･････,毕竟能像这样黏着主人的<BR>时间也不多･･････<TYPE interval=30>･･････
4-10.txt,54,透花セリフ２◇幸せ,"<TYPE interval=30>･･････</TYPE>幸せなんです,　今",<TYPE interval=30>･･････</TYPE>现在的我，觉得很幸福。
4-10.txt,76,透花セリフ◇様？,<TYPE interval=30>･･････</TYPE>ご主人様？,<TYPE interval=30>･･････</TYPE>主人？
4-10.txt,80,津名川セリフ◇ん･･････,<TYPE interval=30>･･････</TYPE>ん<TYPE interval=30>･･････</TYPE>？,<TYPE interval=30>･･････</TYPE>嗯<TYPE interval=30>･･････</TYPE>？
4-10.txt,84,透花セリフ◇好き,ご主人様のこと<BR>好きです<TYPE interval=30>･･････,我喜欢<BR>主人･･････<TYPE interval=30>･･････
4-10.txt,95,透花セリフ◇えへ,えへ,嘿嘿
4-10.txt,120,選択肢◇好き,<TYPE interval=0><FONT color=red>透花のこと好きだよ</FONT>,<TYPE interval=0><FONT color=red>我也喜欢透花哦。</FONT>
4-10.txt,121,選択肢◇いい子,<TYPE interval=0><FONT color=red>透花はいい子だね</FONT>,<TYPE interval=0><FONT color=red>透花真是个好孩子。</FONT>
4-10.txt,142,津名川セリフ◇透花のこと,透花のこと好きだよ,我也喜欢透花哦。
4-10.txt,149,透花セリフ◇嬉しい,ぁ<TYPE interval=30>･･････</TYPE>嬉しい<TYPE interval=30>･･･</TYPE>です,啊<TYPE interval=30>･･････</TYPE>我好高兴<TYPE interval=30>･･････</TYPE>･･････
4-10.txt,165,津名川セリフ◇いい子,透花はいい子だね,透花真是个好孩子。
4-10.txt,172,透花セリフ◇沈黙,<TYPE interval=30>････････････,<TYPE interval=30>･･････
4-10.txt,202,Mono1/Balloon,"<TYPE interval=90 style=Fade>こんな風に無条件で愛される<BR>資格なんて僕にはない,..<BR>だけど　..それでも　..この体温はどれほど<BR>僕を救ってくれているだろうか,....<BR>お前達にどんなことをしてやれるだろう",<TYPE interval=90 style=Fade>像这样被无条件地爱着<BR>的我，根本没有那种资格･･････<BR>但是･･････即便如此･･････这体温究竟<BR>拯救了我多少次呢･･････<BR>我究竟能为你们做些什么呢
4-10.txt,209,Mono4_Balloon,幸せなのは僕の方だ,感到幸福的人是我才对。
4-10.txt,218,津名川セリフ◇おやすみ,おやすみ,晚安。
4-12.txt,8,エマセリフ◇あーあ,"あーあ,<BR>私も一緒に寝たかったナ,<BR>ねー　..シャムロック","啊——,<BR>我也想一起睡呢,<BR>喂——･･････夏姆洛克"
4-12.txt,20,シャムロックセリフ◇チュピ,チュピ,啾比
4-12.txt,42,沙友セリフ◇えぁは,<FONT size=18>えぁは,<FONT size=18>诶呀哈
4-12.txt,45,透花セリフ◇ごめんね,"<TYPE interval=30>･･････</TYPE>ごめんねエマ,<BR>最初はそんなつもりじゃ<BR>無かったんだけど","<TYPE interval=30>･･････</TYPE>对不起啊，艾玛,<BR>一开始<BR>我并没有那个意思･･････"
4-12.txt,60,エマセリフ◇あへーき,"あ　..へーきへーき,<BR>怒ってるわけじゃないから","啊･･････没事没事,<BR>我又没在生气。"
4-12.txt,71,沙友セリフ◇せんせい,せんせいおきくて<BR>あたかいよ～,"老师好大只,<BR>好暖和哦〜"
4-12.txt,78,透花セリフ◇うん,うん,嗯。
4-12.txt,85,エマセリフ◇寝顔も,寝顔もかわいいし,睡颜也很可爱呢。
4-12.txt,89,透花セリフ◇だよね,だよね,对吧。
4-12.txt,119,津名川セリフ◇誰の,誰の寝顔がなんだって？,谁的睡颜可爱了？
4-12.txt,122,エマセリフ◇そーじさん,"<FONT size=18>そーじさん！,<BR>熱は！",<FONT size=18>宗慈！<BR>体温呢！
4-12.txt,126,沙友セリフ◇せい～,せんせい～,老师〜
4-12.txt,130,透花セリフ◇まだ寝てない,まだ寝てないと<BR>いけないんじゃ<TYPE interval=30>･･････,不是还得继续<BR>睡着才行吗<TYPE interval=30>･･････
4-12.txt,145,津名川セリフ◇うーん,"ん<TYPE interval=30>･･･</TYPE>うーん,<BR>まだフラフラするけど","嗯<TYPE interval=30>･･････</TYPE>唔,<BR>头还是有点晕。"
4-12.txt,148,津名川セリフ◇なんか,なんか食べないとね,得吃点东西才行呢。
4-12.txt,152,透花セリフ◇私,私　..何かつくりましょうか,我･･････去做点吃的吧。
4-12.txt,156,津名川セリフ◇あいいよ,"あ　..いいよ,　ゼリーで..<BR>アレ　..栄養バランスは<BR>いいんだ..　実際",啊･･････不用了，吃点果冻就行･･････<BR>那东西･･････营养均衡･･････<BR>其实还挺好的。
4-12.txt,190,津名川セリフ◇んーむ,んーむ,嗯——
4-12.txt,194,津名川セリフ◇おいしくない,おいしくないな～..<BR>何度飲んでも,真难喝啊〜･･････<BR>喝多少次都一样。
4-12.txt,210,透花セリフ◇体温計,ご主人様　..あの..<BR>体温計<TYPE interval=30>･･････,主人･･････那个･･････<BR>体温计<TYPE interval=30>･･････
4-12.txt,213,透花セリフ◇お熱,お熱測って下さい,请量一下体温。
4-12.txt,217,津名川セリフ◇んわかった,ん　..わかった<TYPE interval=30>･･････,嗯･･････知道了<TYPE interval=30>･･････
4-12.txt,236,津名川セリフ◇･･････ワォ,<TYPE interval=30>･･････</TYPE>ワォ,<TYPE interval=30>･･････</TYPE>哇哦。
4-12.txt,240,津名川セリフ◇こりゃ,こりゃ　..結構本格的に<BR>なってきてるな～,这下･･････<BR>烧得还挺严重的啊〜
4-12.txt,260,透花セリフ◇どれくらい,どれくらいでした？,多少度？
4-12.txt,264,エマセリフ◇何度,何度～？,几度〜？
4-12.txt,271,選択肢◇３８．９℃,<TYPE interval=0><FONT color=red>３８．９℃</FONT>,<TYPE interval=0><FONT color=red>38&.9度</FONT>
4-12.txt,272,選択肢◇４０℃,<TYPE interval=0><FONT color=red>４０℃</FONT>,<TYPE interval=0><FONT color=red>40度</FONT>
4-12.txt,273,選択肢◇３８℃,<TYPE interval=0><FONT color=red>３８℃</FONT>,<TYPE interval=0><FONT color=red>38度</FONT>
4-12.txt,301,津名川セリフ◇３８．９度,３８．９度,38&.9度。
4-12.txt,305,津名川セリフ◇正直に,正直に言ってみた,老实报数了。
4-12.txt,313,透花セリフ◇下がって,<FONT size=17>下がってないじゃ<BR>ないですか！,<FONT size=17>这不是<BR>根本没退烧吗！
4-12.txt,321,沙友セリフ◇おねつ,おねつ　..こま～たねぇ～,发烧･･････真〜让人头疼呢〜
4-12.txt,353,津名川セリフ◇４０度,４０度,40度
4-12.txt,357,津名川セリフ◇四捨五入,四捨五入で<BR>だけどね,四舍五入的话<BR>算是吧
4-12.txt,361,透花セリフ◇寝てなきゃ,<FONT size=18>寝てなきゃダメじゃ<BR>ないですか！！,<FONT size=18>不乖乖睡觉怎么<BR>行啊！！
4-12.txt,368,沙友セリフ◇せんせい,<FONT size=18>せんせい<BR>しんじゃやだ～！！,<FONT size=18>老师<BR>不要死掉〜！！
4-12.txt,381,津名川セリフ◇ごめん,"ごめんごめん,<BR>冗談だよ","抱歉抱歉,<BR>开玩笑的啦"
4-12.txt,389,沙友セリフ◇よかた,よかたー,太好了〜
4-12.txt,393,透花セリフ◇ご主人様,ご主人様　..もう少し<BR>休んだほうが<TYPE interval=30>･･･,主人･･････再稍微<BR>休息一下吧<TYPE interval=30>･･････
4-12.txt,407,津名川セリフ◇そうする,"そう　..だね,<BR>そうするよ","也是･･････呢,<BR>那就听你的吧"
4-12.txt,421,津名川セリフ◇３８度,３８度,38度
4-12.txt,425,津名川セリフ◇少数点,小数点以下は<BR>切り捨てだけどね,小数点以下<BR>就舍去了哦
4-12.txt,429,透花セリフ◇それじゃ,それじゃ　..少しは<BR>下がってるのかな,这样的话･･････是不是<BR>稍微降下来一点了呢
4-12.txt,436,沙友セリフ◇おねつ,おねつ　..こま～たねぇ～,发烧･･････真〜让人头疼呢〜
4-12.txt,459,津名川セリフ◇困った,"困った困った,<BR>おとなしく寝ることにするよ","真拿自己没办法,<BR>还是乖乖睡觉吧"
4-12.txt,471,エマセリフ◇今度は,<FONT size=18>今度は私が<BR>いっしょに寝てあげる！,<FONT size=18>这次由我<BR>陪你一起睡！
4-12.txt,475,津名川セリフ◇ネコさん,"ネコさんは元気だな,<BR>でも一人で大丈夫だよ","猫咪真是精神啊,<BR>不过我一个人没关系的"
4-12.txt,479,エマセリフ◇え,"<FONT size=18 face=""MS ゴシック\><TYPE interval=45>え～～っ","<FONT size=18 face=""MS ゴシック\><TYPE interval=45>诶〜〜"
4-13.txt,5,津名川セリフ◇なんだ,なんだ..<BR>結局ついてきちゃうのか,什么･･････<BR>结果还是跟过来了啊
4-13.txt,9,エマセリフ◇だって,だって不公平<BR>なんだも～ん,因为不公平<BR>就是不公平嘛〜
4-13.txt,13,津名川セリフ◇ふうむ,ふうむ..<BR>まあ　.いいけどね,嗯･･････<BR>算了，也没关系
4-13.txt,33,津名川セリフ◇あれ,あれっ,咦
4-13.txt,39,エマセリフ◇大丈夫,<FONT size=18>大丈夫！？,<FONT size=18>没事吧！？
4-13.txt,52,津名川セリフ◇大丈夫,"大丈夫　..大丈夫,<BR>ふー<TYPE interval=30>･･････","没事･･････没事,<BR>呼〜<TYPE interval=30>･･････"
4-13.txt,60,エマセリフ◇･･････,<TYPE interval=30>･･････,<TYPE interval=30>･･････
4-13.txt,64,エマセリフ◇やっぱり,やっぱりお医者さんとかに<BR>来てもらった方がいいんじゃ<TYPE interval=30>･･････,果然还是请医生<BR>来看看比较好吧<TYPE interval=30>･･････
4-13.txt,76,津名川セリフ◇大丈夫だよ,<TYPE interval=30>･･････</TYPE>大丈夫だよ,<TYPE interval=30>･･････</TYPE>我没事啦
4-13.txt,80,津名川セリフ◇エマは,エマは心配性だなあ,艾玛真是爱操心啊
4-13.txt,84,エマセリフ◇だて,だ<TYPE interval=30>･･･</TYPE>て<TYPE interval=30>･･････,因<TYPE interval=30>･･････</TYPE>为<TYPE interval=30>･･････
4-13.txt,101,津名川セリフ◇ベット,ふぅ<TYPE interval=30>･･････</TYPE>..<BR>やっとベッドだ,呼〜<TYPE interval=30>･･････</TYPE>･･････<BR>终于能躺到床上了
4-13.txt,122,エマセリフ◇タオルを乗せる,<TYPE interval=30>･･････,<TYPE interval=30>･･････
4-13.txt,128,津名川セリフ◇ありがとう,ありがとう,谢谢
4-13.txt,136,エマセリフ◇うん･･････,うん<TYPE interval=30>･･････,嗯<TYPE interval=30>･･････
4-13.txt,153,選択肢◇寝る,<TYPE interval=0><FONT color=red>一緒に寝るかい？</FONT>,<TYPE interval=0><FONT color=red>要一起睡吗？</FONT>
4-13.txt,154,選択肢◇おやすみ,<TYPE interval=0><FONT color=red>おやすみ</FONT>,<TYPE interval=0><FONT color=red>晚安</FONT>
4-13.txt,179,津名川◇一緒に,一緒に寝るかい？,要一起睡吗？
4-13.txt,183,エマセリフ◇寝る,寝る,睡觉
4-13.txt,198,エマセリフ◇そーじさん,そーじさん,宗慈先生
4-13.txt,202,津名川セリフ◇ん･･････,ん<TYPE interval=30>･･････,嗯<TYPE interval=30>･･････
4-13.txt,206,エマセリフ◇あったかくて,あったかくて気持ちいい,好暖和，好舒服
4-13.txt,210,津名川セリフ◇そりゃ,そりゃ良かった,那就好
4-13.txt,220,津名川セリフ◇そうか,じゃ　..おやすみ,那･･････晚安
4-13.txt,224,エマセリフ◇おやすみなさい,おやすみなさい,晚安
4-14.txt,15,筒井セリフ◇なにか,なにか<BR>見つかったかい,找到<BR>什么了吗
4-14.txt,22,倉巳セリフ◇えあ,え　..あ　..<BR>すみません,啊･･････那个･･････<BR>不好意思
4-14.txt,39,倉巳セリフ◇こんなに,こんな<BR>広げちゃって,把书摆得<BR>这么开
4-14.txt,45,倉巳セリフ◇つい,つい<TYPE interval=30>･･････,不知不觉就<TYPE interval=30>･･････
4-14.txt,49,倉巳セリフ◇小さい,"小さい頃に読んだ本が結構あって,<BR>なんか　..懐かしくて","小时候读过的书还挺多的,<BR>总觉得･･････有些怀念"
4-14.txt,61,筒井セリフ◇ほお？,ほお？,哦？
4-14.txt,65,筒井セリフ◇ゲーテ,"ゲーテにシェークスピア,<BR>なかなかいい趣味じゃないか","歌德和莎士比亚,<BR>品味相当不错嘛"
4-14.txt,73,筒井セリフ◇コーヒー,コーヒー　..<BR>飲むかい？,咖啡･･････<BR>要喝点吗？
4-14.txt,94,倉巳セリフ◇あはい,"あ　..はい,<BR><TYPE interval=30>･･････</TYPE>どうも","啊･･････好的,<BR><TYPE interval=30>･･････</TYPE>谢谢"
4-14.txt,98,倉巳セリフ◇ジジィ,このジジィ　..案外<BR>やり手なのかもな,这老头･･････说不定<BR>还挺不好对付呢
4-14.txt,102,倉巳セリフ◇まいっか,<TYPE interval=30>･･････</TYPE>ま　..いっか<TYPE interval=30>･･････,<TYPE interval=30>･･････</TYPE>算了･･････就这样吧<TYPE interval=30>･･････
4-14.txt,121,筒井セリフ◇最近,最近の若者にしては珍しい,现在的年轻人里可不多见啊
4-14.txt,125,倉巳セリフ◇まいったな,まいったな<TYPE interval=30>･･････</TYPE>...<BR>昔はこれでも文学少年<BR>だったんですよ,真让人难为情<TYPE interval=30>･･････</TYPE>･･････<BR>想当年我也是个<BR>文学少年呢
4-14.txt,129,倉巳セリフ◇それで,それで<BR>モノ書きを目指してたのが<BR>..なんだかんだで,"后来<BR>我曾经立志要当个作家,<BR>结果･･････阴差阳错地"
4-14.txt,133,倉巳セリフ◇今じゃ,今じゃ.食うのがやっとの<BR>..馬鹿みたいな仕事をして<TYPE interval=30>･･････,现在却干着些<BR>勉强糊口的･･････蠢工作<TYPE interval=30>･･････
4-14.txt,137,倉巳セリフ◇邪魔な,"邪魔なだけのプライドですけど,..<BR>それを作ってくれた本には<BR>むしろ感謝してるんです",虽然这骄傲现在只会碍事･･････<BR>但我反而很感谢<BR>那些塑造了它的书
4-14.txt,155,筒井セリフ◇誇りなんて,誇りなんて人から貰える<BR>ものじゃないんだ,骄傲可不是别人<BR>能赐予的东西
4-14.txt,159,筒井セリフ◇大事に,大事にするがいいよ,好好珍惜它吧
4-14.txt,163,倉巳セリフ◇結果は,結果は後から<BR>ついてくる<WAIT time=150>なんて,“结果自然会<BR>随之而来”<WAIT time=150>什么的
4-14.txt,167,倉巳セリフ◇負け犬,負け犬の遠吠えみたいな<BR>セリフも嫌なんですけどね,这种像败犬远吠一样的<BR>台词，我也挺讨厌的
4-14.txt,180,倉巳セリフ◇まあ,まあ　..どうせ捨てられやしないし..<BR>うまく生きられるわけでもないんで,嘛･･････反正也丢不掉･･････<BR>靠它也不能活得更好
4-14.txt,184,倉巳セリフ◇そういう,そういう馬鹿なプライドを<BR>墓場まで持っていきますよ,我会把这种愚蠢的骄傲<BR>带进坟墓里的
4-14.txt,188,筒井セリフ◇筋が,筋が通っているな,说得有理
4-14.txt,192,筒井セリフ◇人の,人の美しさってのは<BR>誇りから生まれる,人的美丽<BR>正是源于骄傲
4-14.txt,206,筒井セリフ◇あんたが,あんたがどんな人間かは<BR>まるで知らんが<BR><WAIT time=600>少なくとも醜くは無いよ,虽然我完全不知道<BR>你是个怎样的人<BR><WAIT time=600>但至少并不丑陋
4-14.txt,213,倉巳セリフ◇そりゃ,そりゃ<TYPE interval=30>･･････,那真是<TYPE interval=30>･･････
4-14.txt,217,倉巳セリフ◇最高の,<TYPE interval=30>･･････</TYPE>最高の<BR>誉め言葉ですよ,<TYPE interval=30>･･････</TYPE>这是对我<BR>最高的赞美了
4-15.txt,10,津名川セリフ◇ん,ん<TYPE interval=30>･･････,嗯<TYPE interval=30>･･････
4-15.txt,15,津名川セリフ◇さすが,さすがに昼ずっと寝てたせいか<BR>..寝付けない<TYPE interval=30>･･････,果然因为白天睡了一整天<BR>･･････睡不着<TYPE interval=30>･･････
4-15.txt,19,津名川セリフ◇ん？,ん？,嗯？
4-15.txt,37,エマセリフ◇んにゃ,んにゃ<TYPE interval=30>･･････</TYPE><BR>そ～じさんおきた<TYPE interval=30>･･････</TYPE>？,喵呜<TYPE interval=30>･･････</TYPE><BR>宗〜慈醒啦<TYPE interval=30>･･････</TYPE>？
4-15.txt,54,津名川セリフ◇お,"<FONT size=18>お<TYPE interval=30>･･････</TYPE>エマ,<BR>お前..どうして寝巻き<BR>脱いでるんだ！","<FONT size=18>你<TYPE interval=30>･･････</TYPE>艾玛,<BR>你･･････怎么把睡衣<BR>脱了！"
4-15.txt,58,エマセリフ◇はえ,"はえ？,　だって<BR>暑かったから<TYPE interval=30>･･････",诶？因〜为<BR>太热了嘛<TYPE interval=30>･･････
4-15.txt,62,エマセリフ◇でも裸で,でも　..裸で寝るのって<BR>初めてだったけど<BR>気持ちいいんだね,不过･･････裸睡什么的<BR>还是第一次呢<BR>感觉好舒服呀
4-15.txt,74,エマセリフ◇おふとん,おふとんが<BR>サワサワして良いね～,被子<BR>蹭来蹭去的真舒服〜
4-15.txt,78,エマセリフ◇えへへ,えへへ<WAIT time=400>　にゃ～ん☆,嘿嘿<WAIT time=400>　喵〜☆
4-15.txt,94,津名川セリフ◇☆,"にゃ～ん☆　,じゃない,<BR>もうちょっとこう<TYPE interval=30>･･････","不是“喵〜☆”啦,<BR>应该再这样一点<TYPE interval=30>･･････"
4-15.txt,98,津名川セリフ◇服を,服を着なさい<TYPE interval=30>･･････,把衣服穿上<TYPE interval=30>･･････
4-15.txt,102,津名川セリフ◇エマ女の子が,"エマ　,女の子がそんな簡単に<BR>裸になっちゃいけないんだよ,..<BR>しかも人と寝てる時に",艾玛，女孩子可不能这么随便<BR>就脱光光哦･･････<BR>更何况还是和别人一起睡的时候
4-15.txt,106,エマセリフ◇えーどうして,"えー？,　どして？",诶——？，为〜什么？
4-15.txt,120,津名川セリフ◇う,う<TYPE interval=30>･･････</TYPE>それは<BR><TYPE interval=30>･･････</TYPE>むー,唔<TYPE interval=30>･･････</TYPE>那个是<BR><TYPE interval=30>･･････</TYPE>唔——
4-15.txt,124,津名川セリフ◇また熱が,また熱が<BR>出てきそうだ<TYPE interval=30>･･････,感觉又要<BR>发烧了<TYPE interval=30>･･････
4-15.txt,128,津名川セリフ◇･･････とにかく,<TYPE interval=30>･･････</TYPE>とにかく,<TYPE interval=30>･･････</TYPE>总之
4-15.txt,135,Selectどうしても,<FONT color=red>どうしてもだ！,<FONT color=red>绝对不行！
4-15.txt,136,Select危ない,<FONT color=red>危ないからだよ,<FONT color=red>因为很危险
4-15.txt,137,Selectはしたない,<FONT color=red>はしたないから,<FONT color=red>因为太不像话了
4-15.txt,181,津名川セリフ◇危ない,危ないからだよ,因为很危险
4-15.txt,185,エマセリフ◇何が,何があぶないのー？,有什么危险的呀——？
4-15.txt,193,津名川セリフ◇とにかく,とにかくだな<TYPE interval=30>･･･,总之就是这样<TYPE interval=30>･･････
4-15.txt,203,エマセリフ◇宗慈さん,宗慈さん..<BR>わたしとこうしてるの　..嫌？,宗慈･･････<BR>和我这样待在一起･･････讨厌吗？
4-15.txt,207,津名川セリフ◇嫌じゃ,嫌じゃないけど<TYPE interval=30>･･･,倒是不讨厌<TYPE interval=30>･･････
4-15.txt,216,エマセリフ◇よかった,"<FONT size=18>よかった！,.<BR>にゃー",<FONT size=18>太好了！<BR>喵〜
4-15.txt,220,津名川セリフ◇わ！,<FONT size=18>わ！,<FONT size=18>哇！
4-15.txt,228,津名川セリフ◇かわいい,可愛いな　..お前は,真可爱啊･･････你
4-15.txt,232,エマセリフ◇にゃ,"にゃ！,宗慈さん好き！",喵！最喜欢宗慈了！
4-15.txt,236,津名川セリフ◇相思,<TYPE interval=30>･･････</TYPE>相思相愛って奴だね,<TYPE interval=30>･･････</TYPE>这就是所谓的两情相悦吧
4-15.txt,264,津名川セリフ◇どうしても,<FONT size=18>どうしてもだ！,<FONT size=18>绝对不行！
4-15.txt,272,エマセリフ◇そんなに,そんなに怒鳴らなくても<BR>いいじゃない,没必要发这么大火<BR>吧
4-15.txt,276,エマセリフ◇へんなの,へんなの,真奇怪
4-15.txt,301,津名川セリフ◇はしたない,はしたないからだめだよ,因为太不检点了所以不行哦
4-15.txt,310,エマセリフ◇はしたない,はしたないって？,不检点是什么意思？
4-15.txt,320,津名川セリフ◇恥じらい,恥じらいが足りないって<BR>意味だよ,意思就是<BR>你不够害羞哦
4-15.txt,324,津名川セリフ◇女の子,"女の子はね　..恥じらいを持ったほうが<BR>良いとされてるんだよ　,..世間的には",女孩子呢･･････带着点害羞之心<BR>才会被认为更好哦 ･･････毕竟在社会上
4-15.txt,328,エマセリフ◇ふーん,"ふーん　,.そーかー,..<BR>どういうときに恥ずかしがれば<BR>いいの？","哼哼 ,.这样啊——,..<BR>应该在什么时候觉得害羞<BR>才好呢？"
4-15.txt,345,津名川セリフ◇あー,あー　..たとえば　..<BR>裸をみられたりとか,啊〜 ，比如说 ･･････<BR>被看到裸体之类的
4-15.txt,349,エマセリフ◇うーん,"<TYPE interval=30>･･････</TYPE>うーん,..<BR>私　..宗慈さんにハダカ見られても<BR>ぜんぜん恥ずかしくないなー",<TYPE interval=30>･･････</TYPE>嗯〜･･････<BR>我･･････就算被宗慈看到裸体<BR>也完全不觉得害羞呢〜
4-15.txt,353,津名川セリフ◇うーむ,<TYPE interval=30>････</TYPE>うーむ,<TYPE interval=30>･･････</TYPE>唔〜
4-18.txt,7,津名川セリフ◇う･･････,う<TYPE interval=30>･･････,呜<TYPE interval=30>･･････
4-18.txt,23,津名川セリフ◇つめた,つめた<TYPE interval=30>･･････,凉凉的<TYPE interval=30>･･････
4-18.txt,41,沙友セリフ◇せんせ,"せんせ　..つめたい？,..<BR>たおる　..ないほういい？",老师･･････凉凉的？･･････<BR>毛巾･･････不敷比较好？
4-18.txt,47,津名川セリフ◇気持ちいいよ,冷たくて<BR>気持ちいいよ,凉凉的<BR>很舒服哦
4-18.txt,61,沙友セリフ◇せんせ,<FONT size=15>せんせ苦しそう<TYPE interval=30>･･････,<FONT size=15>老师好像很难受<TYPE interval=30>･･････
4-18.txt,65,津名川セリフ◇うん･･････,うん<TYPE interval=30>･･････</TYPE>沙友　..もし<BR><TYPE interval=30>･･････</TYPE>いや　..なんでもない,嗯<TYPE interval=30>･･････</TYPE>沙友 ..如果<BR><TYPE interval=30>･･････</TYPE>不 ..没什么
4-18.txt,79,沙友セリフ◇や,<TYPE interval=30>･････</TYPE>や,<TYPE interval=30>･･････</TYPE>呀
4-18.txt,83,沙友セリフ◇しんじゃ,<TYPE interval=30>･････</TYPE>せん<TYPE interval=30>･･･</TYPE>せ<BR><TYPE interval=30>･･･</TYPE>しんじゃ<TYPE interval=30>････</TYPE>や,<TYPE interval=30>･･････</TYPE>老<TYPE interval=30>･･････</TYPE>师<BR><TYPE interval=30>･･････</TYPE>不要死<TYPE interval=30>･･････</TYPE>呀
4-18.txt,87,津名川セリフ◇沙友,沙友<TYPE interval=30>････,沙友<TYPE interval=30>･･････
4-18.txt,92,津名川セリフ◇大丈夫,大丈夫　..だよ<BR>すぐに　よくなるから,没事的･･････<BR>马上就会好起来的
4-18.txt,102,沙友セリフ◇ほんと,ほんとですか？,真的吗？
4-18.txt,107,津名川セリフ◇ああ,"ああ,　だから　..ほら..<BR>元気だして",啊，所以･･････你看･･････<BR>振作一点
4-18.txt,111,津名川セリフ◇沙友が,沙友が元気だと　..せんせいも<BR>すぐに良くなるんだけどな,如果沙友打起精神的话 ..老师也<BR>能很快好起来的呢
4-18.txt,119,沙友セリフ◇えぁは,<TYPE interval=30>･･･</TYPE>えぁは,<TYPE interval=30>･･････</TYPE>诶呀哈
4-19.txt,13,筒井セリフ◇そうか,そうか　...<BR>津名川君は風邪か,是吗･･････<BR>津名川君感冒了啊。
4-19.txt,19,透花セリフ◇そうなんです,"そうなんです,<BR>すごい熱が出てて<TYPE interval=30>･･････","是的,<BR>烧得很厉害･･････<TYPE interval=30>･･････"
4-19.txt,31,透花セリフ◇寝てれば,"寝てれば治るって<BR>言うんですけど,<BR>心配でわたし<TYPE interval=30>･･････","虽然他说<BR>睡一觉就会好,<BR>但我还是很担心･･････<TYPE interval=30>･･････"
4-19.txt,35,透花セリフ◇今まで,今までこんなこと.<BR>なかったし<TYPE interval=30>･･････,毕竟以前･･････<BR>从来没这样过･･････<TYPE interval=30>･･････
4-19.txt,52,筒井セリフ◇ふむ,ふむ　..まあ　..本人が<BR>大丈夫だというなら<BR>大丈夫だと思うよ,"嗯･･････嘛，既然本人<BR>说没事的话,<BR>应该就没事吧。"
4-19.txt,55,筒井セリフ◇しかし,しかし　..この分だと今夜の<BR>約束は無理そうだね,不过･･････照这情况，今晚的<BR>约定恐怕要落空了呢
4-19.txt,59,筒井セリフ◇じゃあ,"じゃあ..<BR>伝言を頼めるかい？,<BR>透花ちゃん",那･･････<BR>能麻烦你帮忙传个话吗？<BR>透花酱。
4-19.txt,66,透花セリフ◇はい,"はい！,　えーと<BR><WAIT time=500>どうぞ",好的！那个･･････<BR><WAIT time=500>请说。
4-19.txt,81,筒井セリフ◇うん,"うん　..今夜の約束は延期して..<BR>体調が戻ったらにしましょう,<BR>お大事に　..と","嗯･･････今晚的约定推迟吧･･････<BR>等身体恢复了再说,<BR>还有･･････请多保重。"
4-19.txt,85,筒井セリフ◇これだけ,これだけ<BR>..よろしく頼むよ,"就这些,<BR>･･････麻烦你了。"
4-19.txt,89,透花セリフ◇えと,えと..<BR>おだい<TYPE interval=30>･･････</TYPE>じ<TYPE interval=30>･･･</TYPE>に...と<TYPE interval=30>･･････,那个･･････<BR>请多<TYPE interval=30>･･････</TYPE>保<TYPE interval=30>･･････</TYPE>重･･････还有<TYPE interval=30>･･････
4-19.txt,101,透花セリフ◇わかり,"わかりました,<BR>伝えておきます","明白了,<BR>我会转告他的。"
4-19.txt,105,透花セリフ◇はい,はい　..はい<TYPE interval=30>･･････,好的･･････好的･･････<TYPE interval=30>･･････
4-19.txt,109,透花セリフ◇それじゃ,"それじゃ　..また<TYPE interval=30>･･････</TYPE>,<BR>はい<TYPE interval=30>･･････",那么･･････回头<TYPE interval=30>･･････</TYPE>见･･････<BR>好的･･････<TYPE interval=30>･･････
4-20.txt,26,津名川セリフ◇ずっと,ずっと<BR>居てくれたのか<TYPE interval=30>･･････,一直<BR>陪着我吗<TYPE interval=30>･･････
4-20.txt,30,津名川セリフ◇ただの,ただの風邪だって<BR>いってるのに,我都说了<BR>只是普通感冒而已
4-20.txt,34,津名川セリフ◇ずいぶん,ずいぶん<BR>楽になった,感觉<BR>好多了
4-20.txt,47,津名川セリフ◇今日は,今日はゆっくり<BR>お休み,今天就好好<BR>休息吧
4-20.txt,51,津名川セリフ◇ほんとに,ほんとに<TYPE interval=30>･･････</TYPE>...僕には<BR>もったいない娘達だよ,真的<TYPE interval=30>･･････</TYPE>･･････对我来说<BR>她们太好了啊
4-20.txt,72,津名川セリフ◇筒井さん,"筒井さん,<BR>そうか　,忘れてたよ","筒井先生,<BR>对啊，我忘了"
4-21.txt,15,筒井セリフ◇ああ,ああ　..こちら..<BR>倉巳君,啊･･････这边･･････<BR>仓巳君
4-21.txt,22,筒井セリフ◇こっち,こっちは<BR>津名川君,这位是<BR>津名川
4-21.txt,26,倉巳セリフ◇あ,あ　..これはどうも,啊･･････初次见面
4-21.txt,30,津名川セリフ◇あ,"あ　,どうも",啊，你好
4-21.txt,45,筒井セリフ◇倉巳君,倉巳君はここ数日..<BR>ここに通って来てるんだ,仓巳这几天･･････<BR>一直往这儿跑呢
4-21.txt,49,筒井セリフ◇すっかり,すっかりお得意様だよ,都成老主顾了
4-21.txt,61,倉巳セリフ◇はは,はは　..津名川さんは<BR>このご近所で？,哈哈･･････津名川先生<BR>住在这附近吗？
4-21.txt,65,津名川セリフ◇んー,いいえ　..近所では<BR>ないんですが,不･･････<BR>不是住在附近
4-21.txt,69,津名川セリフ◇新宿,まあ　..実際歩いてみれば<BR>新宿なんてそれほど大きい<BR>町ではありませんから,"不过･･････<BR>实际走走看的话,<BR>新宿其实也没那么大"
4-21.txt,80,倉巳セリフ◇なるほど,"なるほど,..<BR>僕も近々この辺りに<BR>引っ越そうかと思って",原来如此･･････<BR>我也打算<BR>最近搬到这附近
4-21.txt,84,倉巳セリフ◇会った,また　.会った時には.<BR>よろしくお願いします,下次再见面时<BR>请多关照
4-21.txt,88,津名川セリフ◇こちらこそ,こちらこそよろしく,彼此彼此
4-22.txt,18,筒井セリフ◇倉巳君が,倉巳君が君と<BR>酒を飲みたがってたよ,仓巳君想和你<BR>喝杯酒呢
4-22.txt,22,筒井セリフ◇約束,約束してないからと<BR>断ったんだが,我跟他说没约好<BR>就给拒绝了
4-22.txt,32,筒井セリフ◇知らない,知らない人と飲むと<BR>気を遣って疲れるしね,毕竟跟不熟的人喝酒<BR>还得费心应酬，挺累人的
4-22.txt,36,筒井セリフ◇とくに,とくに君みたいな<BR>タイプは,尤其是像你这种<BR>类型的
4-22.txt,40,津名川セリフ◇まいった,まいったな,真让人头疼啊
4-22.txt,52,筒井セリフ◇いい,いいのかい　..体は,身体･･････还好吗
4-22.txt,56,津名川セリフ◇まだ,まだ少しだるい<BR>ですが<TYPE interval=30>･･････,还有点<BR>乏力<TYPE interval=30>･･････
4-22.txt,60,津名川セリフ◇もう,もう一番キツい<BR>ところは越えました,已经度过最艰难的<BR>阶段了
4-22.txt,71,筒井セリフ◇それは,それは良かった,那就好
4-22.txt,75,筒井セリフ◇あの子達,あの子達<BR>ずいぶん心配してたから,那几个孩子<BR>可是担心坏了
4-22.txt,78,筒井セリフ◇もしか,もしかしたら本当に<BR>危ないのかと思ったよ,我还以为<BR>这次真的危险了呢
4-22.txt,89,津名川セリフ◇わからない,わからないんでしょうね,她们也不懂吧
4-22.txt,93,津名川セリフ◇なんせ,なんせ　.あの子達は..風邪って<BR>いうのがどういう病気かも<BR>知りませんから<TYPE interval=30>･･････,毕竟，那几个孩子･･････连感冒<BR>是什么病都<BR>不知道呢<TYPE interval=30>･･････
4-22.txt,103,筒井セリフ◇意外だ,意外だね　<WAIT time=300>君はあまり<BR>酒を飲まないのかと,真意外啊　<WAIT time=300>我还以为你<BR>不怎么喝酒呢
4-22.txt,107,津名川セリフ◇普段は,普段はそれほど<TYPE interval=30>･･････,平时倒也没那么<TYPE interval=30>･･････
4-22.txt,111,津名川セリフ◇でも,でも飲みたい気分な<BR>時もあります,但偶尔也会有<BR>想喝两杯的时候
4-22.txt,122,筒井セリフ◇そうかい,そうかい,是吗
4-22.txt,134,津名川セリフ◇無言,<TYPE interval=30>･･････,<TYPE interval=30>･･････
4-22.txt,143,筒井セリフ◇そうだな,<TYPE interval=30>･･････</TYPE>そうだな<WAIT time=400><BR>昔話をしようか,<TYPE interval=30>･･････</TYPE>也是啊<WAIT time=400><BR>来聊聊过去的事吧
4-22.txt,150,筒井セリフ◇彼女に,<TYPE interval=30>･･････</TYPE>彼女に会ったのは<BR>社会人になって１年目<BR>くらいの頃だったかな,<TYPE interval=30>･･････</TYPE>遇见她的时候<BR>应该是我步入社会<BR>第一年左右吧
4-22.txt,154,筒井セリフ◇もう,もう何十年も前の話だ,已经是几十年前的事了
4-22.txt,174,筒井セリフ◇当時,当時　..僕はいわゆる<BR>証券マンというヤツでね,当时 ･･････我算是个<BR>所谓的证券从业者吧
4-22.txt,178,筒井セリフ◇あの,あの仕事は<BR>取引が終わってしまえば<BR>案外暇な仕事なんで,那份工作<BR>只要交易一结束<BR>其实还挺清闲的
4-22.txt,181,筒井セリフ◇よく,よく飲み歩いてた,所以我经常去喝酒
4-22.txt,185,筒井セリフ◇景気,景気も良かったしね,毕竟那时候经济也景气嘛
4-22.txt,198,筒井セリフ◇うん,うん<TYPE interval=30>･･････</TYPE><BR>そう,嗯<TYPE interval=30>･･････</TYPE><BR>对
4-22.txt,201,筒井セリフ◇こんな,こんな雨の<BR>降ってる日だった,就是这样一个<BR>下着雨的日子
4-22.txt,211,筒井セリフ◇傘を,傘を差すのもめんどう<BR>だっていうんで,她说连打伞<BR>都嫌麻烦
4-22.txt,215,筒井セリフ◇雨が,雨がやむまでって<BR>いつもより遅くまで<BR>飲んでたんだよ,就说等雨停<BR>比平时喝到更晚<BR>才回去
4-22.txt,219,筒井セリフ◇こんな,こんな風なバーでね,就是在这样的一家酒吧里
4-22.txt,231,筒井セリフ◇さすがに,さすがに雨の日な上に.<BR>平日なんで.ぜんぜん客が<BR>居なくてね,"毕竟是下雨天,<BR>又赶上工作日,<BR>店里连个客人都没有。"
4-22.txt,235,筒井セリフ◇カウンター,カウンターでマスターと<WAIT time=400><BR>次の客が男か女かで,我就坐在吧台跟老板<WAIT time=400><BR>赌下一个客人是男是女
4-22.txt,238,筒井セリフ◇賭け,賭けをしたりして<BR>遊んでた,就这么<BR>打发时间。
4-22.txt,250,筒井セリフ◇まあ,"まあ<BR>良くは覚えてないんだが,<BR>そんなこんなで深夜も深夜","具体细节记不太清了,<BR>就这么着,<BR>一直耗到了深夜。"
4-22.txt,254,筒井セリフ◇さすがに,さすがに帰ろうかって<BR>時間になって,"心想差不多该回去了,<BR>正打算起身呢。"
4-22.txt,258,筒井セリフ◇客が,客が一人　..入ってきてね,就在这时候，进来了一位客人。
4-22.txt,270,津名川セリフ◇それが,それが奥さん？,那是你妻子？
4-22.txt,274,筒井セリフ◇そう,そういきなり話を<BR>進めないでくれないか,喂，别突然<BR>把剧情往前赶啊。
4-22.txt,278,筒井セリフ◇つま,つまらない話かも<BR>しれないが,虽然可能是个<BR>无聊的故事。
4-22.txt,281,筒井セリフ◇私には,私には素晴らしい<BR>思い出なんだ,"但对我来说,<BR>却是一段美妙的回忆。"
4-22.txt,295,筒井セリフ◇ん,<TYPE interval=30>･･････</TYPE>ん..<BR>えーと,<TYPE interval=30>･･････</TYPE>嗯･･････<BR>让我想想。
4-22.txt,299,筒井セリフ◇そうそう,そうそう..<BR><TYPE interval=30>･･････</TYPE>雨だ,对对･･････<BR><TYPE interval=30>･･････</TYPE>是下雨天。
4-22.txt,303,筒井セリフ◇傘も,傘も差さないで<BR>きたらしくて,"她好像连伞都没打,<BR>就这么跑过来了。"
4-22.txt,306,筒井セリフ◇ずいぶん,ずいぶん濡れていてね,浑身都淋湿了。
4-22.txt,321,筒井セリフ◇そして,そしてこれが<BR>素晴らしい美人なんだよ,"而且啊,<BR>那可是个绝顶的大美女。"
4-22.txt,325,筒井セリフ◇水も,水もしたたる..<BR>というアレだ,"就是那种“水灵灵”的,<BR>你懂吧？"
4-22.txt,334,筒井セリフ◇真っ白,真っ白な肌に<BR>黒髪の<TYPE interval=30>･･････,"雪白的肌肤,<BR>配上一头黑发･･････<TYPE interval=30>･･････"
4-22.txt,338,筒井セリフ◇すこし,すこし機嫌は悪そう<BR>だったけどね,"不过,<BR>她当时心情好像不太好。"
4-22.txt,342,津名川セリフ◇はは,はは,哈哈。
4-22.txt,354,筒井セリフ◇思わず,思わず雨に<BR>感謝したよ,我当时都不由得<BR>感谢起这场雨来了。
4-22.txt,358,筒井セリフ◇大丈夫,“大丈夫ですか”,“你没事吧？”
4-22.txt,361,筒井セリフ◇声を,って声をかけたら,我这么跟她搭话，
4-22.txt,365,筒井セリフ◇あなた,“あなた何者？”,“你是什么人？”
4-22.txt,368,筒井セリフ◇言われた,って言われた,结果被她这么反问了一句。
4-22.txt,384,筒井セリフ◇僕は,僕はこう答えた,于是我这么回答她
4-22.txt,388,筒井セリフ◇こんな,“こんな雨の平日の深夜に<BR>こんな客のいないバーに<BR>いる男ですよ”,"“在这种下雨的平日深夜,<BR>会待在这种没客人的酒吧里,<BR>还能是谁呢。”"
4-22.txt,392,筒井セリフ◇その点,“その点ではあなたと僕は<BR>仲間だ　<WAIT time=400>そうでしょ？”,“在这一点上你和我<BR>是同伴　<WAIT time=400>对吧？”
4-22.txt,403,津名川セリフ◇ドラマ,ドラマみたいですね,简直像电视剧一样呢。
4-22.txt,407,筒井セリフ◇全く,全くだ,可不是嘛。
4-22.txt,411,筒井セリフ◇我,我ながら<BR>底の浅い男さ,"连我自己都觉得,<BR>自己真是个肤浅的男人啊。"
4-22.txt,415,津名川セリフ◇そういう,そういう意味では,从某种意义上来说，
4-22.txt,428,筒井セリフ◇いいさ,いいさ,这样就好。
4-22.txt,432,筒井セリフ◇いずれ,いずれにせよ　..まあ,总之･･････嘛，
4-22.txt,436,筒井セリフ◇そんな,そんな風に始まって<BR>僕らは話をしたんだ,"我们的故事就这样开始了,<BR>我们聊了起来。"
4-22.txt,447,筒井セリフ◇彼女は,彼女は病気だった,她病了。
4-22.txt,451,筒井セリフ◇それも,それも<BR>不治の病ってやつでね,"而且,<BR>是不治之症。"
4-22.txt,455,筒井セリフ◇あの雨,あの雨の日は<BR>病院で宣告された<BR>その日だったってわけだ,"那个下雨的日子,<BR>正是她在医院<BR>被宣告病情的那天。"
4-22.txt,466,筒井セリフ◇でも,でも　..そんなことを<BR>聞かされても<BR>彼女の魅力はちっとも<BR>ゆるがなかった,"可是･･････<BR>就算听说了这些,<BR>她的魅力也没有<BR>丝毫减损。"
4-22.txt,470,筒井セリフ◇むしろ,むしろ感心したよ,我反而更加敬佩她了。
4-22.txt,480,筒井セリフ◇病気,病気を宣告され<WAIT time=300><BR>雨に降られて,被宣告了病情，<WAIT time=300><BR>又淋了雨，
4-22.txt,484,筒井セリフ◇自暴,自暴自棄になりそうな<BR>ところをすんでで抑えていた,在差点就要自暴自弃的<BR>紧要关头克制住了
4-22.txt,488,筒井セリフ◇人として,人としての誇りというものを<BR>強く持っている人だった,是一个将作为人的尊严<BR>强烈坚守着的人
4-22.txt,504,筒井セリフ◇こんな,こんな人はもう<BR>いないと思ったよ,"我心想,<BR>这样的人再也不会有了。"
4-22.txt,508,筒井セリフ◇２回目,２回目に会ったときには<BR>プロポーズしてた,"于是第二次见面时,<BR>我就向她求婚了。"
4-22.txt,517,津名川セリフ◇あなたも,あなたも不治の病に<BR>かかってしまった<BR>わけですか,也就是说，您也患上了<BR>不治之症<BR>啊。
4-22.txt,521,筒井セリフ◇そう,そういうことだ,就是这么回事。
4-22.txt,530,筒井セリフ◇それから,"それからたった２年,<BR>ちょっとの間だったが","在那之后仅仅两年,<BR>虽然时间很短暂，"
4-22.txt,534,筒井セリフ◇彼女,彼女との生活は.私の<BR>幸せそのものだった,"但与她的生活,<BR>就是我全部的幸福。"
4-22.txt,538,筒井セリフ◇後悔,後悔したことは<BR>一度も無い,我一次<BR>也没有后悔过。
4-22.txt,550,筒井セリフ◇その後,<TYPE interval=30>･･････</TYPE>その後<BR>何十年も生きているが,"<TYPE interval=30>･･････</TYPE>在那之后,<BR>我又活了几十年，"
4-22.txt,554,筒井セリフ◇未だに,未だに私にとって<BR>最高の女性,但至今，她依然是我心目中<BR>最完美的女性。
4-22.txt,558,筒井セリフ◇いや,いや,不，
4-22.txt,562,筒井セリフ◇最高の,最高の人は<BR>一人だけだよ,"最完美的人,<BR>永远只有一个啊。"
4-22.txt,576,筒井セリフ◇しょせん,しょせん　..人生とか<BR>この世のすべては<BR>儚いものさ,"毕竟･･････人生也好,<BR>这世上的一切也罢,<BR>都是过眼云烟"
4-22.txt,580,筒井セリフ◇どんな,どんな風に生きるのも<BR>その人の勝手かも<BR>しれないが<TYPE interval=30>･･････,"选择怎样度过一生,<BR>或许是个人的自由,<BR>但是･･････<TYPE interval=30>･･････"
4-22.txt,584,筒井セリフ◇誇りを,誇りを持って美しく<BR>生きるということを<BR>彼女は教えてくれた,"是她教会了我,<BR>要带着尊严,<BR>美丽地活下去。"
4-22.txt,596,筒井セリフ◇何か,何かを求めて<BR>激しく生きても,"就算拼命追求什么,<BR>激烈地活着，"
4-22.txt,600,筒井セリフ◇手に,手に入れれば次の物が<BR>ほしくなり　..ずっと<BR>満たされることが無い,"得到了就渴望下一个,<BR>永远･･････<BR>无法得到满足。"
4-22.txt,604,筒井セリフ◇それより,それよりも<BR>今あるモノを愛して,"与其那样,<BR>不如去爱现在拥有的事物，"
4-22.txt,607,筒井セリフ◇喜び,喜びを得る方法が<BR>あるってことをね,"她让我明白,<BR>这才是获得喜悦的方法。"
4-22.txt,621,筒井セリフ◇求め,求めなくて<BR>いいんだよ,不必去强求<BR>也没关系的
4-22.txt,625,筒井セリフ◇足りない,足りないもの<BR>なんてない,你并没有<BR>缺少什么
4-22.txt,629,筒井セリフ◇大事な,大事なものなんてのは<BR>本当に少なくて,真正重要的东西<BR>其实少之又少
4-22.txt,633,筒井セリフ◇しかも,しかも生まれたときから<BR>全部自分の中に持ってたのさ,而且从出生起<BR>它们就全都存在于你的心中了
4-22.txt,647,筒井セリフ◇まあ,まあ　..僕自身は<BR>こんなことを,不过･･････我自己<BR>对这种道理
4-22.txt,650,筒井セリフ◇人に,人に説教できるほど偉い<BR>人間じゃないけどね,还没伟大到能去给别人说教<BR>的地步就是了
4-22.txt,660,津名川セリフ◇僕も,僕もそうなん<BR>でしょうか,我是不是也这样<BR>呢
4-22.txt,664,津名川セリフ◇今まで,今までずっと<BR>大事なものを欲しがってた<BR>だけのような気がする,总觉得直到现在<BR>我都只是在一味渴求<BR>所谓重要的东西罢了
4-22.txt,668,津名川セリフ◇でも,でも大事なものが<BR>できてしまえば,可一旦拥有了<BR>真正重要的东西
4-22.txt,671,津名川セリフ◇今度は,今度は　..本当にこれで<BR>よかったのかって<TYPE interval=30>･･･,又该怀疑･･････<BR>这样真的好吗･･････<TYPE interval=30>･･････
4-22.txt,685,津名川セリフ◇時々,時々　..すべてを捨てて<BR>どこかへ逃げたくなる,有时候･･････甚至会想<BR>抛弃一切逃到某个地方去
4-22.txt,693,筒井セリフ◇君は,君はなかなか<BR>良い青年だよ,你是个<BR>挺不错的青年啊
4-22.txt,697,筒井セリフ◇もっと,もっと<BR>考えればいい,再多<BR>思考一下吧
4-22.txt,701,筒井セリフ◇そうして,そうして自分で自分の<BR>答えを見つけるんだよ,然后自己去寻找<BR>属于自己的答案
4-22.txt,713,筒井セリフ◇人から,人から貰った服が<BR>自分にぴったり合うこと<BR>なんて稀なことだ,别人给你的衣服<BR>能完全合身<BR>这种事可是很少见的
4-22.txt,717,筒井セリフ◇自分,自分自身で　..自分自身の<BR>服を作らなきゃな,得靠自己去･･････亲手为自己<BR>缝制衣裳啊。
4-22.txt,727,筒井セリフ◇この,この私でさえ<BR>出来たことだ,这种事，连我<BR>都做到了。
4-22.txt,731,筒井セリフ◇君なら,君ならちゃんと.<BR>君が欲しい.その答えを<BR>手に入れられるよ,只要是你，就一定能･･････<BR>亲手得到你渴望的･･････<BR>那个答案。
4-22.txt,750,津名川セリフ◇無言で笑う,<TYPE interval=30>･･････,<TYPE interval=30>･･････
4-22.txt,769,筒井セリフ◇沈黙,<TYPE interval=30>････････････,<TYPE interval=30>･･････
4-22.txt,773,筒井セリフ◇最善,最善の道というのは<BR>ありそうで無いものだ,"所谓最完美的道路，看似存在,<BR>实则并不存在。"
4-22.txt,782,筒井セリフ◇この世は,この世はどっちにいったって<BR>負けるように出来てる,"这个世界，无论怎么选,<BR>都注定会输。"
4-22.txt,789,筒井セリフ◇どんな善意,どんな善意も<BR>裏に自己満足という影が<BR>あるんじゃないのかと思える,"无论怎样的善意,<BR>背后恐怕都隐藏着<BR>名为自我满足的阴影吧。"
4-22.txt,793,筒井セリフ◇どんな正義,どんな正義も<BR>立場の問題でしか<BR>なかったりする,"无论怎样的正义,<BR>往往也不过是<BR>立场问题罢了。"
4-22.txt,797,筒井セリフ◇どんな愛,どんな愛も<BR>自己愛の匂いが<BR>付きまとう,"无论怎样的爱,<BR>都环绕着<BR>自爱的气息。"
4-22.txt,814,筒井セリフ◇だが,だが　..それでいい,但是･･････这样就好。
4-22.txt,818,筒井セリフ◇負けの,負けの中からしか学べない<BR>大切な事があるものさ,"毕竟有些重要的事,<BR>只有在失败中才能学到。"
4-22.txt,828,筒井セリフ◇君は,君は何か失敗や後悔をしている<BR>のかもしれないが<TYPE interval=30>･･････,你或许正为某些失败或遗憾<BR>而烦恼･･････<TYPE interval=30>･･････
4-22.txt,832,筒井セリフ◇それは,それは　..悪いことじゃない,那･･････并不是坏事。
4-22.txt,841,筒井セリフ◇みんな,みんなそうやって<BR>優しくなっていくんだ,"人都是这样,<BR>慢慢变得温柔的。"
4-24.txt,15,荒山セリフ◇どうした,どうした,怎么了？
4-24.txt,19,荒山セリフ◇なにか,なにかあったか,出什么事了吗？
4-24.txt,34,部下１セリフ◇例の,例のＫ２ｎ<BR>なんですが<TYPE interval=30>･･････,关于那个K2n<BR>的事･･････<TYPE interval=30>･･････
4-24.txt,38,部下１セリフ◇なにか,なにか嗅ぎ付けた<BR>奴が居るようです,好像有人<BR>闻到了什么风声
4-24.txt,46,荒山セリフ◇プロ,プロか？,是专业的？
4-24.txt,54,部下１セリフ◇いえ,いえ<TYPE interval=30>･･･,不<TYPE interval=30>･･････
4-24.txt,57,部下１セリフ◇マスコミ,マスコミ側の<BR>人間のようですが,似乎是媒体那边<BR>的人
4-24.txt,67,部下１セリフ◇どう,どうします<BR><WAIT time=300>上に報告しますか,您看怎么办<BR><WAIT time=300>需要向上级汇报吗
4-24.txt,73,荒山セリフ◇なんだ,なんだ,你说呢
4-24.txt,79,荒山セリフ◇ふん,"ふん<TYPE interval=30>･･････</TYPE>,<BR>いつも言ってるだろ","哼<TYPE interval=30>･･････</TYPE>,<BR>我不是常说吗"
4-24.txt,83,荒山セリフ◇小物は,小物はほうっておけ,小鱼小虾不用理
4-24.txt,87,荒山セリフ◇後から,後からいくらでも<BR>握りつぶせる,事后随时都能<BR>把消息压下去
4-24.txt,99,荒山セリフ◇問題に,問題になりそうだったら,要是真闹出什么问题
4-24.txt,102,荒山セリフ◇俺が,俺がその日のうちに<BR>片付けてやる,我当天就能<BR>把它摆平
4-24.txt,106,荒山セリフ◇こんなの,こんなのは<BR>うじゃうじゃいるさ,这种货色<BR>一抓一大把
4-24.txt,110,荒山セリフ◇気に,気にしてたら<BR>始まらん,要是事事都放在心上<BR>那什么事都干不成
4-24.txt,122,部下１セリフ◇わかり,わかりました,明白了
4-24.txt,126,部下１セリフ◇それから,それから<WAIT time=400><BR>少し関連したことで<BR>軍の情報が入ってます,另外<WAIT time=400><BR>还有一点相关的情况<BR>我们收到了军方的情报
4-24.txt,130,荒山セリフ◇見せて,<TYPE interval=30>･･････</TYPE>見せてみろ,<TYPE interval=30>･･････</TYPE>拿给我看看
4-25.txt,17,倉巳セリフ◇沈黙,<TYPE interval=30>･･････,<TYPE interval=30>･･････
4-25.txt,21,倉巳セリフ◇透花,透花　..エマ　..沙友,透花 ･･････艾玛 ･･････沙友
4-25.txt,38,倉巳セリフ◇いい,いいなぁ,真好啊
4-26.txt,14,透花セリフ◇残念,残念でしたね,真遗憾呢
4-26.txt,18,透花セリフ◇古すぎ,古すぎで売って<BR>ないなんて<TYPE interval=30>･･････,因为年代太久远<BR>已经买不到了<TYPE interval=30>･･････
4-26.txt,25,津名川セリフ◇まあ,まあ　..特注で部品を<BR>作ってもらうしかないね,嘛･･････只能<BR>找人专门定制零件了呢
4-26.txt,37,津名川セリフ◇ずいぶん,ずいぶん古いオイル<BR>ヒーターだから,毕竟那台油暖器<BR>实在太老旧了
4-26.txt,40,津名川セリフ◇しょうが,しょうがないのかも<BR>しれないけどね,这也是没办法的<BR>事吧
4-26.txt,70,津名川セリフ◇無駄足,無駄足に<BR>なっちゃったな<TYPE interval=30>･･････,这下白跑一趟<BR>了啊<TYPE interval=30>･･････
4-26.txt,77,透花セリフ◇そんな,"そんなことありませんよ,..<BR>私　..すごく楽しいです",没那回事哦･･････<BR>我･･････非常开心
4-26.txt,105,沙友セリフ◇さゆ,さゆ～も～,沙友〜也〜
4-26.txt,112,エマセリフ◇外の,外の空気<BR>ひさしぶりだし,毕竟好久没<BR>呼吸外面的空气了
4-26.txt,127,津名川セリフ◇うん,"うん,<BR>帰ったらゲームしようか","嗯,<BR>回去后我们打游戏吧"
4-26.txt,135,沙友セリフ◇やた,やたぁ<TYPE style=Spring>～,太好啦<TYPE style=Spring>〜
4-26.txt,143,エマセリフ◇今度こそ,<FONT size=18>今度こそ勝つぞぉ！,<FONT size=18>这次一定要赢！
4-26.txt,165,エマセリフ◇あれ,あれ？<WAIT time=400><BR>やんだみたい,咦？<WAIT time=400><BR>好像停了呢
4-26.txt,169,津名川セリフ◇ほんとだ,ほんとだ,真的呢
4-26.txt,173,津名川セリフ◇映画,<TYPE interval=30>･･････</TYPE>漫画だったら<BR>この辺で虹なんか出たり<BR>するんだけどね,"<TYPE interval=30>･･････</TYPE>要是漫画的话,<BR>这种时候通常会<BR>出现彩虹呢"
4-26.txt,177,津名川セリフ◇そんな,そんな都合のいい<BR>ものでも無いよな,现实可没<BR>那么凑巧啊
4-26.txt,201,透花セリフ◇虹,虹ってなんですか？,彩虹是什么呢？
4-26.txt,208,沙友◇にー,にーじー？,彩〜虹〜？
4-26.txt,215,津名川セリフ◇いや,いやいや,没没
4-26.txt,218,津名川セリフ◇いつか,いつか偶然見られたら<BR>そのとき教えてあげるよ,"等哪天偶然碰见的话,<BR>到时候再告诉你们吧"
4-26.txt,242,エマセリフ◇見に,<FONT size=18>見に行きたい～！,<FONT size=18>好想看〜！
4-26.txt,246,津名川セリフ◇見に,見に行って見られる<BR>ものではないんだよ,彩虹可不是专门跑去看<BR>就能看到的哦
4-26.txt,250,津名川セリフ◇だが,だが..<BR>いつか見られるさ,不过･･････<BR>总有一天能看到的
4-26.txt,278,エマセリフ◇ぜったい,ぜったい？,一定吗？
4-26.txt,282,津名川◇絶対,絶対,一定
5-01.txt,15,津名川セリフ◇すっかり,<TYPE interval=75>すっかり元通りだ,<TYPE interval=75>已经完全恢复原状了
5-01.txt,21,津名川セリフ◇凄いも,<TYPE interval=77>凄いもんだね,<TYPE interval=77>真是了不起啊
5-01.txt,33,真上セリフ◇すごい,<TYPE interval=65>すごいコストが..<BR>かかったらしいですよ,<TYPE interval=65>听说耗费了･･････<BR>相当惊人的成本呢
5-01.txt,37,真上セリフ◇結局、,結局　..米軍が特別予算を<BR>出したそうですし･･･,毕竟最后是･･････美军批了特别预算<BR>才搞定的嘛･･････
5-01.txt,41,水滝セリフ◇依存が,<TYPE interval=55>依存が強まるのも<BR>考え物ですね,<TYPE interval=55>但过度依赖的话<BR>也让人担忧呢
5-01.txt,47,水滝セリフ◇今じゃ,<TYPE interval=66>今じゃ門番まで<BR>軍服ですもんね,<TYPE interval=66>现在连门卫都<BR>穿上军服了呢
5-01.txt,63,津名川セリフ◇はは,<TYPE interval=45>はは,<TYPE interval=45>哈哈
5-01.txt,67,津名川セリフ◇いち研,<TYPE interval=66>いち研究員としては..<BR>そっちのほうが安心できるけどね,<TYPE interval=66>不过作为一名研究员･･････<BR>这样反而更让人安心呢
5-01.txt,85,真上セリフ◇んー,<TYPE interval=80>んー　..とにかく..<BR><TYPE interval=55>今までの研究の遅れを<BR>取り戻したいですよ！,<TYPE interval=80>嗯･･････总之･･････<BR><TYPE interval=55>得赶紧把之前落后的<BR>研究进度补回来才行！
5-01.txt,89,水滝セリフ◇やる気,<TYPE interval=77>やる気満々ね,<TYPE interval=77>真是干劲满满啊
5-01.txt,93,真上セリフ◇そ,<TYPE interval=65>そりゃもう,<TYPE interval=65>那当然
5-01.txt,108,津名川セリフ◇能力も,<TYPE interval=65>能力もだけど,<TYPE interval=65>不仅是能力方面
5-01.txt,112,津名川セリフ◇せ,<TYPE interval=67>せめて.軽いものくらいは...<BR>食べられるようにしてあげたい,<TYPE interval=67>至少.清淡点的东西之类的...<BR>想要让她能吃得下
5-01.txt,115,津名川セリフ◇休,<TYPE interval=50>って...　休んでるときに<BR>思ったよ,<TYPE interval=50>这是･･････ 我休息的时候<BR>想到的
5-01.txt,136,水滝セリフ◇…そう,<TYPE interval=50>･･････</TYPE><TYPE interval=77>そうですね,<TYPE interval=50>･･････</TYPE><TYPE interval=77>也是呢
5-01.txt,140,水滝セリフ◇チ,<TYPE interval=65>チューブのゼリーだけじゃ...<BR>あの子たちも飽きちゃうかな？,<TYPE interval=65>光靠管状果冻的话･･････<BR>那些孩子也会吃腻吧？
5-01.txt,146,真上セリフ◇確かに,<TYPE interval=55>確かに<BR>..自分も毎日ゼリーじゃ...<BR>うんざりしちゃいますよ<TYPE interval=60>･･･,<TYPE interval=55>确实<BR>･･････换作是我每天吃果冻･･････<BR>也会吃腻的<TYPE interval=60>･･････
5-01.txt,152,津名川セリフ◇ま、こ,<TYPE interval=82>ま　...これからまた<BR>忙しくなるって事さ,<TYPE interval=82>嘛･･････  接下来又要<BR>忙起来了
5-03.txt,27,諜報員セリフ◇来週あたり,<TYPE interval=66>来週あたり..<BR>例のテストがあるようです,<TYPE interval=66>下周左右･･････<BR>似乎要进行那项测试
5-03.txt,31,諜報員セリフ◇軍は例の,<TYPE interval=66>軍は例のロボットの一件以来...<BR>ずいぶんEX計画に興味を.<BR>持っているようですね,<TYPE interval=66>军方自从那起机器人事件以来･･････<BR>似乎对EX计划<BR>产生了强烈的兴趣呢
5-03.txt,46,荒山セリフ◇なにかあった,<TYPE interval=67>何かあったのかも知れんな...<BR>例の事件自体<BR>..怪しいところばかりだ,<TYPE interval=67>也许发生了什么吧･･････<BR>那起事件本身<BR>･･････就处处透着可疑
5-03.txt,50,荒山セリフ◇古痕の,<TYPE interval=78>古痕の情報は？,<TYPE interval=78>古痕的情报呢？
5-03.txt,63,諜報員セリフ◇品川の高宮,<TYPE interval=65>品川の高宮エレンの方が..<BR>実戦テストには乗り気なようです,<TYPE interval=65>品川的高宫艾伦･･････<BR>似乎对实战测试更感兴趣
5-03.txt,67,諜報員セリフ◇上層部は,上層部はずいぶん保守的で<BR>それを良くは思っていないとか,上层相当保守<BR>听说对此颇有微词
5-03.txt,78,荒山セリフ◇グラハムにも,<TYPE interval=80>グラハムにも<BR>..良心があったか,<TYPE interval=80>格拉汉姆也<BR>･･････还有点良心啊
5-03.txt,82,荒山セリフ◇それとも別の,<TYPE interval=68>それとも別の理由かな？,<TYPE interval=68>还是有别的原因？
5-03.txt,93,荒山セリフ◇しかし,<TYPE interval=78>しかし　..近頃は情報で<BR>後手に回る事が多いな,<TYPE interval=78>不过･･････最近在情报上<BR>总是慢人一步啊
5-03.txt,97,荒山セリフ◇向こうが速い,<TYPE interval=78>向こうが速いのやら...<BR>こちらが遅いのやら,<TYPE interval=78>不知是对方动作太快･･････<BR>还是我们太慢了
5-03.txt,112,諜報員セリフ◇こちらの動き,<TYPE interval=64>こちらの動きが<BR>悟られているような気もします,<TYPE interval=64>感觉我们的行动<BR>似乎被察觉了
5-03.txt,116,諜報員セリフ◇内部にいる,<TYPE interval=67>内部にいるのでしょう...<BR>悪い虫が,<TYPE interval=67>内部有内鬼吧･･････<BR>那些蛀虫
5-03.txt,120,荒山セリフ◇勘かね,<TYPE interval=80>勘かね,<TYPE interval=80>凭直觉吗
5-03.txt,124,諜報員セリフ◇勘です,<TYPE interval=80>勘です,<TYPE interval=80>是直觉
5-03.txt,138,荒山セリフ◇ならその勘,<TYPE interval=70>ならその勘　..<BR>あてにしてみるとするか,<TYPE interval=70>那就把这个直觉･･････<BR>当作参考试试看吧
5-03.txt,142,荒山セリフ◇獅子身中,<TYPE interval=80>獅子身中の虫<BR>..だな,<TYPE interval=80>真是内部的蛀虫<BR>･･････啊
5-03.txt,146,諜報員セリフ◇ええ,ええ,是的
5-03.txt,159,荒山セリフ◇面白くは,<TYPE interval=67>面白くは無い,<TYPE interval=67>这可不太妙
5-03.txt,163,諜報員セリフ◇そうですね,<TYPE interval=65>そうですね....<BR>その件はこちらで..<BR>対処すればよいでしょうか,<TYPE interval=65>这样啊･･････<BR>这件事由我们这边･･････<BR>来处理可以吗
5-03.txt,174,荒山セリフ◇ああ,"<TYPE interval=78>ああ　..そうだな,<BR>幾つか罠をはって<BR>..待ってみるといい","<TYPE interval=78>啊･･････也是,<BR>布下几个陷阱<BR>･･････等等看吧"
5-03.txt,178,荒山セリフ◇お,<TYPE interval=72>デコイ（おとり）の使用も<BR>..許可する,<TYPE interval=72>诱饵的使用也<BR>..予以许可
5-03.txt,182,諜報員セリフ◇はい,はい　..<TYPE interval=68>わかりました,是 ･･････<TYPE interval=68>明白了
5-03.txt,197,荒山セリフ◇軍と古痕,<TYPE interval=68>軍と古痕のほうは..<BR>こっちで対処しよう,<TYPE interval=68>军方和古痕那边･･････<BR>由我们来应对吧
5-03.txt,201,荒山セリフ◇このまま,<TYPE interval=65>このまま<BR>トントン拍子でいかれては..<BR>手が出せなくなる,<TYPE interval=65>要是就这么<BR>让他们顺风顺水下去･･････<BR>我们就无从下手了
5-03.txt,216,荒山セリフ◇久しぶりに,<TYPE interval=88>久しぶりに古い知り合いに..<BR>会ってみるとするか,<TYPE interval=88>时隔许久，去拜访一下<BR>･･････老相识吧
5-04-01.txt,7,エマセリフ◇緊張,<TYPE interval=80>緊張するね,<TYPE interval=80>真紧张呢
5-04-01.txt,9,沙友セリフ◇うん,<TYPE interval=68>うん　<BR>..きんちょー<BR>する<TYPE interval=60>･･････,<TYPE interval=68>嗯　<BR>･･････好紧〜张<BR>啊<TYPE interval=60>･･････
5-04-01.txt,11,透花セリフ◇久しぶり,"<TYPE interval=70>久しぶりだしね,<BR>なまってたら..<BR>どうしよう･･････","<TYPE interval=70>毕竟好久没弄了,<BR>要是生疏了･･････<BR>可怎么办啊･･････"
5-04-01.txt,13,エマセリフ◇ね,ね,对吧
5-04-01.txt,56,スピーカセリフ◇そろそろ,<TYPE interval=70>そろそろポッドに...<BR>入ってくれるかい,<TYPE interval=70>差不多该进舱了･･････<BR>能进去吗？
5-04-01.txt,65,沙友セリフ◇わぁあ～,"<TYPE interval=80><FONT size=20 face=""MS ゴシック"">わぁあ～","<TYPE interval=80><FONT size=20 face=""MS ゴシック"">哇啊〜"
5-04-01.txt,72,エマセリフ◇よーし,"<TYPE interval=70><FONT size=16 face=""MS ゴシック\>よーし<BR>..<TYPE interval=40>やるか！","<TYPE interval=70><FONT size=16 face=""MS ゴシック\>好——<BR>･･････<TYPE interval=40>上吧！"
5-04-01.txt,78,透花セリフ◇うん,うん,嗯
5-04-03.txt,11,津名川セリフ◇どう？,どう？,怎么样？
5-04-03.txt,17,研究員Cセリフ◇導電高分子,<TYPE interval=60>..導電高分子ポリマーの<BR>過渡特性が..すごく良く<BR>なってます,<TYPE interval=60>･･････导电高分子聚合物的<BR>过渡特性･･････<BR>变得相当出色呢
5-04-03.txt,23,研究員Cセリフ◇これ……,"これ<TYPE interval=60>･･････</TYPE>,<BR><TYPE interval=67>神経信号と力のカーブ..<BR>なんですけど","这个<TYPE interval=60>･･････</TYPE>,<BR><TYPE interval=67>是神经信号与输出力量的曲线･･････<BR>呢"
5-04-03.txt,42,津名川セリフ◇ほとんど,<TYPE interval=67>ほとんど一致してるね,<TYPE interval=67>几乎完全一致呢
5-04-03.txt,46,津名川セリフ◇実戦の,<TYPE interval=55>実戦の経験が..<BR>影響してるんだろうか,<TYPE interval=55>是实战经验･･････<BR>产生的影响吗
5-04-03.txt,50,研究員Cセリフ◇透花ちゃん,<TYPE interval=60>透花ちゃんの能力値が...<BR>一番高く安定してますね,<TYPE interval=60>透花的能力值･･････<BR>最高，也最稳定呢
5-04-03.txt,63,研究員Cセリフ◇エマちゃん,<TYPE interval=55>エマちゃんは高いですが<BR>..ばらつきがありますし,<TYPE interval=55>艾玛的数值虽然也高<BR>･･････但波动比较大
5-04-03.txt,67,研究員Cセリフ◇さ,<TYPE interval=50>沙友ちゃんは...ぽつぽつと<BR>飛び出ているものがある<BR>...って感じですか,<TYPE interval=50>沙友的话･･････有几点<BR>零星突出的数值･･････<BR>大概是这种感觉吧
5-04-03.txt,86,津名川セリフ◇さすがに,<TYPE interval=65>さすがに..今までの古痕の研究も...<BR>伊達じゃなかった..ってとこか,<TYPE interval=65>果然･･････至今为止古痕的研究･･････<BR>也不是白做的･･････啊
5-04-03.txt,101,津名川セリフ◇……基底,<TYPE interval=65>･･･基底遺伝子の差が<BR>..出ているんだな,<TYPE interval=65>･･････基底基因的差异<BR>･･････体现出来了啊
5-04-03.txt,117,津名川セリフ◇そもそも,<TYPE interval=65>そもそもこの計画では<BR>２体のエクストラを作る予定だった,<TYPE interval=65>其实这个计划原本<BR>只打算制造两体Extra
5-04-03.txt,122,津名川セリフ◇高宮,<TYPE interval=65>高宮と同じく　..<BR>古痕が保管する優秀遺伝子を使って,<TYPE interval=65>和高宫一样･･････<BR>使用古痕保管的优秀基因
5-04-03.txt,136,津名川セリフ◇だが,<TYPE interval=70>だが..研究の初期で　ある日...<BR>一体の遺伝子が他の遺伝子と差し替えられる<BR>..という事件が起こった,<TYPE interval=70>但在研究初期的某一天･･････<BR>其中一体的基因被替换成了其他基因･･････<BR>发生了这样一起事件
5-04-03.txt,143,津名川セリフ◇それは,<TYPE interval=77>それは肉体的欠陥を<BR>持ったものだったが,<TYPE interval=77>那原本是个<BR>带有肉体缺陷的个体
5-04-03.txt,148,津名川セリフ◇その,<TYPE interval=77>科学者的好奇心から<BR>...その遺伝子を少しだけ組替えし..<BR>そのまま育てることにした,<TYPE interval=77>但出于科学家的好奇心<BR>･･････我对那组基因进行了些许重组･･････<BR>决定就这样将其培育长大
5-04-03.txt,166,津名川セリフ◇エマ,<TYPE interval=77>それがエマだ,<TYPE interval=77>那就是艾玛
5-04-03.txt,185,津名川セリフ◇そして,<TYPE interval=77>３人目のエクストラは　..<BR>僕の一存で入れたものだ,<TYPE interval=77>至于第三体Extra･･････<BR>是我凭一己之见决定加入的
5-04-03.txt,191,津名川セリフ◇も,<TYPE interval=75>もちろん報告書には<BR>...もっともらしい理由をつけはしたが,<TYPE interval=75>当然，在报告书里<BR>･･････我还是编了个冠冕堂皇的理由
5-04-03.txt,205,津名川セリフ◇僕は彼女,僕は彼女たちに<BR>何を望んでいるんだろう,我究竟对她们<BR>期望着什么呢
5-04-04.txt,15,研究員セリフ◇高宮研,<TYPE interval=67>高宮研からのデータです....<BR>さっききました,<TYPE interval=67>这是高宫研究所发来的数据･･････<BR>刚刚送到的
5-04-04.txt,21,津名川セリフ◇凄い,<TYPE interval=68>凄いスペックだな<BR>ふむ<TYPE interval=40>･･････,<TYPE interval=68>规格真高啊<BR>嗯<TYPE interval=40>･･････
5-04-04.txt,25,津名川セリフ◇プ,<TYPE interval=68>新しいプログラムを使用<BR><TYPE interval=40>･･････</TYPE>か,<TYPE interval=68>使用了新程序<BR><TYPE interval=40>･･････</TYPE>吗
5-04-04.txt,29,津名川セリフ◇どういう,<TYPE interval=65>どういうものか...<BR>わかるかい？,<TYPE interval=65>具体是什么东西･･････<BR>能看明白吗？
5-04-04.txt,40,研究員セリフ◇現在,<TYPE interval=55><FONT size=15>現在分析中ですし...<BR>詳しく資料を読んでいないので..<BR>なんともいえませんが<TYPE interval=60>･･･,<TYPE interval=55><FONT size=15>现在还在分析中･･････<BR>而且我也还没仔细读过资料･･････<BR>所以还不好说<TYPE interval=60>･･････
5-04-04.txt,44,研究員セリフ◇単純に,<TYPE interval=67><FONT size=15>単純に言うと..<BR>脳の情報処理システムの<BR>最適化　..のようですね,<TYPE interval=67><FONT size=15>简单来说･･････<BR>似乎是对大脑信息处理系统<BR>进行了最优化･･････呢
5-04-04.txt,52,研究員セリフ◇フォーサイト,<TYPE interval=70>『フォーサイト』とは..<BR>よく名づけましたよ,<TYPE interval=70>“Foresight”吗･･････<BR>真是个好名字啊
5-04-04.txt,56,研究員セリフ◇情報処理,<TYPE interval=60>情報処理能力の向上から<BR>得られるメリットは..<BR>絶大ですしね,<TYPE interval=60>信息处理能力的提升<BR>所带来的好处･･････<BR>可是非常巨大的呢
5-04-04.txt,68,研究員セリフ◇この結果,<TYPE interval=67>この結果から<BR>..推測される処理能力じゃ,<TYPE interval=67>从这个结果<BR>･･････推测出的处理能力啊
5-04-04.txt,72,研究員セリフ◇相手,<TYPE interval=67>相手の行動の予測も<BR>...出来るでしょうね,<TYPE interval=67>连对方行动的预测<BR>･･････也能做到吧
5-04-04.txt,84,津名川セリフ◇プログラム,<TYPE interval=67>プログラムの開発者は<BR><TYPE interval=60>･･･</TYPE>K・.Atsuko？,<TYPE interval=67>程序的开发者是<BR><TYPE interval=60>･･････</TYPE>K・Atsuko？
5-04-04.txt,90,津名川セリフ◇誰,<TYPE interval=67>誰か知っている人<BR>いるかい？,<TYPE interval=67>有谁知道这个人<BR>吗？
5-04-04.txt,101,研究員セリフ◇高宮研の,<TYPE interval=65>高宮研の秘蔵っ子ですよ....<BR>何でもIＱ２００以上<BR>..なんだとか,<TYPE interval=65>是高宫研的得意门生哦･･････<BR>听说IQ在200以上<BR>･･････呢
5-04-04.txt,105,研究員セリフ◇知能指数,<TYPE interval=56>知能指数に特化した..<BR>一体目のエクストラだ...<BR>なんて噂もありますけど,<TYPE interval=56>也有传闻说･･････<BR>她是专门针对智力特化的<BR>第一体Extra･･････呢
5-04-04.txt,109,研究員セリフ◇まだ,<TYPE interval=67>まだティーンエイジの..<BR>女の子らしいですね,<TYPE interval=67>好像还是个<BR>十几岁的女孩子呢
5-04-04.txt,113,津名川セリフ◇１０代か,"<TYPE interval=67>１０代か　,<BR>それは凄いな<TYPE interval=60>･･･","<TYPE interval=67>十几岁吗,<BR>那可真了不起<TYPE interval=60>･･････"
5-04-04.txt,130,研究員セリフ◇でも,<TYPE interval=86>でもちょっと<BR>..怖いですね,<TYPE interval=86>不过总觉得<BR>･･････有点可怕呢
5-04-04.txt,134,研究員セリフ◇これって,<TYPE interval=77>これってようは..<BR>脳改造のようなものですし...<BR>直接ではないにしろ,<TYPE interval=77>这说白了･･････<BR>就跟脑改造差不多･･････<BR>虽然并不是直接的
5-04-04.txt,142,津名川セリフ◇そうだな,そうだな<TYPE interval=60>･･･</TYPE><BR>脳の機能的にはむしろ<BR>退化させてる感じか,是啊<TYPE interval=60>･･････</TYPE><BR>从大脑功能上来说<BR>反而像是在使其退化吗
5-04-04.txt,146,研究員セリフ◇……よく,<TYPE interval=60>･･･</TYPE>よく思い切りましたね　..<BR>高宮研も,<TYPE interval=60>･･････</TYPE>高宫研也<BR>･･････真是够果断的啊
5-04-04.txt,159,津名川セリフ◇感情の,<TYPE interval=75>感情の持ち方の違いさ,<TYPE interval=75>只是对待她们的态度不同罢了
5-04-04.txt,165,津名川セリフ◇彼女は,<TYPE interval=75>彼女はエクストラたちを<BR>その目的どおり武器として<BR>扱っているし,<TYPE interval=75>她完全是把Extra们<BR>当作实现目的的手段<BR>当作武器来对待的
5-04-04.txt,169,津名川セリフ◇こ,<TYPE interval=75>こっちは<BR>そう思っていない,<TYPE interval=75>而我们<BR>并不这么想
5-04-04.txt,173,津名川セリフ◇ただそれ,ただそれだけのことさ,仅此而已
5-04-04.txt,187,研究員セリフ◇でも今,<TYPE interval=65>でも今　..実戦テストを<BR>やるって事になると<BR>ツライですね,<TYPE interval=65>但现在･･････<BR>要是真得进行实战测试的话<BR>可就难办了啊
5-04-04.txt,191,研究員セリフ◇これだけ,<TYPE interval=67>これだけ差が<BR>ついていると<TYPE interval=60>･･･,<TYPE interval=67>差距<BR>都这么大了<TYPE interval=60>･･････
5-04-04.txt,195,津名川セリフ◇そうなった,<TYPE interval=77>そうなったらそうなったさ,<TYPE interval=77>真到了那一步再说吧
5-04-05.txt,13,透花セリフ◇御主人様,<TYPE interval=67>御主人様,<TYPE interval=67>主人
5-04-05.txt,19,津名川セリフ◇ああ,<TYPE interval=7>ああ　.透花か...<BR>テストは？,<TYPE interval=7>啊。是透花啊･･････<BR>测试怎么样了？
5-04-05.txt,25,透花セリフ◇終わり,<TYPE interval=86>終わりました,<TYPE interval=86>已经结束了
5-04-05.txt,29,津名川セリフ◇ご苦労,<TYPE interval=77>ご苦労様,<TYPE interval=77>辛苦了
5-04-05.txt,44,津名川セリフ◇エマと,<TYPE interval=75>エマと沙友は？,<TYPE interval=75>艾玛和沙友呢？
5-04-05.txt,48,透花セリフ◇エマは,<TYPE interval=66>エマは納得が<BR>いかないって言って..<BR>もう一度やってます,<TYPE interval=66>艾玛说<BR>自己还不太满意･･････<BR>正在重做呢
5-04-05.txt,52,透花セリフ◇沙友は,<TYPE interval=57>沙友はそれに..楽しそうに<BR>付き添っています,<TYPE interval=57>沙友则在一旁･･････<BR>很开心地陪着她
5-04-05.txt,56,透花セリフ◇呼んで,<TYPE interval=77>呼んで来ますか？,<TYPE interval=77>要把她们叫过来吗？
5-04-05.txt,77,津名川セリフ◇いや,<TYPE interval=80>いや　..いいよ,<TYPE interval=80>不･･････不用了
5-04-05.txt,83,津名川セリフ◇自発的,<TYPE interval=65>自発的な行動は...<BR>阻害はしたくは無いしね,<TYPE interval=65>自发性的行动...<BR>毕竟我也不想阻碍呢
5-04-05.txt,88,透花セリフ◇はい,<TYPE interval=67>はい,<TYPE interval=67>好的
5-04-05.txt,115,津名川セリフ◇透花,<TYPE interval=77>透花はどうだった？,<TYPE interval=77>透花感觉怎么样？
5-04-05.txt,121,透花セリフ◇いつも,<TYPE interval=67>いつも通りに<BR>やれたと思います,<TYPE interval=67>我觉得<BR>发挥出了平时的水准
5-04-05.txt,138,津名川セリフ◇う,<TYPE interval=80>うん....<BR>この前もそうだけど,<TYPE interval=80>嗯･･････<BR>上次也是这样
5-04-05.txt,144,津名川セリフ◇研究,<TYPE interval=67>研究員たちもみんな<BR>...透花のことを誉めていたよ,<TYPE interval=67>研究员们<BR>･･････也都在夸透花哦
5-04-05.txt,148,津名川セリフ◇一番安定,<TYPE interval=65>一番安定しているって,<TYPE interval=65>说你的表现最稳定
5-04-05.txt,152,津名川セリフ◇安定,<TYPE interval=55>安定しているって言うのは..<BR>大切なことなんだ,<TYPE interval=55>所谓稳定･･････<BR>可是非常重要的事情啊
5-04-05.txt,173,透花セリフ◇御主人様は,<TYPE interval=65>御主人様は<TYPE interval=60>･･･</TYPE><BR>...どうです？,<TYPE interval=65>主人您<TYPE interval=60>･･････</TYPE><BR>･･････觉得呢？
5-04-05.txt,179,津名川セリフ◇ん？,ん？,嗯？
5-04-05.txt,185,透花セリフ◇私が,私が<TYPE interval=40>･･････</TYPE><TYPE interval=57><BR>よく出来たと<BR>思いますか？,您觉得<TYPE interval=40>我</TYPE><TYPE interval=57><BR>･･････<BR>表现得很好吗？
5-04-05.txt,200,津名川セリフ◇透花はよく,<TYPE interval=67>透花はよく<BR>..頑張っているよ,<TYPE interval=67>透花做得<BR>･･････很好哦
5-04-05.txt,205,選択肢◇自慢の娘,<TYPE interval=0><FONT color=red>自慢の娘さ</FONT>,<TYPE interval=0><FONT color=red>是我引以为傲的女儿</FONT>
5-04-05.txt,206,選択肢◇自慢の弟子,<TYPE interval=0><FONT color=red>自慢の弟子さ</FONT>,<TYPE interval=0><FONT color=red>是我引以为傲的弟子</FONT>
5-04-05.txt,207,選択肢◇自慢のパートナー,<TYPE interval=0><FONT color=red>自慢のパートナーさ</FONT>,<TYPE interval=0><FONT color=red>是我引以为傲的搭档</FONT>
5-04-05.txt,219,津名◇選択,自慢の娘さ,是我引以为傲的女儿
5-04-05.txt,231,津名◇選択,自慢の弟子さ,是我引以为傲的弟子
5-04-05.txt,242,津名◇選択,自慢のパートナーさ,是我引以为傲的搭档
5-04-05.txt,263,透花セリフ◇ふふ,ふふ,呵呵
5-04-05.txt,269,透花セリフ◇そうですか,そうですか<TYPE interval=60>･･･,这样啊<TYPE interval=60>･･････
5-04-05.txt,279,透花セリフ◇そう…,<FONT size=15><TYPE interval=60>そう<TYPE interval=40>･･･<BR></TYPE>ですか,<FONT size=15><TYPE interval=60>这样<TYPE interval=40>･･････<BR></TYPE>啊
5-04-05.txt,285,透花セリフ◇…,<FONT size=15>･･････,<FONT size=15>･･････
5-04-05.txt,295,透花セリフ◇パートナー,パートナー<TYPE interval=60>････,搭档<TYPE interval=60>･･････
5-04-05.txt,301,透花セリフ◇えへ,<TYPE interval=50><FONT size=15>えへ,<TYPE interval=50><FONT size=15>诶嘿
5-04-06.txt,16,上代セリフ◇やっ,<TYPE interval=20>やっ,<TYPE interval=20>哟
5-04-06.txt,21,津名川セリフ◇ん,<TYPE interval=77>ん..　上代か..<BR>どうしたんだ..　<BR>こんなところまで来て,<TYPE interval=77>嗯･･････ 是上代啊･･････<BR>怎么了･･････　<BR>跑到这种地方来
5-04-06.txt,25,上代セリフ◇そりゃあ,<TYPE interval=65>そりゃあ～,<TYPE interval=65>那当然是〜
5-04-06.txt,29,上代セリフ◇私,<TYPE interval=65>私の愛しい透花ちゃんに..<BR>会いにさ,<TYPE interval=65>来见我心爱的透花酱･･････<BR>啦
5-04-06.txt,44,上代セリフ◇君,<TYPE interval=55>君の研究所が壊れてから...<BR>ずっと会えなかったし,<TYPE interval=55>自从你的研究所被毁后･･････<BR>就一直没见着面呢
5-04-06.txt,48,上代セリフ◇津名川,<TYPE interval=65>津名研再起動の<BR>..お祝いを兼ねて　...ね,<TYPE interval=65>顺便也庆祝一下<BR>･･････津名研重启･･････呢
5-04-06.txt,52,津名川セリフ◇お祝い,"<TYPE interval=67>お祝いを兼ねて<BR>,ねぇ<TYPE interval=40>･･････",<TYPE interval=67>顺便庆祝一下<BR>是吧<TYPE interval=40>･･････
5-04-06.txt,69,上代セリフ◇透花,"<TYPE interval=20><FONT size=19 face=""MS ゴシック\>透花ちゃ～ん..","<TYPE interval=20><FONT size=19 face=""MS ゴシック\>透花酱〜･･････"
5-04-06.txt,80,上代セリフ◇ひ,<TYPE interval=45>ひーさしーぶり～！,<TYPE interval=45>好久不见〜！
5-04-06.txt,84,上代セリフ◇相変わらず,<TYPE interval=55>相変わらずかわいいねぇ<TYPE interval=60>･･･</TYPE>...<BR>元気だった？,<TYPE interval=55>还是那么可爱呢<TYPE interval=60>･･････</TYPE>･･････<BR>最近好吗？
5-04-06.txt,88,透花セリフ◇あっ,"<TYPE interval=40>あっ<TYPE interval=30>･･･,</TYPE><TYPE interval=75><BR>お久しぶりです<BR>...上代さん",<TYPE interval=40>啊<TYPE interval=30>･･････</TYPE><TYPE interval=75><BR>好久不见<BR>･･････上代先生
5-04-06.txt,112,沙友セリフ◇せんせ～い,"<TYPE interval=40><FONT size=18 face=""MS ゴシック\>せんせ～い～と","<TYPE interval=40><FONT size=18 face=""MS ゴシック\>老〜师〜和"
5-04-06.txt,114,沙友セリフ◇かみしろ,"<TYPE interval=40><FONT size=18 face=""MS ゴシック\>かみしろさんで<TYPE interval=500 speed=500 style=Spring>～</TYPE>す","<TYPE interval=40><FONT size=18 face=""MS ゴシック\>上代先生<TYPE interval=500 speed=500 style=Spring>〜</TYPE>哟"
5-04-06.txt,136,津名川セリフ◇２人も,<TYPE interval=60>２人とも終わったか,<TYPE interval=60>你们俩都结束了吗
5-04-06.txt,143,津名川セリフ◇今日は,"<TYPE interval=60>今日はどうだった？,<BR>新しいテストプログラムだったろ",<TYPE interval=60>今天感觉怎么样？<BR>不是新的测试程序吗
5-04-06.txt,158,エマセリフ◇ぜーんぜん,"<FONT face=""MS ゴシック"" size=18><TYPE interval=20>ぜーんぜん<BR>平気！！","<FONT face=""MS ゴシック"" size=18><TYPE interval=20>完〜全<BR>没问题！！"
5-04-06.txt,164,透花セリフ◇でも,<TYPE interval=67>でも　..やっぱり<BR>強かったです<TYPE interval=60>･･････,<TYPE interval=67>不过 ･･････果然<BR>还是很强呢<TYPE interval=60>･･････
5-04-06.txt,180,沙友セリフ◇さゆは,<TYPE interval=57>さゆはあのおちゅうしゃ<BR>...きらいなんですよ,<TYPE interval=57>沙友讨厌那种针<BR>･･････啦
5-04-06.txt,186,沙友セリフ◇あれ,<TYPE interval=67>あれはもうしない？,<TYPE interval=67>以后不用打那个了吗？
5-04-06.txt,196,津名川セリフ◇……あ,･･････ああ<BR>..<TYPE interval=80>血液採取の注射かあ･･････,･･････啊啊<BR>･･････<TYPE interval=80>是抽血用的针头啊･･････
5-04-06.txt,200,津名川セリフ◇じゃ,<TYPE interval=55>じゃあ　..今度からもうすこし<BR>小さいのにして貰うように<BR>頼んでおくよ,<TYPE interval=55>那 ･･････下次我让他们<BR>换个小一号的针头<BR>吧
5-04-06.txt,204,沙友セリフ◇ぅん,ぅん<TYPE interval=60>･･･,嗯<TYPE interval=60>･･････
5-04-06.txt,224,上代セリフ◇君達は,<TYPE interval=50>君達はかわいいねぇ,<TYPE interval=50>你们真可爱呢
5-04-06.txt,230,津名川セリフ◇そうだ,<TYPE interval=70>そうだろう<BR>..そうだろう,<TYPE interval=70>是啊<BR>･･････是啊
5-04-06.txt,236,津名川セリフ◇それじゃ,<TYPE interval=56>それじゃ　..お前達　..<BR>そろそろ検査があるから<BR>服を着ておいで,<TYPE interval=56>好了 ･･････你们俩 ･･････<BR>差不多该检查了<BR>去把衣服穿好吧
5-04-06.txt,240,３人セリフ◇はぁーい,"<TYPE interval=80><FONT size=18 face=""MS ゴシック"">はぁ<TYPE interval=500 speed=500 style=Spring>ー</TYPE>い","<TYPE interval=80><FONT size=18 face=""MS ゴシック"">好<TYPE interval=500 speed=500 style=Spring>〜</TYPE>的"
5-04-06.txt,257,上代セリフ◇あ,"<TYPE interval=75>あ　..透花ちゃん,<BR><TYPE interval=45>おいでおいで","<TYPE interval=75>啊 ･･････透花酱,<BR><TYPE interval=45>过来过来"
5-04-06.txt,265,透花セリフ◇え,<TYPE interval=80>え　..はい？,<TYPE interval=80>诶 ･･････什么事？
5-04-06.txt,268,上代セリフ◇よしよし,<TYPE interval=55>よしよし..<BR>津名川にえっちなこととか<BR>強制されてないかい？,<TYPE interval=55>乖啦乖啦･･････<BR>津名川有没有强迫你<BR>做色色的事啊？
5-04-06.txt,278,透花セリフ◇え？,"<FONT size=15><TYPE interval=68>え？,<BR>あっ　..あの<TYPE interval=60>･･･",<FONT size=15><TYPE interval=68>诶？<BR>啊 ･･････那个<TYPE interval=60>･･････
5-04-06.txt,287,選択①,<TYPE interval=0><FONT color=blue>きょ･･･せいは<BR>されてない･･･です･･････</FONT>,<TYPE interval=0><FONT color=blue>没、没有被<BR>强迫･･････</FONT>
5-04-06.txt,288,選択②,<TYPE interval=0><FONT color=blue>ちょ･･･っと<BR>だけ･･････</FONT>,<TYPE interval=0><FONT color=blue>只、只有一点点<BR>･･････</FONT>
5-04-06.txt,312,透花◇選択,ちょ･･･っと<BR>だけ･･････,只、只有一点点<BR>･･････
5-04-06.txt,333,選択①,<TYPE interval=0><FONT color=blue>きょ･･･せいは<BR>されてない･･･です･･････</FONT>,<TYPE interval=0><FONT color=blue>没、没有被<BR>强迫･･････</FONT>
5-04-06.txt,334,選択②,<TYPE interval=0><FONT color=blue>ちょ･･･っと<BR>だけ･･････</FONT>,<TYPE interval=0><FONT color=blue>只、只有一点点<BR>･･････</FONT>
5-04-06.txt,358,透花◇選択,きょ･･･せいは<BR>されてない･･･です･･････,没、没有被<BR>强迫･･････
5-04-06.txt,385,津名川セリフ◇なっ,<TYPE interval=35>なっ　いきなり<BR>なんてことを言うんだ！,<TYPE interval=35>喂、喂，你突然之间<BR>在说什么啊！
5-04-06.txt,391,津名川セリフ◇いい,<TYPE interval=45>いいかげんにしろ上代！,<TYPE interval=45>适可而止吧上代！
5-04-06.txt,395,上代セリフ◇冗談,<TYPE interval=50>冗談だってば～,<TYPE interval=50>开玩笑的啦〜
5-04-06.txt,402,上代セリフ◇か,<TYPE interval=60>かわいいから<BR>心配なんだもーん,<TYPE interval=60>因为太可爱了<BR>才会担心嘛〜
5-04-06.txt,412,上代セリフ◇私,<TYPE interval=55>私が津名川だったら...<BR>襲わない自信無いしさ～,<TYPE interval=55>如果我是津名川的话･･････<BR>可没自信能忍住不去袭击她哦〜
5-04-06.txt,416,津名川セリフ◇シャレ,<TYPE interval=67>シャレにならん奴だ<TYPE interval=60>･･･,<TYPE interval=67>这玩笑可开不起啊<TYPE interval=60>･･････
5-04-06.txt,431,上代セリフ◇なにして,"<FONT size=18 face=""MS ゴシック""><TYPE interval=20>なにしてんだ<BR>津名川～！","<FONT size=18 face=""MS ゴシック""><TYPE interval=20>你在干什么啊<BR>津名川〜！"
5-04-06.txt,446,津名川セリフ◇なんで,<TYPE interval=30>なんでお前にそんな事<BR>言われなくちゃいけないんだよ！,<TYPE interval=30>凭什么我要被你<BR>说这种话啊！
5-04-06.txt,470,上代セリフ◇う,<TYPE interval=60>う　...うう<TYPE interval=40>･･････,<TYPE interval=60>呜･･････呜呜<TYPE interval=40>･･････
5-04-06.txt,478,上代セリフ◇私の,<TYPE interval=65>私の透花ちゃんが<BR>...汚されちゃったよ～,<TYPE interval=65>我的透花酱<BR>･･････被弄脏了哦〜
5-04-06.txt,482,津名川セリフ◇…,<TYPE interval=60>･･････,<TYPE interval=60>･･････
5-04-06.txt,501,透花セリフ◇あのでも,<TYPE interval=77>あのでも　..でも<BR>...全然そんな･･･,<TYPE interval=77>那个，可是･･････可是<BR>･･････完全没有那种･･････
5-04-06.txt,507,透花セリフ◇汚れる,<TYPE interval=70>汚されるとか<BR>じゃないです<TYPE interval=40>･･････,<TYPE interval=70>不是被弄脏<BR>什么的<TYPE interval=40>･･････
5-04-06.txt,510,透花セリフ◇嬉しい,<TYPE interval=44>嬉しいし<TYPE interval=20>･･････,<TYPE interval=44>其实挺高兴的<TYPE interval=20>･･････
5-04-06.txt,525,上代セリフ◇え？,"<TYPE interval=66>え？,<BR>そうなの？",<TYPE interval=66>诶？<BR>是吗？
5-04-06.txt,544,上代セリフ◇なんだ,<TYPE interval=40>なんだぁ～....<BR>びっくりしたよ～,<TYPE interval=40>什么嘛〜･･････<BR>吓我一跳〜
5-04-06.txt,551,上代セリフ◇でも,<TYPE interval=55>でもじゃあ<BR>..ちょっとだけって<TYPE interval=30>･･･</TYPE><BR><TYPE interval=66>お風呂入ったりとか？,<TYPE interval=55>那也就是说<BR>･･････只有一点点是指<TYPE interval=30>･･････</TYPE><BR><TYPE interval=66>一起洗澡之类的吗？
5-04-06.txt,560,津名川セリフ◇もういい,<TYPE interval=20>もういいだろ<BR>..そんなことは！,<TYPE interval=20>行了吧<BR>･･････别扯这些了！
5-04-06.txt,567,上代セリフ◇え～,<TYPE interval=33>え～<BR>...気になるじゃーん･･･,<TYPE interval=33>诶〜<BR>･･････人家就是好奇嘛･･････
5-04-06.txt,578,透花セリフ◇ごめん,<TYPE interval=77>ごめんなさい...<BR>変な事言って･･･,<TYPE interval=77>对不起･･････<BR>说了些奇怪的话･･････
5-04-06.txt,582,上代セリフ◇いや,<TYPE interval=65>いや　..いいの<BR>謝らなくていいんだよ....<BR>悪いのはこの人,<TYPE interval=65>不･･････没关系<BR>不用道歉的･･････<BR>错的是这个人
5-04-06.txt,592,透花セリフ◇ご主人様,<TYPE interval=88>ご主人様は..<BR>悪くないです,<TYPE interval=88>主人･･････<BR>没有错
5-04-06.txt,595,上代セリフ◇透花ちゃ,<TYPE interval=65>透花ちゃんは..<BR>いいコだからな～,<TYPE interval=65>透花酱･･････<BR>真是个好孩子呢〜
5-04-06.txt,609,上代セリフ◇あ,<TYPE interval=59>あ　...えっ<BR>.そう？,<TYPE interval=59>啊･･････诶<BR>是吗？
5-04-06.txt,612,透花セリフ◇わ…た,<TYPE interval=77>わ･･･たしも<BR>えっち･･･だし<TYPE interval=34>･･････,<TYPE interval=77>我、我也<BR>很好色･･････呢<TYPE interval=34>･･････
5-04-06.txt,619,津名川セリフ◇なっ,<TYPE interval=35>なっ　いきなり<BR>なんてことを言うんだ！,<TYPE interval=35>喂、喂，你突然之间<BR>在说什么啊！
5-04-06.txt,624,津名川セリフ◇いい,<TYPE interval=45>いいかげんにしろ上代！,<TYPE interval=45>适可而止吧上代！
5-04-06.txt,627,上代セリフ◇冗談,<TYPE interval=50>冗談だってば～,<TYPE interval=50>开玩笑的啦〜
5-04-06.txt,632,上代セリフ◇か,<TYPE interval=60>かわいいから<BR>心配なんだもーん,<TYPE interval=60>因为太可爱了<BR>才会担心嘛〜
5-04-06.txt,641,上代セリフ◇私,<TYPE interval=55>私が津名川だったら...<BR>襲わない自信無いしさ～,<TYPE interval=55>如果我是津名川的话･･････<BR>可没自信能忍住不去袭击她哦〜
5-04-06.txt,644,津名川セリフ◇シャレ,<TYPE interval=67>シャレにならん奴だ<TYPE interval=60>･･･,<TYPE interval=67>这玩笑可开不起啊<TYPE interval=60>･･････
5-04.txt,15,研究員Aセリフ◇ご苦労様,<TYPE interval=78><FONT size=15>ご苦労様です　..<BR>津名川さん,<TYPE interval=78><FONT size=15>辛苦了･･････<BR>津名川先生
5-04.txt,24,津名川セリフ◇うん,"<TYPE interval=65><FONT size=15>うん,<BR>セットアップは..<BR>出来ているかな","<TYPE interval=65><FONT size=15>嗯,<BR>设置･･････<BR>准备好了吗"
5-04.txt,29,研究員Bセリフ◇昨日から,"<FONT size=15><TYPE interval=55>昨日から寝ずに　..ですよ,<BR>もう少し効率化を..<BR>進めたいところです",<FONT size=15><TYPE interval=55>从昨天起就一直没睡･･････<BR>我也想再稍微推进一下･･････<BR>效率优化
5-04.txt,33,研究員Bセリフ◇鄭さんとか,<TYPE interval=65><FONT size=15>鄭さんとかは<BR>３日前からって<BR>ところですか,<TYPE interval=65><FONT size=15>郑先生他们･･････<BR>好像是三天前･･････<BR>就开始了吧
5-04.txt,37,津名川セリフ◇はは,<TYPE interval=85><FONT size=15>はは　...お疲れ,<TYPE interval=85><FONT size=15>哈哈･･････辛苦了
5-04.txt,52,研究員Aセリフ◇あ,<TYPE interval=65><FONT size=15>あ　..そういえば<BR>..軍の方から実戦テストを<BR>見せろと圧力があるとか,"<TYPE interval=65><FONT size=15>啊･･････说起来,<BR>军方那边好像･･････<BR>在施压要求展示实战测试"
5-04.txt,58,津名川セリフ◇まだ,<TYPE interval=65><FONT size=15>まだ研究は...<BR>初期段階なのにな,<TYPE interval=65><FONT size=15>明明研究还･･････<BR>处于初期阶段啊
5-04.txt,64,津名川セリフ◇数値,<TYPE interval=65><FONT size=15>数値を出しすぎるのは...<BR>良くないのかも,<TYPE interval=65><FONT size=15>数值出得太高･･････<BR>可能也不是什么好事
5-04.txt,77,研究員Aセリフ◇現在,<TYPE interval=55><FONT size=15>現在のデータだけでも<BR>十分に認められてる<BR>って事じゃないですか？,<TYPE interval=55><FONT size=15>光是现有的数据･･････<BR>就足以获得认可了･･････<BR>不是吗？
5-04.txt,81,津名川セリフ◇それは,<TYPE interval=65><FONT size=15>それはそうかも<BR>しれないけど<TYPE interval=40>･･････,<TYPE interval=65><FONT size=15>话虽如此･･････<BR>不过<TYPE interval=40>･･････
5-04.txt,107,津名川セリフ◇最初,<TYPE interval=77>最初はこの子達を..<BR>実戦に,<TYPE interval=77>最初可没想过･･････<BR>要把这些孩子投入实战
5-04.txt,109,津名川セリフ◇なんて,<TYPE interval=75>なんて考えもして<BR>なかったからね,<TYPE interval=75>压根儿没往那方面<BR>想过啊
5-04.txt,111,研究員Aセリフ◇そうですね,<TYPE interval=75>そうですね<TYPE interval=60>･･････,<TYPE interval=75>也是呢<TYPE interval=60>･･････
5-04.txt,113,研究員Aセリフ◇ここ,<TYPE interval=65>ここ数年の成果は...<BR>凄いものがありますから,<TYPE interval=65>毕竟这几年的成果･･････<BR>确实相当惊人啊
5-04.txt,142,研究員Aセリフ◇でも一番,<TYPE interval=75>でも一番途惑ってるのは..<BR>あの子達かもしれませんね,<TYPE interval=75>不过最感到无所适从的･･････<BR>恐怕是那些孩子们吧
5-04.txt,144,津名川セリフ◇その通り,<TYPE interval=65>その通りさ.....<BR>今更ながら軍事研究なんだって...<BR>思い知らされるよ,<TYPE interval=65>说得没错･･････<BR>事到如今才让人深刻体会到･･････<BR>这终究是军事研究啊
5-04.txt,146,研究員Bセリフ◇……,<TYPE interval=60>･･････,<TYPE interval=60>･･････
5-04.txt,177,津名川セリフ◇テスト,<TYPE interval=68>テスト　...どれぐらいから<BR>いけるかな,<TYPE interval=68>测试･･････<BR>大概什么时候能开始呢
5-04.txt,185,研究員Bセリフ◇あとは,<TYPE interval=68>あとはネットワークの<BR>チェックだけです....<BR>２　..３分で始められます,<TYPE interval=68>剩下的就只有･･････<BR>网络检查了･･････<BR>两三分钟后就能开始
5-04.txt,189,津名川セリフ◇わかった,<TYPE interval=68>わかった,<TYPE interval=68>明白了
5-05.txt,12,品藤セリフ◇……という,<TYPE interval=40>･･････</TYPE><TYPE interval=55>という結果が..<BR>でているようです,<TYPE interval=40>･･････</TYPE><TYPE interval=55>看来已经･･････<BR>得出结果了
5-05.txt,18,グラハムセリフ◇そうか,<TYPE interval=70>そうか,<TYPE interval=70>这样啊
5-05.txt,31,品藤セリフ◇高宮の方,<TYPE interval=55>高宮の方は...<BR>独自の新しいプログラムを<BR>用意してきましたね,<TYPE interval=55>高宫那边･･････<BR>准备了<BR>独创的新程序呢
5-05.txt,35,グラハムセリフ◇ソフトが,<TYPE interval=65>ソフトが重要なのは..<BR>重々承知だが...<BR>たいしたものだね,<TYPE interval=65>软件很重要这一点..<BR>我虽然非常清楚...<BR>但也还真是了不起呢
5-05.txt,39,グラハムセリフ◇高宮の能力,<TYPE interval=72>高宮の能力は<BR>..すばらしいな,<TYPE interval=72>高宫的能力<BR>･･････真是出色啊
5-05.txt,56,グラハムセリフ◇それ,<TYPE interval=72>それだけに惜しいよ,<TYPE interval=72>正因如此才觉得可惜啊
5-05.txt,62,品藤セリフ◇……,<TYPE interval=60>･･････,<TYPE interval=60>･･････
5-05.txt,70,品藤セリフ◇一体この,<TYPE interval=55>一体この自信は..<BR>何処から来るのかしら,<TYPE interval=55>这份自信･･････<BR>究竟从何而来呢
5-05.txt,85,グラハムセリフ◇不思議かね,<TYPE interval=85>不思議かね,<TYPE interval=85>觉得不可思议吗？
5-05.txt,90,品藤セリフ◇はい？,<TYPE interval=80>はい？,<TYPE interval=80>哎？
5-05.txt,105,グラハムセリフ◇私,<TYPE interval=76>私がだよ,<TYPE interval=76>是我啊
5-05.txt,107,グラハムセリフ◇何か,<TYPE interval=66>今　何か...<BR>思わなかったかい？,<TYPE interval=66>刚才･･････<BR>有没有想到什么？
5-05.txt,109,品藤セリフ◇いつも不思議,<TYPE interval=62>いつも不思議なのですが<BR>...それは読心術ですか？,<TYPE interval=62>我总是觉得很不可思议･･････<BR>･･････那是读心术吗？
5-05.txt,135,グラハムセリフ◇そうであって,<TYPE interval=68>そうであって欲しいが..<BR>残念ながら<BR>...そんなものでは無いな,<TYPE interval=68>我也希望是这样･･････<BR>但很遗憾･･････<BR>･･････并非如此
5-05.txt,139,グラハムセリフ◇私にも,<TYPE interval=66>私にも<BR>..不思議なのだよ,<TYPE interval=66>连我自己･･････<BR>･･････也觉得不可思议
5-05.txt,143,グラハムセリフ◇私には,<TYPE interval=67>私には“それ”が<BR>..見えてしまう,<TYPE interval=67>我能看见･･････<BR>･･････“那个”
5-05.txt,157,グラハムセリフ◇だから,<TYPE interval=77>だから<BR>..こういう組織を<BR>..作ったのだ,<TYPE interval=77>所以･･････<BR>･･････才建立了･･････<BR>･･････这样的组织
5-06.txt,8,品藤セリフ◇あら,<TYPE interval=74>あら　..津名川君,<TYPE interval=74>哎呀･･････津名川君
5-06.txt,28,品藤セリフ◇もう,<TYPE interval=66>もうテストは<BR>終わったの？,<TYPE interval=66>测试已经<BR>结束了吗？
5-06.txt,34,津名川セリフ◇テストは,<TYPE interval=65>テストは終わって...<BR>今から.テスト後の検査さ,<TYPE interval=65>测试倒是结束了･･････<BR>现在要进行测后检查
5-06.txt,40,品藤セリフ◇そう,そう,是吗
5-06.txt,54,品藤セリフ◇３人の調子,<TYPE interval=65>３人の調子は<BR>どうだった？,<TYPE interval=65>她们三个的状态<BR>如何？
5-06.txt,58,津名川セリフ◇元気,<TYPE interval=65>元気――ってやつだな......<BR>予想してたより<BR>うんと良かったよ,<TYPE interval=65>状态很好——算是这样吧･･････<BR>比预想中<BR>要好得多呢
5-06.txt,72,品藤セリフ◇でも高宮研,<TYPE interval=45>でも..高宮研のエクストラには..<BR>敵わないかもしれない,<TYPE interval=45>但是･･････跟高宫研的Extra比起来･･････<BR>可能还是比不过
5-06.txt,77,津名川セリフ◇！,<TYPE interval=25>･･････！,<TYPE interval=25>･･････！
5-06.txt,95,品藤セリフ◇なんて,<TYPE interval=60>なんて思っているん<BR>でしょう？,<TYPE interval=60>你心里是这么想的<BR>吧？
5-06.txt,102,津名川セリフ◇今の時点,<TYPE interval=67>今の時点での結果は<BR>仕方ないよ,<TYPE interval=67>现阶段的结果<BR>也是没办法的事
5-06.txt,108,津名川セリフ◇自分は,<TYPE interval=65>自分はそう思っている,<TYPE interval=65>我是这么认为的
5-06.txt,119,品藤セリフ◇でもそれは,<TYPE interval=55>でもそれは<BR>貴方の考え,<TYPE interval=55>但那只是<BR>你的想法
5-06.txt,123,品藤セリフ◇他の人,<TYPE interval=62>他の人から見れば<BR>...『高宮のエクストラの<BR>　ほうが性能はいい』<BR>..と見られるわね,<TYPE interval=62>在别人看来<BR>･･････“高宫的Extra<BR>　性能更胜一筹”<BR>･･････会这么觉得呢
5-06.txt,138,津名川セリフ◇単にデータ,<TYPE interval=65>単にデータだけを見る人間が<BR>相手じゃないはずさ,<TYPE interval=65>我们的对手<BR>应该不是那种只看数据的人
5-06.txt,144,津名川セリフ◇きっと高宮,<TYPE interval=55>高宮のエクストラと<BR>こっちの彼女達を見比べれば...<BR>その違いはわかると思うが･･･,<TYPE interval=55>如果把高宫的Extra<BR>和这边的她们放在一起比较･･････<BR>我想你应该能看出区别･･････
5-06.txt,155,品藤セリフ◇でも貴方,<TYPE interval=65>でも貴方の大事に<BR>しているものが<BR>いらないといわれたら？,<TYPE interval=65>但如果有人告诉你<BR>你珍视的东西<BR>毫无用处呢？
5-06.txt,159,津名川セリフ◇……,<TYPE interval=40>･･････,<TYPE interval=40>･･････
5-06.txt,176,品藤セリフ◇うふふ,"<TYPE interval=35>うふふ,<BR><TYPE interval=55>まあ心配しないでいいわよ...<BR>まだそんな意見は出てないわ","<TYPE interval=35>呵呵,<BR><TYPE interval=55>算了，你不用担心･･････<BR>目前还没出现那种意见"
5-06.txt,182,津名川セリフ◇……ふう,<TYPE interval=40>･･････</TYPE><TYPE interval=65>ふう.....<BR>品藤はこれだから怖いよ,<TYPE interval=40>･･････</TYPE><TYPE interval=65>呼･･････<BR>品藤就是这点让人害怕
5-06.txt,188,津名川セリフ◇この,<TYPE interval=55>この組織の女性陣には<BR>まいっちゃうね,<TYPE interval=55>这组织里的女将们<BR>真是让人吃不消呢
5-06.txt,201,品藤セリフ◇なんですって,<TYPE interval=65>なんですって？,<TYPE interval=65>你说什么？
5-06.txt,205,津名川セリフ◇はは,<TYPE interval=55>はは　的確な指摘を<BR>...ありがとうってことさ,<TYPE interval=55>哈哈 多谢你的<BR>･･････一针见血
5-06.txt,209,品藤セリフ◇もっと,<TYPE interval=65>もっとして<BR>あげましょうか？,<TYPE interval=65>需要我再<BR>多挖苦几句吗？
5-06.txt,213,津名川セリフ◇いや,<TYPE interval=55>いや　..今日はもう<BR>遠慮しておこう,<TYPE interval=55>不 ･･････今天就<BR>免了吧
5-06.txt,238,津名川セリフ◇まあ,<TYPE interval=65>まあ　..あとは実力を<BR>追いつかせるだけさ,<TYPE interval=65>嘛･･････接下来只要<BR>让实力追上去就行了
5-06.txt,244,品藤セリフ◇言うのは,<TYPE interval=55>言うのは簡単,<TYPE interval=55>说起来容易
5-06.txt,250,津名川セリフ◇勿論,勿論,当然
5-06.txt,254,津名川セリフ◇でも,<TYPE interval=65>でも..　言わなければ..<BR>始まらないのさ,<TYPE interval=65>但是･･････ 不说出来的话･･････<BR>就无从开始
5-06.txt,279,津名川セリフ◇ああ,<TYPE interval=70>ああ　..どうなる？.....<BR>軍からの圧力があるって,<TYPE interval=70>啊 ･･････会怎样呢？･･････<BR>听说军方那边施加了压力
5-06.txt,283,品藤セリフ◇そういえば,<TYPE interval=40>･･････</TYPE><TYPE interval=66>そういえば...<BR>実戦テストのことだけど･･･,<TYPE interval=40>･･････</TYPE><TYPE interval=66>说起来･･････<BR>关于实战测试的事･･････
5-06.txt,292,品藤セリフ◇オフレコ,<TYPE interval=70>オフレコだけど...<BR>なんとか中止する方向で<BR>動いてるわ,<TYPE interval=70>这话只限私下说･･････<BR>我正在想办法<BR>让计划中止
5-06.txt,296,津名川セリフ◇そうか,<TYPE interval=88>そうか　..助かる,<TYPE interval=88>是吗･･････帮大忙了
5-06.txt,311,品藤セリフ◇言うと,<TYPE interval=80>言うと思った,<TYPE interval=80>我就知道你会这么说
5-06.txt,315,津名川セリフ◇はは,"<TYPE interval=68>はは,　でも負けるから<BR>いやだってわけじゃない",<TYPE interval=68>哈哈，但我可并不是<BR>因为不想输才这么说的
5-06.txt,319,津名川セリフ◇僕,<TYPE interval=65>僕が思ってるのは<TYPE interval=45>･･････,<TYPE interval=65>我所想的是<TYPE interval=45>･･････
5-06.txt,337,品藤セリフ◇誰かしら,<TYPE interval=88>誰かしら,<TYPE interval=88>是谁啊
5-06.txt,341,品藤セリフ◇ちょっと,<TYPE interval=70>ちょっと<BR>ごめんね,<TYPE interval=70>稍等一下<BR>抱歉啦
5-06.txt,345,津名川セリフ◇ああ,ああ,嗯
5-06.txt,363,品藤セリフ◇はい,はい,喂
5-06.txt,368,品藤セリフ◇もしもし,もしもし･･････,喂喂･･････
5-06.txt,384,品藤セリフ◇！！,"<FONT size=18 face=""MS ゴシック\>！！","<FONT size=18 face=""MS ゴシック\>！！"
5-06.txt,392,品藤セリフ◇……ら,<TYPE interval=60>･･･</TYPE>らや<BR>..･･････ま<TYPE interval=60>･･･,<TYPE interval=60>･･････</TYPE>･･････啦<BR>･･････嘛<TYPE interval=60>･･････
5-06.txt,409,荒山セリフ◇懐かしい,<TYPE interval=65>懐かしい声だな.....<BR>すぐそこまで来てるんだが,<TYPE interval=65>真是令人怀念的声音啊･･････<BR>明明都已经近在眼前了
5-06.txt,413,荒山セリフ◇ち,<TYPE interval=77>ちょっと<BR>出てこれないか,<TYPE interval=77>你能<BR>出来一下吗
5-06.txt,428,品藤セリフ◇いきなり,<TYPE interval=55>いきなり<BR>なにを言うの？,<TYPE interval=55>你突然<BR>在说什么啊？
5-06.txt,434,品藤セリフ◇今,<TYPE interval=66>今　..研究所が<BR>どういう態勢か<BR>知らないの？,<TYPE interval=66>你现在･･････<BR>难道不知道研究所<BR>是什么阵势吗？
5-06.txt,438,品藤セリフ◇殺,<TYPE interval=55>殺されるわよ,<TYPE interval=55>你会被杀的哦
5-06.txt,450,荒山セリフ◇どう,どうやって？,怎么杀？
5-06.txt,452,荒山セリフ◇ど,どんな態勢なら<BR>.俺を殺せるんだ？,究竟要什么阵势<BR>才能杀得了我？
5-06.txt,454,荒山セリフ◇こ,こっちから<BR>出向こうか？,要不要我主动<BR>出去一趟？
5-06.txt,483,品藤セリフ◇やめて,"やめて....<BR><TYPE interval=60>･･･</TYPE>わかったわ,<BR>行くから","别这样･･････<BR><TYPE interval=60>･･････</TYPE>我知道了,<BR>我去就是了"
5-06.txt,491,津名川セリフ◇どうした？,<TYPE interval=67>どうした？....<BR>誰なんだ？　....相手は,<TYPE interval=67>怎么了？･･････<BR>对方是谁？･･････
5-06.txt,497,品藤セリフ◇……,<TYPE interval=60>･･････,<TYPE interval=60>･･････
5-06.txt,516,品藤セリフ◇ちょっと出,<TYPE interval=77>ちょっと<BR>..出てくるわね,<TYPE interval=77>我稍微<BR>･･････出去一下
5-06.txt,522,津名川セリフ◇穏やかじゃ,<TYPE interval=68>穏やかじゃないね....<BR>僕も付いていこう,<TYPE interval=68>看来事态不简单啊･･････<BR>我也跟去吧
5-06.txt,526,品藤セリフ◇大丈夫よ,<TYPE interval=68>大丈夫よ.....<BR>プライベートなことなの,<TYPE interval=68>没事的･･････<BR>这是私事
5-06.txt,530,津名川セリフ◇人に頼る,<TYPE interval=76>人に頼るのは好きじゃ無いだろうが....<BR>さっきの様子じゃ..放って置けないよ,<TYPE interval=76>我知道你不喜欢依赖别人･･････<BR>但看你刚才那样子･･････我没法置之不理啊
5-06.txt,547,品藤セリフ◇人として？,<TYPE interval=88>人として？,<TYPE interval=88>出于人道？
5-06.txt,553,津名川セリフ◇……友人,<TYPE interval=40>･･････</TYPE><TYPE interval=88>友人としてさ,<TYPE interval=40>･･････</TYPE><TYPE interval=88>是作为朋友啊
5-06.txt,566,品藤セリフ◇……とても,<TYPE interval=45>･･････</TYPE><TYPE interval=60>とても危険な<BR>人物なのよ,<TYPE interval=45>･･････</TYPE><TYPE interval=60>对方可是<BR>非常危险的人物哦
5-06.txt,570,品藤セリフ◇さら,あなたを危険に<BR>さらす訳にはいかない,绝不能让你<BR>陷入危险
5-06.txt,574,津名川セリフ◇そんな説明,そんな説明じゃ<BR>納得できないね,那种解释<BR>我可没法接受啊
5-06.txt,590,品藤セリフ◇じゃあ,<TYPE interval=88>じゃあ<BR>..教えてあげる,<TYPE interval=88>那･･････<BR>･･････我就告诉你吧
5-06.txt,596,品藤セリフ◇電話,<TYPE interval=65>電話の向こうに..<BR>居たのは荒山鳥人,<TYPE interval=65>电话那头･･････<BR>是荒山鸟人
5-06.txt,600,品藤セリフ◇エ,<TYPE interval=65>エクストラプロジェクトの..<BR>初期メンバーよ,<TYPE interval=65>Extra项目的･･････<BR>初期成员哦
5-06.txt,609,津名川セリフ◇なに……,なに<TYPE interval=60>･･････,什么<TYPE interval=60>･･････
5-06.txt,613,品藤セリフ◇今は国家,今は国家公安委員会の<BR>A級エージェント,现在是国家公安委员会的<BR>A级特工
5-06.txt,617,津名川セリフ◇公安だって,公安だって？....<BR>なんでそんな男が君に<TYPE interval=60>･･････,公安？･･････<BR>为什么那种男人会和你<TYPE interval=60>･･････
5-06.txt,636,品藤セリフ◇昔…,"昔<TYPE interval=45>･･････<BR>,</TYPE><TYPE interval=75>ちょっとね<TYPE interval=45>･･････","以前<TYPE interval=45>･･････<BR>,</TYPE><TYPE interval=75>有点关联<TYPE interval=45>･･････"
5-07.txt,13,軍人セリフ◇少佐,"少佐,<BR>ここでしたか","少佐,<BR>原来您在这里。"
5-07.txt,20,少佐セリフ◇どうした,どうした,怎么了？
5-07.txt,34,軍人セリフ◇キリタの,<TYPE interval=67>キリタの方から<BR>連絡が,<TYPE interval=67>桐田那边<BR>来了联络
5-07.txt,38,少佐セリフ◇テストの,<TYPE interval=88>テストの日にちは？,<TYPE interval=88>测试日期呢？
5-07.txt,42,軍人セリフ◇実戦テストは,<TYPE interval=62>実戦テストは<BR>こちらのスケジュールでは<BR>無理だと云うことです,<TYPE interval=62>据说实战测试<BR>按我们这边的日程安排<BR>是不可能的
5-07.txt,56,少佐セリフ◇まあ,<TYPE interval=60>まあ　..そういってくるだろうな.....<BR>交渉というのはここから<BR>..始まるんだよ,<TYPE interval=60>嘛･･････我就知道他们会这么说･･････<BR>谈判这才<BR>･･････刚刚开始呢
5-07.txt,60,軍人セリフ◇他ソースの,<TYPE interval=58>他ソースの情報からでは<BR>今回のこの変更は古痕内部でも<BR>意見が二分しているようです,<TYPE interval=58>从其他渠道的情报来看<BR>这次的变更在古痕内部<BR>似乎也是意见分歧
5-07.txt,72,軍人セリフ◇もう実戦,<TYPE interval=68>もう実戦レベルにあると<BR>噂される兵器ですが,<TYPE interval=68>明明已经是传闻中<BR>达到实战水平的兵器了
5-07.txt,76,軍人セリフ◇その,<TYPE interval=72>その実力をもったいぶるな....<BR>という声も幾つか,<TYPE interval=72>也有声音说<BR>不要装神弄鬼其真实实力･･････
5-07.txt,87,少佐セリフ◇反対意見,<TYPE interval=65>反対意見を上げている<BR>人間の代表格は？,<TYPE interval=65>提出反对意见的<BR>代表人物是谁？
5-07.txt,91,軍人セリフ◇古痕品川,<TYPE interval=77>古痕品川研究所の高宮....<BR>とのことです,<TYPE interval=77>是古痕品川研究所的高宫･･････<BR>据说如此
5-07.txt,95,少佐セリフ◇高宮エレン,<TYPE interval=77>高宮エレンか,<TYPE interval=77>高宫艾伦吗
5-07.txt,99,軍人セリフ◇はい,はい,是的。
5-07.txt,114,少佐セリフ◇わかった,わかった,知道了。
5-07.txt,118,少佐セリフ◇高宮に,"高宮にコンタクトを取れ,<BR>できれば直接会いたい","去联系高宫,<BR>可以的话我想直接见她。"
5-07.txt,122,軍人セリフ◇はい,はい,是的。
5-07.txt,137,スパッドセリフ◇勿論秘密,勿論秘密裏に..な,当然是在暗中..进行啦
5-08-01.txt,13,荒山セリフ◇……,<TYPE interval=45><FONT size=15>･･････,<TYPE interval=45><FONT size=15>･･････
5-08-01.txt,20,品藤セリフ◇来たわよ,<FONT size=15>来たわよ.....<BR>なにか用事なの？,<FONT size=15>我来了･･････<BR>有什么事吗？
5-08-01.txt,24,津名川セリフ◇……,<TYPE interval=45>･･････</TYPE>この男が..荒山か,<TYPE interval=45>･･････</TYPE>这个男人･･････是荒山吗
5-08-01.txt,37,荒山セリフ◇久しぶりだ,久しぶりだな....<BR>世間話でも　と思ったんだが...<BR>そういう雰囲気でもなさそうだ,好久不见啊･･････<BR>本想找你叙叙旧･･････<BR>但看来现在不是时候
5-08-01.txt,41,品藤セリフ◇忙しいの,<FONT size=15>忙しいのよ...<BR>私は,<FONT size=15>我很忙･･････<BR>没空陪你
5-08-01.txt,45,荒山セリフ◇だろうな,だろうな.....<BR>だが働きすぎは<BR>..身体に良くない,也是呢･･････<BR>但工作过度<BR>･･････对身体可不好
5-08-01.txt,49,品藤セリフ◇……何が,<TYPE interval=45><FONT size=15>･･････</TYPE>何が<BR>言いたいのかしら,<TYPE interval=45><FONT size=15>･･････</TYPE>你到底<BR>想说什么
5-08-01.txt,64,荒山セリフ◇そっちは,そっちは津名川宗慈だな......<BR>腕のいい遺伝子技術者だ,你就是津名川宗慈吧･･････<BR>是个技术高超的基因工程师
5-08-01.txt,68,津名川セリフ◇……有名,<TYPE interval=45>･･････</TYPE>有名なもんですね<BR>...僕も,<TYPE interval=45>･･････</TYPE>看来我也･･････<BR>挺有名的啊
5-08-01.txt,72,荒山セリフ◇もう少し,もう少し自分の立場を...<BR>理解したほうがいいな,你最好还是･･････<BR>多认清一下自己的立场
5-08-01.txt,76,荒山セリフ◇こんなところ,こんなところにノコノコ<BR>出てくるようでは<BR>...先が思いやられる,像你这样大摇大摆地<BR>跑到这种地方来<BR>･･････真让人为你的前途担忧啊
5-08-01.txt,91,津名川セリフ◇あなたは,あなたは一体<BR>...なんなんです,你究竟<BR>･･････是什么人
5-08-01.txt,95,荒山セリフ◇…先輩だよ,"･･････先輩だよ,<BR>君の","･･････是你的前辈,<BR>你的前辈"
5-08-01.txt,99,津名川セリフ◇どうして,どうして辞めたんです.....<BR>なぜ公安に？,您当初为什么辞职･･････<BR>又为什么去了公安？
5-08-01.txt,103,荒山セリフ◇知りたがり,知りたがりやだな<BR>..津名川,你还真是好奇心重啊<BR>･･････津名川
5-08-01.txt,117,荒山セリフ◇だが,<TYPE interval=66>だが..私より先に古痕の事を...<BR>知るべきだ,<TYPE interval=66>但比起我･･････你更应该先<BR>去了解“古痕”的事
5-08-01.txt,121,荒山セリフ◇君のやって,君のやっていることは...<BR>子供の遊びではない,你现在做的事情･･････<BR>可不是小孩子过家家
5-08-01.txt,125,津名川セリフ◇そんな事,そんな事　わかってますよ,这种事我当然知道
5-08-01.txt,140,荒山セリフ◇本,<FONT size=18><TYPE interval=45>本当に？,<FONT size=18><TYPE interval=45>真的吗？
5-08-01.txt,145,荒山セリフ◇本当,<FONT size=18><TYPE interval=45>本当に？,<FONT size=18><TYPE interval=45>真的吗？
5-08-01.txt,148,荒山セリフ◇本当に,<TYPE interval=35>本当に分かっているのか？...<BR>津名川宗慈,<TYPE interval=35>你真的明白吗･･････<BR>津名川宗慈
5-08-01.txt,152,荒山セリフ◇本当に知って,<TYPE interval=40>古痕を？,<TYPE interval=40>明白古痕？
5-08-01.txt,156,荒山セリフ◇本グ,<TYPE interval=55>グラハム・へゼルを？,<TYPE interval=55>还是格拉汉姆・黑泽尔？
5-08-01.txt,160,品藤セリフ◇……,<TYPE interval=45>･･････,<TYPE interval=45>･･････
5-08-01.txt,172,津名川セリフ◇僕がやって,"僕がやっていることは<BR>..科学の研究だ,<BR>それ以上でも以下でもない","我所做的<BR>･･････只是科学研究,<BR>仅此而已，别无其他"
5-08-01.txt,178,荒山セリフ◇原爆を作った,原爆を作った科学者達も..<BR>そんな事を言ったろうさ,当年制造原子弹的科学家们･･････<BR>大概也是这么说的吧
5-08-01.txt,182,津名川セリフ◇……っ,<TYPE interval=30>･･････</TYPE>っ,<TYPE interval=30>･･････</TYPE>唔
5-08-01.txt,195,荒山セリフ◇科学者の,"""科学者の責任""<BR>..というものがある",“科学家的责任”<BR>･･････这种东西是存在的
5-08-01.txt,199,荒山セリフ◇俺が,俺が古痕を抜けたのは<BR>...正義の為だ,我离开古痕<BR>･･････是为了正义
5-08-01.txt,203,津名川セリフ◇正義？,正義？　.....それこそ<BR>あいまいな事を言う人だ,正义？･･････<BR>这话说得可真是含糊其辞
5-08-01.txt,216,荒山セリフ◇目的,目的も無く..知識欲という<BR>脳の肉欲だけで研究をして,毫无目的･･････仅凭求知欲<BR>这种大脑的肉欲进行研究
5-08-01.txt,219,荒山セリフ◇目的も無く,それを利用されているのが<BR>...わからないのか,难道看不出<BR>自己正被利用吗･･････
5-08-01.txt,223,荒山セリフ◇グラハムが,グラハムが<BR>..作ろうとしているのは..<BR>私設の軍隊だ,格拉汉姆<BR>･･････想要建立的･･････<BR>是私人军队
5-08-01.txt,227,荒山セリフ◇それも最強,それも最強のな.....<BR>どこへでも現れ<BR>..誰も敵わぬ,而且是最强的･･････<BR>无论出现在哪里<BR>･･････都无人能敌
5-08-01.txt,242,荒山セリフ◇ヤツの選民,ヤツの選民思想と<BR>行動の行きつく先が<BR>何故見えないのだ？,为什么看不出<BR>那家伙的选民思想<BR>和行动的最终目的？
5-08-01.txt,246,津名川セリフ◇グラハムさん,グラハムさんが何を<BR>しようとしてるって言うんだ,你说格拉汉姆先生<BR>到底想干什么？
5-08-01.txt,258,荒山セリフ◇簡単なこと,簡単なことさ,很简单。
5-08-01.txt,264,荒山セリフ◇大昔,大昔に<RUBY text='たもと'>袂</RUBY>を別った神と科学を<BR>再び統一して<BR>..その盟主となることだ,将很久以前诀别的神与科学<BR>再次统一<BR>..并成为其盟主
5-08-01.txt,268,津名川セリフ◇…,<TYPE interval=45>･･････,<TYPE interval=45>･･････
5-08-01.txt,281,荒山セリフ◇もっと簡単,もっと簡単に言えば　..<BR>救世主<TYPE interval=40>･･････</TYPE><BR>神になろうというわけさ,说得更简单点･･････<BR>就是成为救世主<TYPE interval=40>･･････</TYPE><BR>也就是想成神
5-08-01.txt,285,津名川セリフ◇まさか,まさか,怎么可能
5-08-01.txt,289,品藤セリフ◇それはあなた,それはあなたの<BR>独断よ,那只是<BR>你的主观臆断
5-08-01.txt,302,荒山セリフ◇独断？,独断？.....　ではどう判断しろ<BR>というのだ,主观臆断？･･････那你说<BR>该怎么判断
5-08-01.txt,306,荒山セリフ◇君に,君にはあの老人の真意が<BR>分かるとでも？,难道你能看透<BR>那个老人的真意？
5-08-01.txt,310,品藤セリフ◇それは…,それは<TYPE interval=40>･･････,那是<TYPE interval=40>･･････
5-08-01.txt,325,荒山セリフ◇何年経,何年経っても同じか,过了多少年还是老样子啊
5-08-01.txt,331,津名川セリフ◇僕にどうしろ,僕にどうしろ<BR>っていうんだ,你到底<BR>想让我怎么办
5-08-01.txt,352,荒山セリフ◇研究を,研究を止めろ<BR>俺も　..話してわかる相手と<BR>戦争するほど馬鹿ではない,停止研究吧<BR>我也　..还没蠢到<BR>要和能讲得通道理的人开战
5-08-01.txt,358,津名川セリフ◇……,<TYPE interval=40>･･････,<TYPE interval=40>･･････
5-08-01.txt,364,品藤セリフ◇津名川君,津名川君<TYPE interval=45>･･････,津名川君<TYPE interval=45>･･････
5-08-01.txt,389,荒山セリフ◇……子供,<TYPE interval=45>･･････</TYPE>子供のような<BR>やつだ,<TYPE interval=45>･･････</TYPE>真是个<BR>像小孩一样的家伙
5-08-02.txt,13,津名川セリフ◇……,<TYPE interval=40>･･････,<TYPE interval=40>･･････
5-08-02.txt,17,品藤セリフ◇気にしない,気にしないでって<BR>...<TYPE interval=70>無理よね,叫我别在意･･････<BR>･･････<TYPE interval=70>怎么可能做得到呢
5-08-02.txt,28,津名川セリフ◇……自分,<TYPE interval=40>･･････</TYPE><TYPE interval=55>自分のやっていることが...<BR>分からなくなったよ,<TYPE interval=40>･･････</TYPE><TYPE interval=55>我都不知道自己･･････<BR>在干什么了
5-08-02.txt,32,品藤セリフ◇……,<TYPE interval=40>･･････,<TYPE interval=40>･･････
5-08-02.txt,44,津名川セリフ◇君は本当,君は本当は...<BR>どう思ってるんだい,你其实･･････<BR>是怎么想的呢
5-08-02.txt,48,品藤セリフ◇グラハム,グラハム･ヘゼルは確かに..<BR>荒山の言うようなことを..<BR>やれるかもしれない,格拉汉姆・黑泽尔确实･･････<BR>有可能做出･･････<BR>荒山所说的那种事
5-08-02.txt,52,品藤セリフ◇だけど,だけど....<BR>きっとそんなことは<BR>しないでしょう,但是･･････<BR>他肯定･･････<BR>不会做那种事的
5-08-02.txt,65,津名川セリフ◇女の勘,女の勘ってやつ？,女人的直觉？
5-08-02.txt,69,品藤セリフ◇そうね,そうね,是啊
5-08-02.txt,73,品藤セリフ◇でも,でも...　間違って<BR>ないと思うわ,不过･･････我觉得<BR>没有错
5-08-02.txt,86,品藤セリフ◇……あの人,<TYPE interval=45>･･････</TYPE><TYPE interval=77>あの人の目は...<BR>外側（せかい）じゃなくて,<TYPE interval=45>･･････</TYPE><TYPE interval=77>那个人的目光･･････<BR>并非注视着外侧（世界）
5-08-02.txt,90,品藤セリフ◇内,<TYPE interval=77>内側（じぶん）に<BR>向いてるもの,<TYPE interval=77>而是朝向内侧（自己）<BR>的目光
5-08-02.txt,107,津名川セリフ◇今日は,今日は早めに<BR>あがるとするよ.....<BR>一人で考えたい,今天早点<BR>回去吧･･････<BR>想一个人静静
5-08-02.txt,113,品藤セリフ◇それがいい,それがいいと思うわ,我觉得那样比较好
5-08-02.txt,117,津名川セリフ◇ん……,<FONT size=15>ん<TYPE interval=40>･･････,<FONT size=15>嗯<TYPE interval=40>･･････
5-08-02.txt,131,品藤セリフ◇津名川君,<TYPE interval=80>津名川君･･･,<TYPE interval=80>津名川君･･････
5-08-02.txt,138,津名川セリフ◇なに？,なに？,怎么了？
5-08-02.txt,143,品藤セリフ◇私はあなた,<TYPE interval=80>私は...あなたが<BR>どんな結論を出しても...<BR>あなたの味方よ,<TYPE interval=80>我･･････无论你得出<BR>怎样的结论･･････<BR>都会站在你这边
5-08-02.txt,157,津名川セリフ◇……うん,<TYPE interval=40>･･････</TYPE><TYPE interval=80>うん<BR>...ありがとう,<TYPE interval=40>･･････</TYPE><TYPE interval=80>嗯<BR>･･････谢谢
5-09.txt,15,グラハムセリフ◇君は自由,<TYPE interval=65>君は..自由意志と運命論の...<BR>どちらを信じるかね？,<TYPE interval=65>自由意志与决定论･･････<BR>你更相信哪一个呢？
5-09.txt,19,品藤セリフ◇観念論と,"<TYPE interval=60>観念論と,<BR>唯物論ですか","<TYPE interval=60>是指唯心论,<BR>还是唯物论呢？"
5-09.txt,35,グラハムセリフ◇ふむ,"<TYPE interval=55>ふむ,　皆なぜか.<BR>そのことになると..<BR>考えを中途半端なところで<BR>やめたがる","<TYPE interval=55>嗯，不知为何，大家･･････<BR>一碰到这个问题･･････<BR>就总爱在半途停下思考,<BR>浅尝即止"
5-09.txt,39,グラハムセリフ◇自分の人生,<TYPE interval=65>自分の人生には<BR>関係ないなどと言ってな......<BR><TYPE interval=55>大アリだというのだ,<TYPE interval=65>总拿“这跟我的人生<BR>毫无关系”来推脱･･････<BR><TYPE interval=55>其实这其中大有干系啊。
5-09.txt,70,消滅①/セリフ,"簡単に言えば観念論というのは<TYPE interval=70>･･･</TYPE>,<BR><TYPE interval=75>人間に""魂""があるという説だ","简单来说，唯心论就是<TYPE interval=70>･･････</TYPE>,<BR><TYPE interval=75>主张人类拥有“灵魂”的学说。"
5-09.txt,76,消滅②/セリフ,唯物論というのは逆に　..<BR>精神や魂などというものは<BR>人間の脳の電気信号に過ぎないから,"而唯物论则相反･･････<BR>认为精神与灵魂之类的东西,<BR>不过是人类大脑产生的电信号罢了。"
5-09.txt,82,消滅③/セリフ,すべてはビッグバンの時に<BR>物理法則で決定された運命だ..<BR>という説だ,"世间万物皆是在宇宙大爆炸之时,<BR>由物理法则注定的命运･･････<BR>这便是其主张。"
5-09.txt,88,消滅④/セリフ,だが観念論と唯物論　..というのは..<BR>イコール自由意志と.運命ではない,但是，唯心论与唯物论･･････<BR>并不等同于自由意志与决定论。
5-09.txt,109,消滅⑤/セリフ,"私の結論はこうだ,<BR>""人間は自由意志によって..<BR>運命を作り出している""","我的结论是,<BR>“人类正凭借自由意志･･････<BR>创造着自己的命运”。"
5-09.txt,117,消滅⑥/セリフ,結局　..自分で自分のことを<BR>すべて決めているのだ.....<BR>理由の無い結果は無い,归根结底･･････自己的一切<BR>皆由自己决定･･････<BR>世上没有无因之果。
5-09.txt,123,消滅⑦/セリフ,だが　...その理由を<BR>..作り出しているのは....<BR>常に自分自身なのだ,然而･･････创造出那些原因的･･････<BR>始终･･････<BR>都是你自己。
5-09.txt,137,消滅⑧/セリフ,人間は自分以外を<BR>コントロールできない,人类无法掌控<BR>自身以外的事物。
5-09.txt,147,消滅⑨/セリフ,ならば　..自分自身以外は<BR>環境とみなすべきだ,"既然如此･･････自身以外的一切,<BR>都应当作环境来看待。"
5-09.txt,155,消滅⑩/セリフ,誰かに傷つけられたなどと..<BR>人を呪うのは,说什么“被某人伤害了”･･････<BR>而去诅咒他人，
5-09.txt,161,消滅⑪/セリフ,地に落ちている釘で.<BR>足を傷つけられたと言って...<BR>その釘を呪うようなものだ,这就好比被掉在地上的钉子<BR>刺伤了脚･･････<BR>却去诅咒那根钉子一样。
5-09.txt,168,消滅⑫/セリフ,自分に対して..自分自身より他に<BR>責任者がいるなんて...変な話だよ,对于自己的人生･･････除了自己之外<BR>还有别的负责人･･････简直是荒谬之谈。
5-09.txt,175,消滅⑬/セリフ,自分の中に原因がある......<BR>自分は悪くないと<BR>考えようとしても,原因明明在自己身上･･････<BR>即便试图自我安慰<BR>认为自己没有错，
5-09.txt,181,消滅⑭/セリフ,最後の最後　..突き詰めれば<BR>理由はやはり自分に帰ってくる,"但到了最后･･････追究到底,<BR>原因终究还是会落到自己头上。"
5-09.txt,205,消滅⑮/セリフ,仏教で言う...<BR>因果応報というもの<BR>でしょうか？,这就是佛教中所说的･･････<BR>因果报应<BR>吗？
5-09.txt,213,消滅⑯/セリフ,別に仏教に限ったことではない.....<BR>どんな宗教でも似たようなことを<BR>言っているものさ,倒也并不局限于佛教.....<BR>无论什么宗教都<BR>在说着类似的话吧
5-09.txt,221,消滅⑰/セリフ,なぜなら　..そもそも神とは関係なく<BR>このシステムは成立しているからだ,因为･･････说到底，这套机制<BR>本就与神明无关，是独立成立的。
5-09.txt,227,消滅⑱/セリフ,考えてみれば<BR>あまりにも当たり前の<BR>ことだからな,"仔细想想,<BR>这也是再理所当然不过的<BR>事情了。"
5-09.txt,233,消滅⑲/セリフ,そして　..その考えを突き詰めれば...<BR>おのずと先の結論に行き当たるのさ,而且　..如果把那个想法钻研透彻的话...<BR>自然而然就会得出刚才的结论吧
5-09.txt,247,品藤セリフ◇人間は自分,<TYPE interval=65>人間は自分の意志で　..<BR>自分の運命を作り出している...<BR>ですか,<TYPE interval=65>人类凭借自己的意志･･････<BR>创造着自己的命运･･････<BR>是吗？
5-09.txt,253,品藤セリフ◇だけど,<TYPE interval=67>だけどそれは　..<BR>人を信じないということに<BR>なってしまうのかもしれない,"<TYPE interval=67>但那样的话,<BR>也许就意味着<BR>不再去相信他人了。"
5-09.txt,257,品藤セリフ◇寂しい,<TYPE interval=70>寂しい考え方なのかもしれない,<TYPE interval=70>这或许是一种令人感到寂寞的想法吧。
5-09.txt,279,グラハムセリフ◇だから私は,<TYPE interval=77>だから私は<BR>..自分の運命に対して<BR>責任を取らなければいけない,<TYPE interval=77>正因如此，我才必须<BR>对自己的命运<BR>负起责任。
5-09.txt,283,グラハムセリフ◇た,<TYPE interval=65>たとえ<BR>..人の血が流れる事に<BR>なろうとも,<TYPE interval=65>哪怕<BR>･･････会让<BR>他人的血液流淌。
5-09.txt,287,品藤セリフ◇その為の,<TYPE interval=77>その為のエクストラ<BR>..ですか？,<TYPE interval=77>这就是Extra的<BR>･･････用途吗？
5-09.txt,308,グラハムセリフ◇力が,<TYPE interval=80>力が足りないのだよ..<BR>この手だけでは,<TYPE interval=80>力量终究是不够的啊･･････<BR>仅凭这双手。
5-09.txt,321,グラハムセリフ◇……エゴ,<TYPE interval=40>･･････</TYPE><TYPE interval=80>エゴだと罵られても<BR>仕方ないかもしれないが,"<TYPE interval=40>･･････</TYPE><TYPE interval=80>就算被骂作自私,<BR>或许也是没办法的吧"
5-10-01.txt,18,津名川セリフ◇ん…,ん<TYPE interval=60>･･････,嗯<TYPE interval=60>･･････
5-10-01.txt,39,津名川セリフ◇昨日は,"昨日は･･････<BR>,色々あったな",昨天･･････<BR>发生了不少事啊
5-10-01.txt,45,荒山セリフ◇研究を,"研究を止めろ,<BR>俺も　話してわかる相手と<BR>戦争するほど馬鹿ではない","把研究停了吧,<BR>我也不是蠢到<BR>要和能讲道理的人开战的笨蛋"
5-10-01.txt,52,津名川セリフ◇品藤と,品藤と荒山･･･<BR>知り合いだったのか,品藤和荒山･･････<BR>原来他们认识啊
5-10-01.txt,65,津名川セリフ◇品藤が言葉,品藤が言葉を濁すなんて<BR>めずらしいよな･･･,"品藤居然也会含糊其辞,<BR>还真是少见啊･･････"
5-10-01.txt,72,津名川セリフ◇………,<TYPE interval=60>･････････,<TYPE interval=60>･･････
5-10-01.txt,90,津名川セリフ◇とりあえず,とりあえず<BR><TYPE interval=60>･･････</TYPE>風呂か,总之先･･････<BR><TYPE interval=60>･･････</TYPE>洗个澡吧
5-10-01.txt,116,津名川セリフ◇……ふう,<TYPE interval=60>･･････</TYPE>ふう,<TYPE interval=60>･･････</TYPE>呼——
5-10-02.txt,11,エマセリフ◇にゃにゃ,"<FONT size=18 face=""MS ゴシック""><TYPE interval=55>にゃにゃ～ん...<BR>宗慈さーん☆","<FONT size=18 face=""MS ゴシック""><TYPE interval=55>喵呜〜･･････<BR>宗慈——☆"
5-10-02.txt,19,津名川セリフ◇エ,エ　....エマ？,艾･･････艾玛？
5-10-02.txt,25,エマセリフ◇お背中,お背中...<BR>流してあげるっ,我来帮你･･････<BR>洗洗背吧〜
5-10-02.txt,29,津名川セリフ◇え？,え？..　ああ<BR>....洗ってくれるのか？,"诶？･･････啊,<BR>･･････你要帮我洗吗？"
5-10-02.txt,47,エマセリフ◇綺麗に,綺麗にして<BR>さしあげますわ～,我会把您･･････<BR>洗得干干净净的哦〜
5-10-02.txt,51,津名川セリフ◇どこで,<TYPE interval=55>どこでそういう言葉遣いを<BR>..覚えてくるんだか･･････,<TYPE interval=55>到底是去哪儿･･････<BR>学会这种说话方式的啊･･････
5-10-02.txt,55,津名川セリフ◇じゃあ,じゃあ...<BR>お願いしようかな,那･･････<BR>就拜托你了。
5-10-02.txt,59,エマセリフ◇は～い,は～い,好〜嘞！
5-10-02.txt,103,エマセリフ◇おっわり,おっ..わり～,结･･････结束啦〜
5-10-02.txt,110,エマセリフ◇宗慈,宗慈さんの背中<BR>大きいねー,宗慈的背･･････<BR>好宽呀〜
5-10-02.txt,114,エマセリフ◇疲れた,疲れた～,好累呀〜
5-10-02.txt,132,津名川セリフ◇はは,はは　..ありがとう....<BR>ご苦労様,哈哈･･････谢谢･･････<BR>辛苦你了。
5-10-02.txt,137,エマセリフ◇にゃ,にゃ,喵〜
5-10-02.txt,153,エマセリフ◇ね,ね　..ね ...宗慈さん<BR>...元気出た？,"那个･･････那个･･････宗慈,<BR>･･････心情好点了吗？"
5-10-02.txt,159,津名川セリフ◇あ,あ　..ああ....<BR>元気になったよ,啊･･････嗯･･････<BR>精神多了。
5-10-02.txt,163,エマセリフ◇そう？,そう？<BR>良かったー,是吗？<BR>太好了〜
5-10-02.txt,177,津名川セリフ◇元気,元気付けようと<BR>してくれたのか･･････,原来是为了･･････<BR>让我振作起来才这么做的啊･･････
5-10-02.txt,181,津名川セリフ◇そうだな,そうだな,也是啊。
5-10-02.txt,185,津名川セリフ◇落ち込んで,落ち込んでも･･･<BR>いられないか,看来･･････<BR>没法一直消沉下去了啊。
5-10-03.txt,11,沙友セリフ◇えへへ,えへへ～<BR>せんせい～,嘿嘿〜<BR>老师〜
5-10-03.txt,18,津名川セリフ◇さ,さ　..沙友？....<BR>どうしたんだい？,沙･･････沙友？･･････<BR>怎么了？
5-10-03.txt,24,沙友セリフ◇おせなか,おせなか<BR>ながーししますか？,要帮老师<BR>洗〜背吗？
5-10-03.txt,28,津名川セリフ◇背中,背中？....<BR>洗ってくれるのかい？,洗背？･･････<BR>你要帮我洗吗？
5-10-03.txt,42,沙友セリフ◇ながーし,ながーし<BR>しますよー,要帮你洗〜<BR>背哦〜
5-10-03.txt,46,津名川セリフ◇はは,はは,哈哈
5-10-03.txt,50,津名川セリフ◇それじゃ,それじゃ･･････<BR>お願いしようかな,那就･･････<BR>拜托你啦
5-10-03.txt,54,沙友セリフ◇へへ～,へへ～....<BR>ながーしながーし,嘿嘿〜･･････<BR>洗〜背洗〜背
5-10-03.txt,98,沙友セリフ◇おわり,"<FONT size=18 face=""MS ゴシック\>おわりました！","<FONT size=18 face=""MS ゴシック\>洗好啦！"
5-10-03.txt,105,津名川セリフ◇ん,ん･･････<BR>...ありがとう,嗯･･････<BR>･･････谢谢
5-10-03.txt,121,津名川セリフ◇気持ち,気持ちよかったよ,真舒服啊
5-10-03.txt,127,沙友セリフ◇えぁは,えぁは,诶呀哈
5-10-03.txt,140,沙友セリフ◇せんせい,せんせいはげんきーに<BR>なりーましたか？,老师〜精神<BR>好〜点了吗？
5-10-03.txt,146,津名川セリフ◇ん？,ん？....　<TYPE interval=60>･･････</TYPE>ああ<BR>元気になったよ,嗯？･･････　<TYPE interval=60>･･････</TYPE>啊啊<BR>精神多了
5-10-03.txt,152,津名川セリフ◇ありがとう,ありがとう,谢谢你
5-10-03.txt,156,沙友セリフ◇えへ,えへへー,嘿嘿〜
5-10-03.txt,172,津名川セリフ◇元気,元気付けようと<BR>してくれたのか･･････,是想帮我<BR>打起精神来吗･･････
5-10-03.txt,176,津名川セリフ◇そうだな,そうだな,是啊
5-10-03.txt,180,津名川セリフ◇落ち込んで,落ち込んでも･･･<BR>いられないか,看来也没法<BR>继续消沉下去了啊
5-10-04.txt,13,透花セリフ◇ご主人様…,<FONT size=15>ご主人様･･････,<FONT size=15>主人･･････
5-10-04.txt,21,津名川セリフ◇どうした,"透花？　,どうしたんだ....<BR>何かあったのかい",透花？怎么了･･････<BR>发生什么事了吗？
5-10-04.txt,27,透花セリフ◇いえ,<FONT size=15>いえ　..あの･･･　..背中を<BR>流して差し上げようかと･･･,<FONT size=15>没･･････那个･･････我想帮您<BR>搓搓背･･････
5-10-04.txt,31,津名川セリフ◇背中を？,背中を？....<BR>洗ってくれるのかい？,洗背？･･････<BR>你要帮我洗吗？
5-10-04.txt,46,透花セリフ◇はい,<FONT size=15>はい,<FONT size=15>是的
5-10-04.txt,50,津名川セリフ◇そうか,そうか　..それじゃ･･･<BR>お願いするよ,这样啊･･････那就･･････<BR>麻烦你了
5-10-04.txt,54,透花セリフ◇はい！,<FONT size=16><TYPE interval=33>はい！,<FONT size=16><TYPE interval=33>好的！
5-10-04.txt,102,透花セリフ◇は,はい　..終わりました..<BR>ご主人様,好的･･････洗完了･･････<BR>主人
5-10-04.txt,108,津名川セリフ◇ああ,ああ<BR>..ありがとう,嗯･･････<BR>･･････谢谢
5-10-04.txt,126,透花セリフ◇あの…,<FONT size=15>あの･･････<BR>....ご主人様,<FONT size=15>那个･･････<BR>･･････主人
5-10-04.txt,132,津名川セリフ◇ん？,<TYPE interval=0>ん？,<TYPE interval=0>嗯？
5-10-04.txt,136,透花セリフ◇え,<FONT size=15>え　..えっと･･･<BR>あの･･････,<FONT size=15>诶･･････那个･･････<BR>那个･･････
5-10-04.txt,140,透花セリフ◇げ,<FONT size=15>げ　..元気に･･･<BR>な　..なりましたか？,<FONT size=15>您･･････精神･･････<BR>好･･････好些了吗？
5-10-04.txt,155,透花セリフ◇ご主人,<FONT size=15>ご主人様　..昨日から･･････<BR>元気なさそうでしたし･･･,<FONT size=15>主人･･････从昨天起･･････<BR>您看起来就没什么精神･･････
5-10-04.txt,159,津名川セリフ◇ん…元気,ん･･････<BR>...元気になったよ,嗯･･････<BR>･･････已经好多了
5-10-04.txt,163,津名川セリフ◇心配,心配かけたね<BR>･･･ありがとう,让你担心了･･････<BR>･･････谢谢你
5-10-04.txt,167,透花セリフ◇あ…,<FONT size=15>あ･･･,<FONT size=15>啊･･････
5-10-04.txt,183,津名川セリフ◇元気,元気付けようと<BR>してくれたのか･･････,原来是为了让我振作起来<BR>才这么做的啊･･････
5-10-04.txt,187,津名川セリフ◇そうだな,そうだな,也是啊
5-10-04.txt,191,津名川セリフ◇落ち込んで,落ち込んでも･･･<BR>いられないか,确实不能･･････<BR>一直消沉下去啊
5-10-05.txt,17,三人セリフ◇せーん,<FONT size=18>せーんせいー,<FONT size=18>老〜师〜
5-10-05.txt,19,三人セリフ◇宗慈,<TYPE interval=55>宗慈さーん,<TYPE interval=55>宗慈〜
5-10-05.txt,21,三人セリフ◇ご主人様,<FONT size=15><TYPE interval=88>ご主人様･･････,<FONT size=15><TYPE interval=88>主人･･････
5-10-05.txt,27,津名川セリフ◇なっ,<TYPE interval=55>なっ･･･！....<BR>どうしたんだおまえ達！...<BR>そんな格好で<TYPE interval=45>･･････,<TYPE interval=55>等、等等･･････！<BR>你们几个搞什么鬼･･････！<BR>穿成这样<TYPE interval=45>･･････
5-10-05.txt,34,沙友セリフ◇おーせ,"<FONT size=18 face=""MS ゴシック\>おーせなか<BR>なーがししますよー","<FONT size=18 face=""MS ゴシック\>来〜搓背〜<BR>要〜帮你搓背〜哦〜"
5-10-05.txt,40,エマセリフ◇みんなで,みんなできれいにして<BR>あげちゃうのでーす♪,大家会一起<BR>把你洗得干干净净〜哦♪
5-10-05.txt,46,透花セリフ◇……,<TYPE interval=45>･･････,<TYPE interval=45>･･････
5-10-05.txt,66,津名川セリフ◇い,い　..いや･･････<BR>だからって,不、不是･･････<BR>话虽如此
5-10-05.txt,70,津名川セリフ◇裸,裸にならなくても<BR>いいんじゃないのか･･･？,不脱衣服<BR>也可以吧･･････？
5-10-05.txt,93,エマセリフ◇いいから,いいから<BR>いいから,听话啦<BR>听话啦
5-10-05.txt,97,沙友セリフ◇いいかーら,"<FONT size=18 face=""MS ゴシック\>いいかーら<BR>いいからー","<FONT size=18 face=""MS ゴシック\>听话啦〜<BR>听话啦〜"
5-10-05.txt,101,透花セリフ◇ご主,<FONT size=15>ご主人様･･････<BR>..失礼します,<FONT size=15>主人･･････<BR>失礼了
5-10-05.txt,105,津名川セリフ◇わ,わ　..おいおい,喂、喂喂
5-10-05.txt,139,津名川セリフ◇ふぅ,ふぅ<TYPE interval=45>･･････</TYPE>...<BR><TYPE interval=66>綺麗に洗われちゃったな,呼〜<TYPE interval=45>･･････</TYPE>･･････<BR><TYPE interval=66>被洗得干干净净了啊
5-10-05.txt,145,透花セリフ◇すいません,<FONT size=15>すいません..<TYPE interval=45>･･････</TYPE><BR><TYPE interval=67>勝手なことをして,<FONT size=15>对不起･･････<TYPE interval=45>･･････</TYPE><BR><TYPE interval=67>擅自做了这些事
5-10-05.txt,151,津名川セリフ◇はは,はは<BR>..気にしなくていいよ,哈哈<BR>别在意啦
5-10-05.txt,166,沙友セリフ◇せんせ,"<FONT size=16 face=""MS ゴシック\>せんせー","<FONT size=16 face=""MS ゴシック\>老〜师〜"
5-10-05.txt,172,津名川セリフ◇ん？,"ん？<BR>,なんだい？",嗯？<BR>怎么了？
5-10-05.txt,176,沙友セリフ◇せんせーは,"<FONT size=16 face=""MS ゴシック\>せんせーは...<BR>げんきーに..<BR>なりましたか？","<FONT size=16 face=""MS ゴシック\>老〜师･･････<BR>精〜神〜<BR>好点了吗？"
5-10-05.txt,180,津名川セリフ◇え？,<TYPE interval=0>え？,<TYPE interval=0>诶？
5-10-05.txt,199,エマセリフ◇宗慈さん,宗慈さん　..昨日から<BR>元気ないみたい<BR>だったし･･････,宗慈･･････从昨天开始<BR>好像一直没什么精神<BR>･･････
5-10-05.txt,205,透花セリフ◇それで,<TYPE interval=67>それで<BR>..元気になってもらおう<BR>..って<TYPE interval=45>･･････,<TYPE interval=67>所以<BR>･･････想让你<BR>振作起来<TYPE interval=45>･･････
5-10-05.txt,217,津名川セリフ◇そっか,そっか<TYPE interval=45>･･････,这样啊<TYPE interval=45>･･････
5-10-05.txt,221,津名川セリフ◇心配,心配させちゃったな,让你们担心了啊
5-10-05.txt,225,津名川セリフ◇ありがとう,ありがとう　..<BR>元気になったよ,谢谢･･････<BR>我已经精神起来了哦
5-10-05.txt,239,津名川セリフ◇そうだな,そうだな<TYPE interval=45>･･･,也是啊<TYPE interval=45>･･････
5-10-05.txt,243,津名川セリフ◇落ち,落ち込んでもいられない　..か,不能一直这么消沉下去･･････啊
5-11.txt,12,品藤セリフ◇Mr,<FONT size=18><TYPE interval=40>Mr．グラハム！,<FONT size=18><TYPE interval=40>格拉汉姆先生！
5-11.txt,20,グラハムセリフ◇どうした,どうした？,怎么了？
5-11.txt,26,グラハムセリフ◇珍しいな,珍しいな　..<BR>君が血相を変えるなんて,真稀奇･･････<BR>你居然也会大惊失色
5-11.txt,30,グラハムセリフ◇明日は,明日は雨かな,明天会下雨吗
5-11.txt,46,品藤セリフ◇明日は,<TYPE interval=30>明日は曇りです,<TYPE interval=30>明天是阴天
5-11.txt,50,品藤セリフ◇そんな,<TYPE interval=55>そんなことは<BR>どうでもいいですから....<BR>とりあえず..<BR>これを見てください,<TYPE interval=55>那种事<BR>现在无关紧要･･････<BR>总之･･････<BR>请您看看这个
5-11.txt,54,品藤セリフ◇高宮から,高宮からの..<BR>上申書です,是高宫发来的･･････<BR>上申书
5-11.txt,66,品藤セリフ◇上申とは,上申とは<BR>.名をうってありますが　....<BR>これは連絡文書ですね,虽挂着上申书的名头･･････<BR>但这其实<BR>是联络文书吧
5-11.txt,70,品藤セリフ◇もう決定,もう決定したことを..<BR>伝えてあるだけです,只是把已经决定的事情･･････<BR>传达过来而已
5-11.txt,83,グラハムセリフ◇……何,<TYPE interval=45>･･････<TYPE interval=66>何？,<TYPE interval=45>･･････<TYPE interval=66>什么？
5-11.txt,92,グラハムセリフ◇……,<TYPE interval=45>･･････</TYPE><TYPE interval=50>『“予定通り”..本日の夜11時半より<BR>実戦テストを開始致します』<TYPE interval=60>･･････</TYPE>！？,<TYPE interval=45>･･････</TYPE><TYPE interval=50>““按计划进行”･･････今晚11点半起<BR>开始实战测试”<TYPE interval=60>･･････</TYPE>！？
5-11.txt,107,グラハムセリフ◇軍は,軍は？,军队那边呢？
5-11.txt,111,品藤セリフ◇もう,もう“招待状”を<BR>受け取ったそうです,听说已经收到<BR>“邀请信”了
5-11.txt,115,品藤セリフ◇引,ＸＲの引渡しの手続きも..<BR>もう済んでいるようです,XR的移交手续･･････<BR>似乎也已经办妥了
5-11.txt,119,品藤セリフ◇かなり,かなり後手に<BR>まわっています,我们已经<BR>相当被动了
5-11.txt,149,グラハムセリフ◇まずいな,まずいな･･････,这下糟了･･････
5-11.txt,159,高宮セリフ◇篤子,篤子<TYPE interval=45>･･････,笃子<TYPE interval=45>･･････
5-11.txt,166,高宮セリフ◇今日,<TYPE interval=85>今日　....やるわよ,<TYPE interval=85>今天･･････干吧
5-11.txt,184,高宮セリフ◇そうよ,そうよ,没错
5-11.txt,186,篤子セリフ◇実戦,実戦テストはこの前...<BR>未定になったんじゃ･･････,实战测试之前不是･･････<BR>暂定延期了吗･･････
5-11.txt,188,高宮セリフ◇理由が,理由が弱かったから..<BR>そこを突いたのよ,因为理由不够充分･･････<BR>我就抓住了这个漏洞
5-11.txt,193,篤子セリフ◇やる,やる･･････　.って....<BR>もしかして実戦テスト<BR>ですか！？,干･･････<BR>意思是･･････<BR>难道要搞实战测试吗！？
5-11.txt,226,高宮セリフ◇あっち,あっちの都合で<BR>振り回されるなんて....<BR>冗談じゃないしね,被他们那边的情况<BR>牵着团团转･･････<BR>我可不开这种玩笑
5-11.txt,232,篤子セリフ◇でも,でも<TYPE interval=45>･･････,可是<TYPE interval=45>･･････
5-11.txt,242,高宮セリフ◇何？,"何？<BR>,心配なの？",怎么了？<BR>担心吗？
5-11.txt,246,高宮セリフ◇大丈夫,大丈夫よ....　貴方の新しい<BR>プログラムもあるし,没事的･･････<BR>毕竟还有你的新程序
5-11.txt,250,高宮セリフ◇テレ,テレパス実験の成果も<BR>着々とあがってきている,心灵感应实验的成果<BR>也在稳步提升
5-11.txt,254,高宮セリフ◇問題,問題なんて<BR>..一つも無いわ,根本<BR>･･････没有任何问题
5-11.txt,270,篤子セリフ◇……命令,<TYPE interval=45>･･････</TYPE><TYPE interval=55>命令を<BR>無視するようなことをして<BR>大丈夫なんですか･･･？,<TYPE interval=45>･･････</TYPE><TYPE interval=55>做出<BR>无视命令这种事<BR>真的没关系吗･･････？
5-11.txt,274,高宮セリフ◇命令には,<TYPE interval=100>命令には<BR>必ず服従する,<TYPE interval=100>对命令<BR>必须绝对服从
5-11.txt,282,高宮セリフ◇なんて,――<TYPE interval=90>なんて<BR>...真っ平ごめんだわ,——<TYPE interval=90>那种事<BR>･･････我可绝对敬谢不敏。
5-11.txt,303,高宮セリフ◇彼らも,彼らにも..これで<BR>わかるはずよ,这样一来･･････<BR>他们也该明白了吧。
5-11.txt,307,高宮セリフ◇もうこの,もうこの計画が...<BR>後戻りできないことを,明白这项计划已经･･････<BR>无法回头了
5-11.txt,311,高宮セリフ◇どのよう,<TYPE interval=77>どのような御託を並べても..<BR>一つの実行には<BR>適わないことを,<TYPE interval=77>无论罗列多少<BR>冠冕堂皇的大道理･･････<BR>也抵不过一次实际行动。
5-11.txt,315,高宮セリフ◇逆,<TYPE interval=68>逆に彼らに<BR>...教えてあげるわ,<TYPE interval=68>倒不如反过来<BR>･･････由我来好好教教他们。
5-12.txt,11,津名川セリフ◇誰だろう,<TYPE interval=80>誰だろう<TYPE interval=45>･･････,<TYPE interval=80>是谁啊<TYPE interval=45>･･････
5-12.txt,17,津名川セリフ◇こんな,<TYPE interval=80>こんな朝っぱらに<TYPE interval=45>･･････,<TYPE interval=80>这一大早的<TYPE interval=45>･･････
5-12.txt,21,津名川セリフ◇番号,<TYPE interval=80>番号は非通知か･･･,<TYPE interval=80>还是隐藏号码啊･･････
5-12.txt,41,津名川セリフ◇もしもし,もしもし,喂
5-12.txt,45,上代セリフ◇あ,あ　..津名川？,啊･･････津名川？
5-12.txt,58,上代セリフ◇上代,上代だけど　....ちょっと<BR>すっごい情報があるよ,关于上代 ....稍微<BR>有个超厉害的情报哦
5-12.txt,78,選択肢セリフ◇情報,<TYPE interval=0><FONT color=red>情報？</FONT>,<TYPE interval=0><FONT color=red>情报？</FONT>
5-12.txt,79,選択肢セリフ◇なんだ,<TYPE interval=0><FONT color=red>なんだ上代か</FONT>,<TYPE interval=0><FONT color=red>原来是上代啊</FONT>
5-12.txt,94,上代セリフ◇うそうそ,"うそうそ　..冗談,<BR>ただの冗談さ","骗你的啦･･････开玩笑的,<BR>只是开个玩笑啦"
5-12.txt,108,津名川セリフ◇で,で　..高宮研が<BR>なんだって？,然后･･････高宫研<BR>怎么了？
5-12.txt,114,上代セリフ◇まあ,<FONT size=15><TYPE interval=45>まあ　見返りは<BR>後にしておくか･･･,<FONT size=15><TYPE interval=45>算了，报酬什么的<BR>以后再说吧･･････
5-12.txt,120,上代セリフ◇うん？,"うん？,<BR>ああ　..高宮研ね",嗯？<BR>啊･･････是高宫研啊
5-12.txt,124,上代セリフ◇なに,なにやら急遽...実戦テストを<BR>やることになったらしいよ,好像突然决定<BR>要进行实战测试了哦
5-12.txt,135,津名川セリフ◇実戦テスト,"<TYPE interval=35>実戦テスト！？,<BR>中止じゃ..なかったのか？",<TYPE interval=35>实战测试！？<BR>不是已经･･････中止了吗？
5-12.txt,140,上代セリフ◇うん,"うん,<BR>高宮の方がごねてね","嗯,<BR>高宫那边在闹别扭呢"
5-12.txt,146,上代セリフ◇と,とりあえず高宮のほうだけでも<BR>やることになったんだって,总之听说决定<BR>先只让高宫那边做了
5-12.txt,150,津名川セリフ◇何時,<TYPE interval=0>いつ？,<TYPE interval=0>什么时候？
5-12.txt,174,津名川セリフ◇情報？,情報？,情报？
5-12.txt,178,上代セリフ◇高宮研,高宮研の情報<BR>なんだけどね,是关于高宫研的<BR>情报啦
5-12.txt,192,津名川セリフ◇高宮？,高宮？...<BR>一体どんな<TYPE interval=45>･･････,高宫？･･････<BR>到底是什么样的<TYPE interval=45>･･････
5-12.txt,198,上代セリフ◇教えて,教えて欲しい？,想知道吗？
5-12.txt,202,津名川セリフ◇ん？,"ん？,<BR>あ　..ああ",嗯？<BR>啊･･････嗯
5-12.txt,206,上代セリフ◇じゃあ,じゃあ<BR>透花ちゃんを<TYPE interval=45>･･････,那<BR>就把透花<TYPE interval=45>･･････
5-12.txt,225,津名川セリフ◇切って,切っていいか？,能挂了吗？
5-12.txt,238,津名◇選択,なんだ上代か,原来是上代啊
5-12.txt,256,上代セリフ◇なんだ,<TYPE interval=45>なんだ　...<TYPE interval=55>とは<BR>随分な言い草だね,<TYPE interval=45>什么啊･･････<TYPE interval=55>这话说得<BR>也太离谱了吧
5-12.txt,265,津名川セリフ◇あ,あ　..いや<BR>気分を悪くしたのなら謝るよ,啊･･････不<BR>要是让你不高兴了，我道歉
5-12.txt,271,津名川セリフ◇こんな時間,"こんな時間に<BR>..しかも非通知だろ,<BR>誰かと思ってさ","这大清早的<BR>･･････而且还是隐藏号码,<BR>我还以为是别人呢"
5-12.txt,288,上代セリフ◇ふーん,ふーん<TYPE interval=45>･･････,哦——<TYPE interval=45>･･････
5-12.txt,294,上代セリフ◇ま,ま　...いいとするか,算了･･････就这样吧
5-12.txt,298,上代セリフ◇高宮研,高宮研の情報<BR>なんだけどね,是关于高宫研的<BR>情报啦
5-12.txt,314,津名川セリフ◇高宮？,"高宮？,<BR>一体どんな<TYPE interval=45>･･････",高宫？<BR>究竟是怎样的<TYPE interval=45>･･････
5-12.txt,320,上代セリフ◇教えて,教えて欲しい？,想知道吗？
5-12.txt,326,津名川セリフ◇ん？,"ん？,<BR>あ　..ああ",嗯？<BR>啊･･････嗯
5-12.txt,330,上代セリフ◇じゃあ,じゃあ..<BR>透花ちゃんを･･･,那么･･････<BR>就把透花･･････
5-12.txt,348,津名川セリフ◇おい,おいおい,喂喂
5-12.txt,354,津名川セリフ◇駆け,駆け引き打ってるのか？,在跟我耍心眼吗？
5-13.txt,14,スタッフ２セリフ◇や,"や,　伝達ですけど<BR>....上代さんは？",那个，我是来传达消息的･･････<BR>上代呢？
5-13.txt,21,スタッフ１セリフ◇むこうで,むこうで.電話してるよ,在那边打电话呢。
5-13.txt,32,スタッフ２セリフ◇困ったな,"困ったな<TYPE interval=45>･･････,<BR><TYPE interval=60>高宮研からまた..<BR>急ぎの用件がきてるんだよ",真麻烦啊<TYPE interval=45>･･････<BR><TYPE interval=60>高宫研那边又･･････<BR>有急事找过来了。
5-13.txt,38,スタッフ２セリフ◇あの人,あの人　...電話してる時に<BR>じゃますると怒るからなぁ,那个人･･････打电话的时候<BR>要是去打扰可是会发火的。
5-13.txt,50,スタッフ２セリフ◇少しだけ,少しだけでも<BR>話聞いてくれないかな,就不能稍微<BR>听我说两句吗？
5-13.txt,54,スタッフ２セリフ◇高,高宮研　..今日はなんか<BR>ぴりぴりしててさ,高宫研今天不知怎么的<BR>气氛特别紧张。
5-13.txt,58,スタッフ１セリフ◇無理無理,無理無理　....怒らせちゃったら..<BR>それこそ話にならないってもんだぜ,不行不行･･････要是惹火了･･････<BR>那可就真没法好好说话了。
5-13.txt,62,スタッフ１セリフ◇ここの,ここのスタッフでも..<BR>電話してる上代さんに...<BR>話しかける馬鹿.<BR>いないんだから,就算是这里的工作人员･･････<BR>也不会有哪个傻瓜･･････<BR>去打扰<BR>正在打电话的上代。
5-13.txt,83,上代セリフ◇そう,そう　..偉い人だけ集めて<BR>モニター室にいれるみたい,是啊･･････好像只把高层召集起来<BR>关在监控室里了。
5-13.txt,85,上代セリフ◇昨日から,昨日から高宮研が<BR>えらくせっついてきてな,从昨天开始高宫研就<BR>催得特别急。
5-13.txt,87,上代セリフ◇今夜,しつこく理由を聞いたら....<BR>今夜に･･････　..うん,我死缠烂打问了理由･･････<BR>说是今晚･･････嗯。
5-13.txt,91,上代セリフ◇いや,いや　..それがね　....<BR>今夜らしいんよ,不･･････问题是･･････<BR>好像就是今晚。
5-13.txt,112,上代セリフ◇…どうする,･･････どうする？,･･････怎么办？
5-13.txt,116,上代セリフ◇こっち,こっち　..信号<BR>引き込んでおこうか？,我这边･･････要不要把信号<BR>接进来？
5-13.txt,120,上代セリフ◇……そんな,<TYPE interval=15>･･････<TYPE interval=30>そんなの！,<TYPE interval=15>･･････<TYPE interval=30>那种事！
5-13.txt,124,上代セリフ◇できる,<TYPE interval=55>できるにきまってる<BR>....私を誰だと思ってんの？,<TYPE interval=55>当然能做到了<BR>･･････你以为我是谁啊？
5-13.txt,128,スタッフ２セリフ◇あの……,<TYPE interval=78><FONT size=15>あの<TYPE interval=45>･･････,<TYPE interval=78><FONT size=15>那个<TYPE interval=45>･･････
5-13.txt,145,上代セリフ◇……あ？,<TYPE interval=30>･･････<TYPE interval=50>あ？,<TYPE interval=30>･･････<TYPE interval=50>啊？
5-13.txt,163,上代セリフ◇あ,<TYPE interval=25>あんた私が何してるか...<BR>見えないの？,<TYPE interval=25>你看不出我在干嘛吗･･････<BR>看不见？
5-13.txt,165,上代セリフ◇これ,<TYPE interval=30>これが<BR>..見えないわけ？,<TYPE interval=30>这都<BR>･･････看不见？
5-13.txt,167,上代セリフ◇こんな,<TYPE interval=25>こんな大きい受話器..<BR>使ってるのに？,<TYPE interval=25>我都用着这么大的听筒了･･････<BR>还看不见？
5-13.txt,169,スタッフ２セリフ◇いえ,<FONT size=15>いえ　..その,<FONT size=15>不･･････那个
5-13.txt,199,上代セリフ◇さっさと,"さっさと帰れって<BR>言ってんだよ！,<BR>私は忙しいんだ！","我在叫你<BR>快点回去啊！,<BR>我忙着呢！"
5-13.txt,205,上代セリフ◇あんたのその,あんたの<BR>その頭の中に小さくても<BR>脳みそ入ってるなら,要是你那个脑袋里<BR>哪怕还装着一点点<BR>脑子的话
5-13.txt,209,上代セリフ◇私,私が言ってること<BR>わかるよな！？,我说的话<BR>你总该明白吧！？
5-13.txt,226,スタッフ１セリフ◇いわん,<TYPE interval=95>いわんこっちゃ<BR>ない･･････,<TYPE interval=95>我就说吧･･････<BR>･･････
5-14.txt,20,スタッフ１セリフ◇高宮主任,高宮主任　..リフ<BR>..どうします？,高宫主任 ･･････Lift<BR>･･････怎么办？
5-14.txt,26,スタッフ１セリフ◇最初,最初だけでも<BR>キャンセルしたほうが..<BR>いいんじゃないですか,哪怕一开始先<BR>取消･･････<BR>不也更好吗
5-14.txt,30,高宮セリフ◇様子見,様子見？,想观望一下？
5-14.txt,44,スタッフ１セリフ◇ええ…,ええ･･････<BR>....たしかに性能は<BR>..落ちますが,嗯･･････<BR>･･････性能确实会<BR>･･････有所下降
5-14.txt,48,スタッフ１セリフ◇充分,十分なデータも取れてませんし....<BR>実戦では何があるかわかりません,而且还没收集到充足的数据･･････<BR>实战中会发生什么也说不准
5-14.txt,52,高宮セリフ◇……いえ,<TYPE interval=45>･･････<TYPE interval=65>いえ<BR>..キャンセルしないで頂戴,<TYPE interval=45>･･････<TYPE interval=65>不<BR>･･････请不要取消
5-14.txt,56,高宮セリフ◇今,今回はショーみたいなものよ....<BR>圧倒的な力を見せつけないと,这次就像是一场秀･･････<BR>必须展现出压倒性的力量
5-14.txt,73,スタッフ１セリフ◇わかりました,わかりました....<BR>念入りに　調整..<BR>かけときます,明白了･･････<BR>我会仔细<BR>做好调整
5-14.txt,77,高宮セリフ◇よろしくね,よろしくね....<BR>信頼してるわよ,拜托了･･････<BR>我信任你哦
5-14.txt,81,篤子セリフ◇……,<TYPE interval=45>･･････,<TYPE interval=45>･･････
5-14.txt,109,スタッフ１セリフ◇まかせと,<TYPE interval=30>まかせといてください！,<TYPE interval=30>交给我吧！
5-14.txt,116,スタッフ１セリフ◇おい！,<TYPE interval=30>おい！<BR>...フルチェックかけるぞ！....<BR>準備いそげ！,<TYPE interval=30>喂！<BR>･･････进行全面检查！･･････<BR>赶紧准备！
5-14.txt,133,高宮セリフ◇篤子,篤子　..例の視覚照準<BR>システムのほうは<BR>間に合わない？,笃子 ･･････那个视觉瞄准<BR>系统<BR>赶不上了吗？
5-14.txt,139,篤子セリフ◇エレンさん,エレンさん<BR>..いくらなんでも<BR>あれは今夜には無理です,艾伦<BR>･･････不管怎样<BR>今晚也赶不出来
5-14.txt,145,篤子セリフ◇視点トレス,視点トレスのは<BR>エクストラには<BR>追従できないですし,视点描摹的话<BR>Extra 是<BR>无法跟上的
5-14.txt,158,高宮セリフ◇それじゃ,それじゃ<BR>..今回は“<RUBY text='つめ'>爪</RUBY>”を使うしか<BR>ないわね･･････,既然这样<BR>..这次就只能使用“爪”了<BR>呢･･････
5-14.txt,162,篤子セリフ◇単純で,単純でいいと思います....<BR>基本能力を見せるには<BR>より効果的な気もしますし――,我觉得简单点就好･･････<BR>要展示基本能力的话<BR>感觉反而更有效——
5-14.txt,166,篤子セリフ◇多少原始的,多少原始的なほうが..心理的にも<BR>インパクトはあると思います,稍微原始一点的话･･････在心理上<BR>也会更有冲击力
5-14.txt,170,高宮セリフ◇そうね,そうね,也是呢
5-14.txt,196,高宮セリフ◇見せれる,見せられるときに<BR>全部見せておきたかったけど<BR>まあこれで良かったのかもね,虽然想在能让人看的时候<BR>全都展现出来<BR>不过嘛这样也许也挺好的呢
5-14.txt,203,高宮セリフ◇それ,それじゃ<BR>..後は待つとしますか,那<BR>..接下来就等着看吧
5-14.txt,207,篤子セリフ◇はい,はい　..エレンさん,好的 ..艾伦
5-14.txt,243,高宮セリフ◇見てな,見てなさいよ<BR>..津名川<TYPE interval=40>･･････,看着吧<BR>･･････津名川<TYPE interval=40>･･････
5-14.txt,250,高宮セリフ◇今回は,今回は..私が<BR>勝たせてもらうわ,这次･･････由我来<BR>拿下胜利
5-15.txt,22,津名川セリフ◇失礼,失礼<TYPE interval=45>･･････,失礼<TYPE interval=45>･･････
5-15.txt,29,津名川セリフ◇なんとも,なんとも<TYPE interval=45><BR>コメントに困る部屋だな,真是让人<TYPE interval=45><BR>不知该作何评价的房间啊
5-15.txt,43,上代セリフ◇じゃあ,じゃあ<BR>ほっといてよ,那<BR>你就别管我啊
5-15.txt,51,上代セリフ◇私,私は実用本位なこの部屋が<BR>きにいってるんだからさ,我可是很喜欢<BR>这个注重实用的房间呢
5-15.txt,66,上代セリフ◇あ,あ　..一つ貸しだからね....<BR>覚えておいてよ,啊..这可是欠我一个人情哦....<BR>给我记好了
5-15.txt,77,選択肢セリフ◇今は,<TYPE interval=0><FONT color=red>今は覚えるけど<BR>忘れない保証はできないな</FONT>,<TYPE interval=0><FONT color=red>现在我是记住了<BR>但可不敢保证以后不会忘啊</FONT>
5-15.txt,78,選択肢セリフ◇わかった,<TYPE interval=0><FONT color=red>わかったから<BR>早く映せよ</FONT>,<TYPE interval=0><FONT color=red>知道了啦<BR>快点放出来吧</FONT>
5-15.txt,79,選択肢セリフ◇それじゃ,<TYPE interval=0><FONT color=red>それじゃあ帰る</FONT>,<TYPE interval=0><FONT color=red>那我回去了</FONT>
5-15.txt,124,上代セリフ◇あ,<FONT size=15>あ...　なんてオタクな信号<BR>使ってるんだ,<FONT size=15>啊･･････这用的是什么<BR>发烧友级别的信号啊
5-15.txt,132,上代セリフ◇と,<FONT size=15>とっくに滅んだ<BR>..アナログハイビジョンじゃないか,<FONT size=15>这不是早就过时的<BR>･･････模拟高清信号嘛
5-15.txt,136,上代セリフ◇うれし,<FONT size=15>うれしくって..<BR>泣けてくるね･･･っと,<FONT size=15>高兴得..<BR>都快哭出来了呢･･･好了
5-15.txt,142,上代セリフ◇こ,<FONT size=15>こっちのモニタじゃ<BR>..映らないから<BR>..信号回さないと,<FONT size=15>用这边的显示器<BR>..是放不出来的<BR>..得把信号转过去才行
5-15.txt,157,上代セリフ◇まずい,まずい<BR>..デッキもこれじゃ駄目だ,糟了<BR>･･････录像机用这个也不行啊
5-15.txt,162,上代セリフ◇W,ＷＶＨＳのテープ<BR>...あったかなぁ,W-VHS的录像带<BR>･･････有没有呢
5-15.txt,168,上代セリフ◇あとは,あとは<TYPE interval=45>･･････<TYPE interval=65>..　と<BR>....変換機があったはず･･･,然后还有<TYPE interval=45>･･････<TYPE interval=65>･･････ 对<BR>･･････应该有转换器的･･････
5-15.txt,172,上代セリフ◇あ,お　..これだ....<BR>運がいいね.　君,哦･･････就是这个･･････<BR>运气真好啊，你这家伙
5-15.txt,201,上代セリフ◇お…,お<TYPE interval=45>･･････<BR>...<TYPE interval=75>入った入った<TYPE interval=45>･･････,哦<TYPE interval=45>･･････<BR>･･････<TYPE interval=75>进来了进来了<TYPE interval=45>･･････
5-15.txt,225,津名川セリフ◇これか,これか<TYPE interval=45>･･････？,是这个吗<TYPE interval=45>･･････？
5-15.txt,232,上代セリフ◇ちょっと,ちょっとまて･･･<BR>...いくつか信号来てるから..<BR>全部映すよ,稍等一下･･･<BR>...因为有好几个信号过来了..<BR>我全部放出来哦
5-15.txt,239,上代セリフ◇よし,よし　...そっち<BR>リモコン貸して,好･･････那边那个<BR>把遥控器借我
5-15.txt,267,上代セリフ◇ん,ん....　８つもモニタ<BR>つかってんのか～..豪華な,嗯･･････居然用了<BR>8个显示器啊〜･･････真豪华
5-15.txt,272,津名川セリフ◇すごいな,すごいな<TYPE interval=45>･･････<TYPE interval=60>....<BR>あれは軍のロボット<BR>じゃないか,真厉害啊<TYPE interval=45>･･････<TYPE interval=60>･･････<BR>那不是<BR>军用的机器人吗
5-15.txt,276,上代セリフ◇最新,最新のだよ....<BR>どこから持って<BR>来たのやら,是最新型号哦･･････<BR>也不知道是从哪儿<BR>弄来的
5-15.txt,280,上代セリフ◇古痕,古痕の権力侮りがたし<BR>..ってヤツだな,古痕的权力<BR>不可小觑啊･･････说的就是这种情况吧
5-15.txt,302,上代セリフ◇こいつは,こいつは半自動で<BR>..滅茶苦茶速く動くよ,这家伙是半自动的<BR>･･････动作快得离谱哦
5-15.txt,306,上代セリフ◇そ,ＸＲ１０２か<TYPE interval=45>･･････<BR><TYPE interval=65>それとも３かな,是XR102吗<TYPE interval=45>･･････<BR><TYPE interval=65>还是3呢
5-15.txt,310,上代セリフ◇裏側,裏側見ないと分からないけど....<BR>よくテロの鎮圧に使われるやつだ,不看背面的话还不确定･･････<BR>但那是经常用于镇压恐怖活动的型号
5-15.txt,325,上代セリフ◇でも,でもこの映ってるのは<BR>..鎮圧用の武器じゃないけどね,不过现在画面上放的<BR>..可不是镇压用的武器呢
5-15.txt,329,上代セリフ◇当たった,当たったら<BR>ただじゃすまないよ　..これ,要是被打中<BR>可就不是闹着玩的了･･････这玩意儿
5-15.txt,333,上代セリフ◇高,高宮さんちは娘に<BR>そんなに自信があるのかな？,高宫家对女儿<BR>就这么有自信吗？
5-15.txt,352,津名川セリフ◇あるんだ,あるんだろう....　無人機相手なら<BR>得意とするところだしな･･･,"肯定有的吧･･････如果是针对无人机的话,<BR>那可是他们的拿手好戏啊･･････"
5-15.txt,356,上代セリフ◇うわ,うわ　..この子ら<BR>ごっつい武器..<BR>持ってんな～,哇啊 ..这群孩子<BR>拿着好夸张的武器..<BR>呢〜
5-15.txt,360,津名川セリフ◇上代が,上代が作ったんだろ,毕竟是上代造出来的嘛。
5-15.txt,364,津名川セリフ◇ま,まあ　..理にかなってるよ<BR>単純な武器の方がいい,"嘛･･････这也合乎道理,<BR>武器还是简单点好。"
5-15.txt,380,津名川セリフ◇…この,<TYPE interval=45>･･････<TYPE interval=65>この映像<BR>..誰が見てるんだ,<TYPE interval=45>･･････<TYPE interval=65>这影像･･････<BR>･･････是谁在看啊。
5-15.txt,384,上代セリフ◇詳しく,詳しくは知らないけど　..<BR>おおかたグラハム氏と<BR>情報部の品藤,具体我不清楚･･････<BR>大概是格拉汉姆先生<BR>还有情报部的品藤吧。
5-15.txt,388,上代セリフ◇それ,それから<TYPE interval=45>･･････<TYPE interval=65><BR>この機械を貸した<BR>軍事系のお偉い方々かな,然后<TYPE interval=45>･･････<TYPE interval=65><BR>把这台机器借给我们的<BR>军方的大人物们吧。
5-15.txt,414,上代セリフ◇……なあ,"<TYPE interval=45>･･････<TYPE interval=65>なあ　..津名川さあ.,.<BR>なんで　古痕に来たの",<TYPE interval=45>･･････<TYPE interval=65>喂･･････津名川啊･･････<BR>你为什么来古痕？
5-15.txt,420,津名川セリフ◇なんでって,なんでって,你问为什么？
5-15.txt,430,上代セリフ◇わかんない,わかんないんだよ,我也不知道啊。
5-15.txt,434,上代セリフ◇あ,あの子達が戦争するのは<BR>なんか違う気がするんだ,总觉得让那些孩子去打仗<BR>有些不对劲。
5-15.txt,440,津名川セリフ◇感情論,感情論だな....<BR>お前はなんで古痕にいるんだよ,真是感情论啊･･････<BR>那你又为什么待在古痕？
5-15.txt,444,上代セリフ◇……逃げ,<FONT size=15>･･･逃げたかったんだよ,<FONT size=15>･･････因为我想逃跑啊。
5-15.txt,460,上代セリフ◇……ただ,<TYPE interval=45>･･････<TYPE interval=78>ただ...それだけ,<TYPE interval=45>･･････<TYPE interval=78>只是･･････仅此而已。
5-15.txt,465,津名川セリフ◇なるほど,なるほど<TYPE interval=45>･･････ね,原来如此<TYPE interval=45>･･････啊。
5-15.txt,478,上代セリフ◇津名は,津名は？,津名呢？
5-15.txt,482,津名川セリフ◇……ずっと,<TYPE interval=45>･･････<TYPE interval=65>ずっと昔から　..さ,<TYPE interval=45>･･････<TYPE interval=65>从很久以前･･････就开始了。
5-15.txt,486,上代セリフ◇むかし,むかし？,很久以前？
5-15.txt,499,津名川セリフ◇埋まらない,埋まらない穴が<BR>あるんだよ,我心里有个<BR>永远填不满的洞。
5-15.txt,505,津名川セリフ◇ここに,ここに,就在这里。
5-15.txt,512,津名川セリフ◇そういう,<TYPE interval=82>そういう人は穴を埋めるものを<BR>自分で作らなきゃいけない,<TYPE interval=82>这种人必须亲手制造出<BR>能填补那个洞的东西。
5-15.txt,527,津名川セリフ◇穴,穴が空いたままじゃ..<BR>痛くてしょうがないからね,因为洞一直空着的话･･････<BR>会痛得受不了啊。
5-15.txt,534,上代セリフ◇……それ,<TYPE interval=45>･･････<TYPE interval=85>それだって<BR>..逃げじゃないの,<TYPE interval=45>･･････<TYPE interval=85>但那･･････<BR>･･････不也是一种逃避吗？
5-15.txt,539,上代セリフ◇感情,<TYPE interval=88>感情論だよ,<TYPE interval=88>这是感情论哦。
5-15.txt,555,津名川セリフ◇そうだね,そうだね,是啊。
5-15.txt,560,津名川セリフ◇だけど,だけどそれは　..やっぱり<BR>自分じゃないから言えるんだ,但那终究･･････<BR>是因为不是你自己才能说出口的吧。
5-15.txt,565,津名川セリフ◇他人に,他人に立派な理屈を言ってても　..<BR>いざ自分のこととなると理屈なんて･･･,对别人讲一堆漂亮的道理･･････<BR>真轮到自己头上，哪还顾得上什么道理･･････
5-15.txt,578,津名川セリフ◇でも…,でも<TYPE interval=45>･･････<TYPE interval=67><BR>そういう負い目があるからこそ..<BR>作れるものもあるんだ,但是<TYPE interval=45>･･････<TYPE interval=67><BR>正因为有这种愧意･･････<BR>才能创造出某些东西啊。
5-15.txt,582,津名川セリフ◇そうだろ,そうだろ？,对吧？
5-15.txt,586,上代セリフ◇……そう,<FONT size=15><TYPE interval=45>･･････<TYPE interval=88>そうかもね,<FONT size=15><TYPE interval=45>･･････<TYPE interval=88>也许吧。
5-15.txt,611,津名川セリフ◇ん……,"ん<TYPE interval=45>･･････<BR>,<TYPE interval=68>始まりそうだ","嗯<TYPE interval=45>･･････<BR>,<TYPE interval=68>好像要开始了"
5-15.txt,625,高宮セリフ◇……,･･････,･･････
5-15.txt,646,津名川セリフ◇今は覚え,今は覚えるけど...<BR>忘れない保証は.出来ないな,现在虽然会记住･･････<BR>但可不敢保证不忘啊
5-15.txt,650,上代セリフ◇ふふ,ふふ,呵呵
5-15.txt,656,上代セリフ◇忘れない,忘れないようにすりゃ<BR>いいんだろ？,只要想办法不忘<BR>不就行了？
5-15.txt,660,上代セリフ◇大丈夫,大丈夫　..こっちは<BR>覚えてるから,没事･･････这边<BR>记着呢
5-15.txt,664,津名川セリフ◇ハ,ハ　... そりゃ<BR>そうか･･･,哈･･････那倒<BR>也是･･････
5-15.txt,673,津名川セリフ◇わかったから,わかったから<BR>早く映せよ,知道了啦<BR>快点放出来吧
5-15.txt,677,上代セリフ◇え～？,"え～？,<BR>本当にわかったぁ？",诶——？<BR>真的明白了吗？
5-15.txt,692,津名川セリフ◇あー本当,あー　本当本当....<BR>わかってるって,啊，真的真的･･････<BR>知道啦
5-15.txt,698,上代セリフ◇イマイチ,"イマイチ<BR>信用できないなぁ･･･<BR>,<FONT size=14>ブツブツ","总觉得<BR>不太信得过啊･･････<BR>,<FONT size=14>嘀咕"
5-15.txt,707,津名川セリフ◇それじゃ,それじゃ帰る,那回去了
5-15.txt,711,津名川セリフ◇お前に,お前に借りを作ると<BR>ロクな事になりそうにないしな,欠你人情<BR>感觉不会有什么好事
5-15.txt,715,上代セリフ◇その,その「借り」を作ってでも<BR>..見る価値はあると<BR>思うんだけどねぇ？,就算欠下那个“人情”･･････<BR>我觉得也有<BR>值得一看的价值哦？
5-15.txt,726,津名川セリフ◇……痛い,･･････痛いところを<BR>突くヤツだ,･･････你这家伙<BR>真是专挑痛处说啊
5-15.txt,730,津名川セリフ◇わかったよ,わかったよ<BR>..降参だ,知道了<BR>･･････我认输
5-15.txt,734,上代セリフ◇フフ,フフ....　最初から<BR>そう言えばいいんだよ,呵呵･･････一开始<BR>这么说不就行了
5-16.txt,16,津名川セリフ◇……,･･････,･･････
5-16.txt,60,上代セリフ◇一瞬だった,一瞬だったね･･････ぇ....<BR>格が違うってヤツだな～<BR>..こりゃ,真是一瞬间呢･･････诶....<BR>这就是所谓的级别不同吧〜<BR>..这下子
5-16.txt,66,津名川セリフ◇…,･･････,･･････
5-16.txt,79,上代セリフ◇軍の連中,軍の連中のプライド形無しだな....<BR>この型は室内戦闘能力では<BR>一番..ってふれこみなんだ,军方那帮人的骄傲算是扫地了･･････<BR>这个型号在室内战斗能力方面<BR>可是号称第一的･･････
5-16.txt,83,上代セリフ◇もう一回,もう一回見てみる？,要再看一次吗？
5-16.txt,102,上代セリフ◇……津名,･･･津名？,･･････津名？
5-16.txt,108,津名川セリフ◇あ,あ　..ああ,啊･･････嗯
5-16.txt,114,津名川セリフ◇この映像,この映像データ　..<BR>貰えるか,这份影像数据･･････<BR>能给我吗
5-16.txt,118,上代セリフ◇うん,うん....　わかった....<BR>unxフォーマットで<BR>読めるよね,嗯･･････明白了･･････<BR>unx格式的话<BR>能读取吧
5-16.txt,134,上代セリフ◇……ほい,<TYPE interval=45>･･････<TYPE interval=65>ほい,<TYPE interval=45>･･････<TYPE interval=65>给
5-16.txt,138,津名川セリフ◇……助かる,<TYPE interval=45>･･････<TYPE interval=65>助かるよ　..上代,<TYPE interval=45>･･････<TYPE interval=65>帮大忙了･･････上代
5-16.txt,150,上代セリフ◇う,う　..うん,嗯･･････嗯
5-16.txt,156,上代セリフ◇ドキ,"<TYPE interval=20><FONT face=""MS ゴシック\>ドキ","<TYPE interval=20><FONT face=""MS ゴシック\>扑通"
5-16.txt,161,上代セリフ◇なに男に,<TYPE interval=35>なに男に反応してるんだ....<BR>あたし,<TYPE interval=35>我怎么会对男人有反应･･････<BR>我这是
5-16.txt,178,上代セリフ◇津名…,津名･･････<BR>正直　..透花ちゃん達,津名･･････<BR>说实话･･････透花她们
5-16.txt,185,上代セリフ◇や,やりあえるの？...<BR>アレと,能打得过吗？･･････<BR>和那个东西
5-16.txt,189,上代セリフ◇いや,いや　..心配してるわけじゃ<BR>ないけどさ<TYPE interval=45>･･････,不･･････我也不是在担心<BR>就是了<TYPE interval=45>･･････
5-16.txt,201,上代セリフ◇その,その　.....津名のほうが後発で<BR>研究始めたんだし<TYPE interval=45>･･････,那个･･････津名这边毕竟是后开始<BR>研究的<TYPE interval=45>･･････
5-16.txt,205,津名川セリフ◇さぁな,さぁな,谁知道呢
5-16.txt,217,津名川セリフ◇なるよう,なるようになるさ,顺其自然吧
5-16.txt,254,セリフ◇え,<FONT size=15>津名川･･････,<FONT size=15>津名川･･････
5-16.txt,259,セリフ◇ま,<TYPE interval=55>待てったら,<TYPE interval=55>等一下啦
5-16.txt,264,セリフ◇な,･･････なんだよ,･･････干嘛啊
5-16.txt,278,セリフ◇に,"<TYPE interval=45>･･････</TYPE>逃げたって..<BR>いいんだからな<BR>,あの子達を連れて",<TYPE interval=45>･･････</TYPE>就算逃跑了･･････<BR>也无所谓啦<BR>带着那些孩子
5-16.txt,283,セリフ◇何,"何言うんだよ<BR>,いきなり",你在说什么啊<BR>突然之间
5-16.txt,288,セリフ◇な,お前　..きっとこんな仕事に..向いてないんだ,你･･････肯定不适合做这种工作･･････
5-16.txt,324,津名川セリフ◇……すご,<TYPE interval=45>･･････<TYPE interval=65>すごいな,<TYPE interval=45>･･････<TYPE interval=65>真厉害啊
5-16.txt,331,津名川セリフ◇これは数値,<TYPE interval=44>これは数値以上に<BR>性能がでているかもしれない,<TYPE interval=44>这或许展现出了<BR>超越数值的性能
5-16.txt,336,津名川セリフ◇同時に,<TYPE interval=45>同時に動くコンビネーション<TYPE interval=20>･･････<BR><TYPE interval=65>テレパス実験の成果も上々..というわけだ,<TYPE interval=45>同步行动的配合<TYPE interval=20>･･････<BR><TYPE interval=65>心灵感应实验的成果也相当出色･･････就是这么回事。
5-16.txt,341,津名川セリフ◇もう本当,<TYPE interval=45>もう本当に実戦レベル..<BR>と言っていい仕上がりだな,<TYPE interval=45>真的已经达到了实战级别･･････<BR>这完成度，完全可以说是名副其实了。
5-16.txt,358,津名川セリフ◇……予定,<TYPE interval=45>･･････<TYPE interval=65>予定より半年以上早い,<TYPE interval=45>･･････<TYPE interval=65>比原计划提前了半年以上。
5-16.txt,372,津名川セリフ◇挑戦,挑戦<TYPE interval=45>･･････<TYPE interval=65><BR>か<TYPE interval=45>･･････,挑战<TYPE interval=45>･･････<TYPE interval=65><BR>吗<TYPE interval=45>･･････
5-16.txt,393,セリフ◇に,<TYPE interval=30>だからって<BR>...逃げてどうなるって<BR>いうんだ！,<TYPE interval=30>可就算这样･･････<BR>･･････逃避又能有什么用･･････<BR>啊！
5-16.txt,398,セリフ◇ご,"･･････ごめん<BR>,･･･帰るよ",･･････对不起<BR>･･････回去吧
5-17.txt,15,グラハムセリフ◇成功,<TYPE interval=67>成功<TYPE interval=45>･･････<BR>....いや失敗か<TYPE interval=45>･･････,<TYPE interval=67>成功<TYPE interval=45>･･････<BR>･･････不，是失败吗<TYPE interval=45>･･････
5-17.txt,19,グラハムセリフ◇これであの,<TYPE interval=77>これであの少佐だけでなく....<BR>軍の他の連中にもエクストラの実力が...<BR>わかってしまったな<TYPE interval=45>･･････,<TYPE interval=77>这样一来，不仅是那位少佐･･････<BR>军方其他人也见识到Extra的实力了･･････<BR>算是暴露了啊<TYPE interval=45>･･････
5-17.txt,24,品藤セリフ◇突然の,突然のことで<BR>対応が出来ませんでした....<BR>すみません,"事发突然,<BR>没能及时做出应对･･････<BR>非常抱歉"
5-17.txt,36,グラハムセリフ◇いや,いや　..<BR>君の責任ではないよ,不･･････<BR>这不是你的责任
5-17.txt,40,グラハムセリフ◇だが…,だが<TYPE interval=45>･･････<TYPE interval=65>　高宮にも<BR>困ったものだ<TYPE interval=45>･･････,不过<TYPE interval=45>･･････<TYPE interval=65>　高宫那边<BR>也真让人头疼啊<TYPE interval=45>･･････
5-17.txt,57,品藤セリフ◇査問委員会,査問委員会を<BR>開きますか？,要召开<BR>查问委员会吗？
5-17.txt,63,グラハムセリフ◇いや…,いや<TYPE interval=45>･･････...<BR><TYPE interval=67>高宮の言うことも...<BR>もっともなのだ,不<TYPE interval=45>･･････<BR><TYPE interval=67>高宫说的话･･････<BR>也确实有道理
5-17.txt,69,グラハムセリフ◇もめると,もめると思うが　..<BR>結局は不問で終わりだろう,虽然肯定会引起争执･･････<BR>但最后估计还是会不了了之吧
5-17.txt,73,品藤セリフ◇では,では..どうします？,那么･･････您打算怎么办？
5-17.txt,96,グラハムセリフ◇……ふむ,<TYPE interval=45>･･････<TYPE interval=77>ふむ<TYPE interval=45>･･････,<TYPE interval=45>･･････<TYPE interval=77>嗯<TYPE interval=45>･･････
5-17.txt,104,グラハムセリフ◇軍との,軍との連携がスムーズに<BR>いっていたのが気になるな,"和军方的配合进行得太过顺利,<BR>这倒让我有些在意"
5-17.txt,108,品藤セリフ◇内通者,"内通者<TYPE interval=45>･･････,<BR><TYPE interval=67>ですか？",内鬼<TYPE interval=45>･･････<BR><TYPE interval=67>吗？
5-17.txt,114,グラハムセリフ◇ちょうど,ちょうどそんな報告も..<BR>受けている,正好我也收到了<BR>相关的报告･･････
5-17.txt,126,グラハムセリフ◇火のない,火のないところに...<BR>煙はたたない,无火不生烟･･････<BR>事出必有因
5-17.txt,130,グラハムセリフ◇そ,その煙を調べ<BR>..火があろうとなかろうと..<BR>しばらく高宮にはおとなしく<BR>して貰う事にしよう,去查查这股“烟”吧<BR>..不管有没有“火”..<BR>先让高宫<BR>安分一段时间吧
5-17.txt,134,品藤セリフ◇わかり,"わかりました,<BR>その線で動きます","明白了,<BR>我这就顺着这条线去查"
5-17.txt,153,グラハムセリフ◇すまない,"すまないな,<BR>品藤","辛苦你了,<BR>品藤"
5-17.txt,159,品藤セリフ◇いえ,いえ　..これも<BR>私の仕事ですから,不･･････这也是<BR>我的工作
5-18.txt,29,荒山セリフ◇ここに,ここにいたのか<BR>..聡美,原来你在这儿啊<BR>･･････聪美
5-18.txt,35,品藤セリフ◇あ,あ　..荒山さん,啊･･････荒山先生
5-18.txt,41,品藤セリフ◇研究室,"研究室の方は<BR>大丈夫なんですか？,<BR>抜けてきちゃって",研究室那边<BR>不要紧吗？<BR>你就这么跑出来了
5-18.txt,60,荒山セリフ◇ああ,ああ<BR>..どうにも煮詰まっちゃってね....<BR>一息入れようかと思ってさ,啊<BR>･･････实在没什么头绪啊･･････<BR>就想着出来喘口气
5-18.txt,66,荒山セリフ◇教授に,教授に黙って<BR>出て来たトコ,就是背着教授<BR>溜出来的
5-18.txt,70,品藤セリフ◇ふふ,ふふ,呵呵
5-18.txt,98,荒山セリフ◇聡美,――――聡美,————聪美
5-18.txt,100,品藤セリフ◇はい,はい？,什么事？
5-18.txt,102,荒山セリフ◇君は,君は<TYPE interval=45>･･････<TYPE interval=65>　ここを出たら<BR>..キリタに行くんだったな,你<TYPE interval=45>･･････<TYPE interval=65>　离开这里之后<BR>･･････是要去桐田对吧
5-18.txt,104,品藤セリフ◇…ええ,<TYPE interval=45>･･････<TYPE interval=65>ええ....<BR>情報部に,<TYPE interval=45>･･････<TYPE interval=65>是的･･････<BR>去情报部
5-18.txt,144,品藤セリフ◇私には,私には<TYPE interval=45>･･････<TYPE interval=65><BR>他に選ぶべき道なんて...<BR>見つかりそうにないですし,对我而言<TYPE interval=45>･･････<TYPE interval=65><BR>似乎已经找不到<BR>其他可以选择的道路了
5-18.txt,146,品藤セリフ◇これで,これで<TYPE interval=45>･･････<TYPE interval=65><BR>いいんだと思います,我觉得<TYPE interval=45>･･････<TYPE interval=65><BR>这样就好了
5-18.txt,148,品藤セリフ◇もともと,もともと　..選ぶ権利なんて..<BR>無いのかも知れませんけど,毕竟从一开始･･････<BR>我也许就･･････没有选择的权利
5-18.txt,150,品藤セリフ◇荒山さん,"荒山さんは？,<BR>どうするつもり<BR>なんですか？",那荒山先生呢？<BR>您打算<BR>怎么做？
5-18.txt,182,荒山セリフ◇………,"<TYPE interval=60><TYPE interval=45>･･････<TYPE interval=65></TYPE>俺も<BR>,キリタに行こうと思う",<TYPE interval=60><TYPE interval=45>･･････<TYPE interval=65></TYPE>我也<BR>打算去桐田
5-18.txt,186,品藤セリフ◇え？,え？,诶？
5-18.txt,203,荒山セリフ◇君とは,君とは部門が違うけど....<BR>俺の専門は遺伝子工学<BR>だからな,虽然<BR>我和你不在同一个部门･･････<BR>但我的专业是基因工程
5-18.txt,205,荒山セリフ◇俺は,―――俺は<TYPE interval=45>･･････<TYPE interval=75>　キリタの<BR>..古痕のやり方に..諸手を挙げて<BR>賛成はできない,——我<TYPE interval=45>･･････<TYPE interval=75>　对桐田<BR>･･････古痕的行事作风･･････无法举双手<BR>表示赞同
5-18.txt,207,荒山セリフ◇科学者が,<TYPE interval=70>科学者が　..自分の技術に<BR>責任を持たないなんて<BR>おかしいと思う,<TYPE interval=70>我认为科学家･･････<BR>对自己的技术不负责任<BR>简直荒谬
5-18.txt,209,荒山セリフ◇でも…,"でも<TYPE interval=60><TYPE interval=45>･･････<TYPE interval=75>,きっと古痕の力は<BR>..正義のために使う事だって<BR>できると思うんだよ",但是<TYPE interval=60><TYPE interval=45>･･････<TYPE interval=75>，我相信古痕的力量<BR>･･････一定也能<BR>用于正义
5-18.txt,250,荒山セリフ◇正義,"『正義』なんて<TYPE interval=45>･･････<TYPE interval=65><BR>,照れくさい言葉だけど",“正义”这种词<TYPE interval=45>･･････<TYPE interval=65><BR>说起来虽然有些难为情
5-18.txt,256,荒山セリフ◇そう,そう<TYPE interval=45>･･････<TYPE interval=65><BR>思うんだよ,我是这么<TYPE interval=45>･･････<TYPE interval=65><BR>认为的
5-18.txt,270,品藤セリフ◇荒山,荒山さん,荒山先生
5-18.txt,276,荒山セリフ◇なに？,なに？,怎么了？
5-18.txt,280,品藤セリフ◇私は,私は　あなたが<BR>どんな結論を出しても<BR>あなたの味方よ,无论你得出<BR>怎样的结论<BR>我都会站在你这边
5-18.txt,304,荒山セリフ◇…あり,<TYPE interval=45>･･････<TYPE interval=65>ありがとう,<TYPE interval=45>･･････<TYPE interval=65>谢谢你
5-18.txt,322,品藤セリフ◇津名川君,津名川君が<BR>知ったら<TYPE interval=45>･･････,津名川君要是<BR>･･････<TYPE interval=45>知道了的话･･････
5-18.txt,324,品藤セリフ◇最低,最低の女だって<BR>...思うでしょうね<TYPE interval=45>･･････<TYPE interval=65>,一定会觉得<BR>･･････<TYPE interval=45>我是个最差劲的女人吧･･････<TYPE interval=65>
5-19-01.txt,19,荒山セリフ◇品川研究所,<TYPE interval=70>品川研究所の...<BR>高宮エレンだな,<TYPE interval=70>品川研究所的･･････<BR>是高宫艾伦啊
5-19-01.txt,35,エレンセリフ◇･･････そうよ,<TYPE interval=45>･･････</TYPE>そうよ,<TYPE interval=45>･･････</TYPE>没错
5-19-01.txt,42,エレンセリフ◇荒山鳥人,荒山鳥人<TYPE interval=45>･･････,荒山鸟人<TYPE interval=45>･･････
5-19-01.txt,46,エレンセリフ◇公安,公安の<BR>ナンバーレス・エージェントが...<BR>私に何の用？,公安的<BR>无编号特工･･････<BR>找我有什么事？
5-19-01.txt,59,エレンセリフ◇エクストラ,<TYPE interval=55>エクストラプロジェクトの<BR>先輩として　....研究への助言でも<BR>戴けるのかしら,<TYPE interval=55>作为Extra项目的<BR>前辈･･････能不能给我一点<BR>研究上的建议呢
5-19-01.txt,63,荒山セリフ◇ホウ,　ホウ.....　少しは<BR>『知っている』ようだな....<BR>　高宮エレン,哦･･････看来你<BR>“知道”一些内情啊･･････<BR>　高宫艾伦
5-19-01.txt,79,荒山セリフ◇話が早い,話が早い,那就好办了
5-19-01.txt,102,津名川セリフ◇すっかり,すっかり<BR>遅くなっちゃったな,不知不觉<BR>这么晚了啊
5-19-01.txt,106,透花セリフ◇テスト,テスト<TYPE interval=60>･･････</TYPE><BR>長引いちゃいましたもんね,测试<TYPE interval=60>･･････</TYPE><BR>拖得太久了呢
5-19-01.txt,119,エマセリフ◇ホント,ホント....<BR>早くおふろに<BR>入りたいにゃー,真的･･････<BR>好想快点去<BR>洗澡喵——
5-19-01.txt,123,沙友セリフ◇さゆも,さゆもー<BR>おふーろおふーろ,沙友也要——<BR>洗澡澡洗澡澡
5-19-01.txt,128,津名川セリフ◇はは,はは　..そうだな,哈哈･･････也是啊
5-19-01.txt,132,津名川セリフ◇早く帰って,早く帰って<BR>ゆっくり休みたいね,想早点回去<BR>好好休息一下呢
5-19-01.txt,149,津名川セリフ◇･･････何だ,"<TYPE interval=30>･･････<TYPE interval=45>何だ？,<BR>凄い音がしてるな",<TYPE interval=30>･･････<TYPE interval=45>什么？<BR>好大的动静啊
5-19-01.txt,155,透花セリフ◇あっち,<TYPE interval=54>あっちです,<TYPE interval=54>在那边
5-19-01.txt,161,透花セリフ◇誰,誰か<TYPE interval=30>･･････<TYPE interval=45>.....<BR>戦ってるみたい<TYPE interval=30>･･････<TYPE interval=45>です,有人<TYPE interval=30>･･････<TYPE interval=45>･･････<BR>好像在战斗<TYPE interval=30>･･････<TYPE interval=45>･･････
5-19-01.txt,176,津名川セリフ◇また物騒,また物騒な事か,又遇上危险事了
5-19-01.txt,182,津名川セリフ◇本当,本当　..どうしてこう<BR>厄介ごとっていうのは<BR>起きて欲しくないときに重なって<BR>起きるんだろうな,真是･･････为什么<BR>麻烦事总是<BR>在不想发生的时候<BR>凑到一起发生呢
5-19-01.txt,186,津名川セリフ◇気,<TYPE interval=45>･･････<TYPE interval=60>気が滅入るよ,<TYPE interval=45>･･････<TYPE interval=60>真让人心烦啊
5-19-01.txt,189,津名川セリフ◇とはいえ,<TYPE interval=45>とはいえ　..素通りって<BR>ワケにもいかないか,<TYPE interval=45>话虽如此･･････也不能<BR>直接袖手旁观啊
5-19-01.txt,203,津名川セリフ◇弾は･･････,弾は<TYPE interval=25>･･････<TYPE interval=45><BR>入ってるな,子弹<TYPE interval=25>･･････<TYPE interval=45><BR>已经装好了
5-19-01.txt,210,津名川セリフ◇お前達,<TYPE interval=45>お前達....　悪いけど<BR>..戦闘に巻き込まれる事に<BR>なるかもしれない,<TYPE interval=45>你们･･････抱歉了<BR>･･････可能会把你们<BR>卷入战斗中
5-19-01.txt,214,津名川セリフ◇注意,<TYPE interval=45>注意しておいて<BR>くれるかい,<TYPE interval=45>你们自己<BR>也小心点
5-19-01.txt,226,津名川セリフ◇まだ,<TYPE interval=45>まだ　..モードは<BR>切り替えなくていいから,<TYPE interval=45>还･･････不用<BR>切换模式
5-19-01.txt,232,３人セリフ1◇はいっ,<TYPE interval=20><FONT size=15>はいっ,<TYPE interval=20><FONT size=15>好的
5-19-01.txt,234,３人セリフ2◇はいっ,<TYPE interval=20>はいっ！,<TYPE interval=20>好的！
5-19-01.txt,236,３人セリフ3◇はいっ,<TYPE interval=20>はいっ！,<TYPE interval=20>好的！
5-19-01.txt,267,荒山セリフ◇フン,<TYPE interval=55>フン....　この程度か....<BR>笑わせるな..　高宮,<TYPE interval=55>哼･･････就这点程度吗･･････<BR>别开玩笑了･･････高宫
5-19-01.txt,274,エレンセリフ◇くっ・・・,<TYPE interval=45>くっ<TYPE interval=20>･･････,<TYPE interval=45>唔<TYPE interval=20>･･････
5-19-01.txt,281,知佳知登セリフ◇････････････,<FONT size=15><TYPE interval=45>････････････,<FONT size=15><TYPE interval=45>･･････
5-19-01.txt,411,荒山セリフ◇そろそろ,そろそろ<BR>..終いにするか,差不多<BR>･･････该收场了吧
5-19-01.txt,439,津名川セリフ◇荒山,<FONT size=18><TYPE interval=35>荒山！？</FONT>,<FONT size=18><TYPE interval=35>荒山！？</FONT>
5-19-01.txt,444,津名川セリフ◇それに･･････,それに･･････<TYPE interval=55><BR>高宮？,还有･･････<TYPE interval=55><BR>高宫？
5-19-01.txt,463,荒山セリフ◇奇遇だな,奇遇だな　..津名川宗慈,真是奇遇啊　･･････津名川宗慈
5-19-01.txt,471,荒山セリフ◇こんな,こんな所で<BR>出会うとは,没想到会在这种地方<BR>碰面
5-19-01.txt,487,エレンセリフ◇津名川,<TYPE style=Fade interval=70>津名川<TYPE interval=45>･･････,<TYPE style=Fade interval=70>津名川<TYPE interval=45>･･････
5-19-01.txt,510,津名川セリフ◇高宮の,<TYPE interval=45>高宮のエクストラ達が<BR>あそこまでやられるなんて,<TYPE interval=45>高宫的Extra们<BR>竟然被打得那么惨
5-19-01.txt,512,津名川セリフ◇荒山の,<TYPE interval=45>荒山の実力はそこまで<BR>強力なものなのか？,<TYPE interval=45>荒山的实力<BR>竟然强大到这种地步？
5-19-01.txt,524,エマセリフ◇宗慈さん,"<TYPE interval=25><FONT size=18>宗慈さん！,<BR>あの娘たち<BR>..殺されちゃうよ！",<TYPE interval=25><FONT size=18>宗慈！<BR>那些女孩们<BR>･･････要被杀掉了！
5-19-01.txt,531,透花セリフ◇ご主人様,ご主人様<TYPE interval=45>･･････,主人<TYPE interval=45>･･････
5-19-01.txt,538,沙友セリフ◇せんせい,<TYPE interval=80>せんせい<TYPE interval=45>･･････,<TYPE interval=80>老师<TYPE interval=45>･･････
5-19-01.txt,550,津名川セリフ◇くっ,くっ･･････,唔･･････
5-19-01.txt,558,選択肢セリフ◇よし,<TYPE interval=0><FONT color=red>よし　彼女達を<BR>助けるぞ！</FONT>,<TYPE interval=0><FONT color=red>好<BR>去救她们！</FONT>
5-19-01.txt,559,選択肢セリフ◇ここは,<TYPE interval=0><FONT color=red>ここは･･････<BR>手を出すべきじゃない</FONT>,<TYPE interval=0><FONT color=red>现在･･････<BR>不该插手</FONT>
5-19-01.txt,595,津名川セリフ◇よし,<TYPE interval=30>よし　..彼女達を助ける！....<BR>..お前達　..モードは切り替えたか？,<TYPE interval=30>好　･･････去救她们！･･････<BR>･･････你们　･･････切换模式了吗？
5-19-01.txt,602,三人セリフ01◇はい,<TYPE interval=0>はい！,<TYPE interval=0>是！
5-19-01.txt,604,三人セリフ02◇はい,<TYPE interval=0>はい！,<TYPE interval=0>是！
5-19-01.txt,606,三人セリフ03◇はい,<TYPE interval=0>はい！,<TYPE interval=0>是！
5-19-01.txt,617,津名川セリフ◇３人同時,<TYPE interval=45>３人同時にかかるんだ....<BR>それなら　..まだ勝機がある！,<TYPE interval=45>三人同时进攻的话･･････<BR>那就　･･････还有胜算！
5-19-01.txt,621,透花セリフ◇はい！,<TYPE interval=0>はい！,<TYPE interval=0>是！
5-19-01.txt,625,エマセリフ◇よーし,<TYPE interval=30><FONT size=18>よーし！,<TYPE interval=30><FONT size=18>好嘞！
5-19-01.txt,630,沙友セリフ◇いくぞぉ,"<TYPE interval=20><FONT size=18 face=""MS ゴシック\>いくぞぉ～！</FONT>","<TYPE interval=20><FONT size=18 face=""MS ゴシック\>上咯〜！</FONT>"
5-19-01.txt,645,津名川セリフ◇ここは･･････,<TYPE interval=55>ここは･･････<BR>....手を出すべきじゃない,<TYPE interval=55>现在･･････<BR>･･････不该插手
5-19-01.txt,649,津名川セリフ◇今のところ,<TYPE interval=40>今のところ　..お前達の能力は<BR>高宮のエクストラ達より<BR>優れているわけじゃない,<TYPE interval=40>目前来看　･･････你们的能力<BR>并没有比高宫的Extra们<BR>更强
5-19-01.txt,653,津名川セリフ◇勝てる,<TYPE interval=77>勝てる相手じゃ<TYPE interval=45>･･････<TYPE interval=77><BR>なさそうだ,<TYPE interval=77>看来不是能赢的对手<TYPE interval=45>･･････<TYPE interval=77><BR>啊
5-19-01.txt,661,エマセリフ◇そんな！,<TYPE interval=23>そんな！....<BR><TYPE interval=35>あの子たちが<BR>..殺されそうなのに！,<TYPE interval=23>怎么这样！･･････<BR><TYPE interval=35>那些孩子<BR>･･････都要被杀了！
5-19-01.txt,666,透花セリフ◇ご主人様･･････,ご主人様･･････,主人･･････
5-19-01.txt,671,沙友セリフ◇かわいそう,"<TYPE interval=45><FONT size=18 face=""MS ゴシック\>かわいそう<BR>だよ～","<TYPE interval=45><FONT size=18 face=""MS ゴシック\>好可怜<BR>哦〜"
5-19-01.txt,692,津名川セリフ◇戦って,<TYPE interval=55>戦って勝てる<BR>相手じゃないんだ･･････,<TYPE interval=55>那不是靠战斗<BR>就能赢的对手･･････
5-19-01.txt,695,津名川セリフ◇怪我,<TYPE interval=55>怪我だけじゃ済まないかも<BR>..しれないんだぞ,<TYPE interval=55>搞不好可不只是<BR>･･････受伤那么简单啊
5-19-01.txt,698,３人セリフ01◇･･････,<TYPE interval=60>･･････,<TYPE interval=60>･･････
5-19-01.txt,700,３人セリフ02◇･･････,<TYPE interval=60>･･････,<TYPE interval=60>･･････
5-19-01.txt,702,３人セリフ03◇･･････,<TYPE interval=60>･･････,<TYPE interval=60>･･････
5-19-01.txt,718,エマセリフ◇私,私　...助けに<BR>行く！,我･･････去<BR>救人！
5-19-01.txt,725,沙友セリフ◇さ,<FONT size=18><TYPE interval=30>さ　..さゆも～！,<FONT size=18><TYPE interval=30>沙、沙友也〜！
5-19-01.txt,732,透花セリフ◇ご主,<FONT size=15>ご主人様<TYPE interval=30><BR>･･････<TYPE interval=45>ごめんなさい,<FONT size=15>主人<TYPE interval=30><BR>･･････<TYPE interval=45>对不起
5-19-01.txt,757,津名川セリフ◇よ,<FONT size=18>よ　..よすんだ！,<FONT size=18>住、住手！
5-19-01.txt,762,津名川セリフ◇く,<TYPE interval=10>くっ<TYPE interval=30>･･････,<TYPE interval=10>唔<TYPE interval=30>･･････
5-19-01.txt,767,津名川セリフ◇しょう,<TYPE interval=20>しょうがない！,<TYPE interval=20>没办法了！
5-19-01.txt,785,津名川セリフ◇３人同時,<TYPE interval=45>３人同時にかかるんだ....<BR>それなら　..まだ勝機がある！,<TYPE interval=45>三人同时进攻的话･･････<BR>那就　･･････还有胜算！
5-19-01.txt,793,透花セリフ◇はい！,<TYPE interval=0>はい！,<TYPE interval=0>是！
5-19-01.txt,797,エマセリフ◇よーし,<TYPE interval=30><FONT size=18>よーし！,<TYPE interval=30><FONT size=18>好嘞！
5-19-01.txt,801,沙友セリフ◇いくぞぉ,"<TYPE interval=20><FONT size=18 face=""MS ゴシック\>いくぞぉ～！</FONT>","<TYPE interval=20><FONT size=18 face=""MS ゴシック\>上咯〜！</FONT>"
5-19-02.txt,14,荒山セリフ◇フ,フン....<BR>負けると知っていながら<BR>..なお　..勝負を挑むか,哼･･････<BR>明知必败无疑<BR>･･････却还要･･････向我挑战吗。
5-19-02.txt,16,荒山セリフ◇正義は,正義は勝ってこその<BR>..正義だと教えてやる,"我来教教你吧,<BR>･･････正义，唯有胜利才是正义。"
5-19-02.txt,120,荒山セリフ◇避ける,<FONT size=18>避ける！？</FONT>,<FONT size=18>躲开了！？</FONT>
5-19-02.txt,198,セリフ◇は,<FONT size=15>はぁ　はぁ,<FONT size=15>哈啊･･････哈啊･･････
5-19-02.txt,200,セリフ◇この,<FONT size=15>このひと<BR>...･･････強い･･････</FONT>,<FONT size=15>这个人<BR>･･････好强･･････</FONT>
5-19-02.txt,202,セリフ◇！,･･････</FONT>,･･････</FONT>
5-19-02.txt,238,セリフ◇う,"<FONT size=22 face=""MS ゴシック\><TYPE interval=20>うにゃにゃ<BR>にゃー！</FONT>","<FONT size=22 face=""MS ゴシック\><TYPE interval=20>唔喵･･････<BR>喵呜！</FONT>"
5-19-02.txt,246,セリフ◇エ,"<FONT size=18 face=""MS ゴシック\><TYPE interval=0>エマ！</FONT>","<FONT size=18 face=""MS ゴシック\><TYPE interval=0>艾玛！</FONT>"
5-19-02.txt,254,セリフ◇だ,<FONT size=18><TYPE interval=30>だめ！<BR>..<FONT size=16>バラバラじゃ･･･</FONT>,<FONT size=18><TYPE interval=30>不行！<BR>･･････<FONT size=16>太分散了･･････</FONT>
5-19-02.txt,331,エマセリフ◇かは！,"<FONT size=28 face=""MS ゴシック\><TYPE interval=30>かはッ！</FONT>","<FONT size=28 face=""MS ゴシック\><TYPE interval=30>咳啊！</FONT>"
5-19-02.txt,338,透花セリフ◇エマ！,"<FONT size=20 face=""MS ゴシック\>エマ！？</FONT>","<FONT size=20 face=""MS ゴシック\>艾玛！？</FONT>"
5-19-02.txt,361,セリフ◇！,"<FONT size=18 face=""MS ゴシック\>！</FONT>","<FONT size=18 face=""MS ゴシック\>！</FONT>"
5-19-02.txt,363,セリフ◇！！,"<FONT size=18 face=""MS ゴシック\>！！</FONT>","<FONT size=18 face=""MS ゴシック\>！！</FONT>"
5-19-02.txt,437,津名川セリフ◇ぐっ！,"<FONT size=18 face=""MS ゴシック\>ぐっ！</FONT>","<FONT size=18 face=""MS ゴシック\>唔！</FONT>"
5-19-02.txt,453,透花セリフ◇御主人,<FONT size=14>御主人さま<BR>･･････！</FONT>,<FONT size=14>主人<BR>･･････！</FONT>
5-19-02.txt,485,荒山セリフ◇この程度,<TYPE interval=75>この程度か<BR>..津名川宗慈,<TYPE interval=75>就只有这点本事吗<BR>･･････津名川宗慈。
5-19-02.txt,492,荒山セリフ◇お笑い,<TYPE interval=80>お笑いだな,<TYPE interval=80>简直是个笑话。
5-19-02.txt,496,津名川セリフ◇く････････････,<TYPE interval=60>く･･･････,<TYPE interval=60>唔･･････
5-19-02.txt,510,荒山セリフ◇目先の,<TYPE interval=75>目先の数字を追うから...<BR>こうなる,<TYPE interval=75>就是因为只盯着眼前的数字･･････<BR>才会落得这下场。
5-19-02.txt,514,荒山セリフ◇そんなこと,<TYPE interval=65>そんなことでは<BR>本質にはたどりつけんぞ,<TYPE interval=65>就凭这种程度<BR>是触及不到本质的。
5-19-02.txt,518,荒山セリフ◇――おっと,――おっと･･････<BR>...しゃべりすぎたな,——哎呀･･････<BR>･･････说得有些多了。
5-19-02.txt,522,津名川セリフ◇････････････,<TYPE interval=60>････････････,<TYPE interval=60>･･････
5-19-02.txt,548,荒山セリフ◇高宮は･･････,"高宮は･･････,<BR>消えたか",高宫･･････<BR>是消失了吗。
5-19-02.txt,558,荒山セリフ◇これが最後,これが最後の警告だ　..<BR>津名川宗慈,这是最后的警告･･････<BR>津名川宗慈。
5-19-02.txt,580,荒山セリフ◇学習,<TYPE style=Fade interval=80>学習せぬ愚者は...<BR>命を失うことになる,<TYPE style=Fade interval=80>不肯吸取教训的愚者･･････<BR>只会落得丧命的下场。
5-20.txt,13,津名川セリフ◇少し痛い,少し痛いと思うが<TYPE interval=60>･･････,虽然会觉得有点痛･･････<TYPE interval=60>･･････
5-20.txt,19,透花セリフ◇は,<FONT size=15>は　..はい<TYPE interval=60>･･････,<FONT size=15>是･･････是的<TYPE interval=60>･･････
5-20.txt,32,津名川セリフ◇一番怪我,一番怪我が酷いのは透花だった,伤势最重的是透花。
5-20.txt,38,津名川セリフ◇最も,最もバランスの取れている彼女がなぜ？,身体机能最均衡的她，为什么会这样？
5-20.txt,42,津名川セリフ◇――と,――と思ったが　..その答えは明快だった,——我正这么想着，答案却很明显。
5-20.txt,55,津名川セリフ◇それは,それは　..荒山が手加減を出来なかったから<BR>ということだ,那是因为･･････荒山没能手下留情<BR>就是这么回事。
5-20.txt,60,津名川セリフ◇彼女の,彼女の場合　..能力の高さが<BR>仇となったわけである,对她而言･･････过高的能力<BR>反而成了劣势。
5-20.txt,72,津名川セリフ◇ちなみに,ちなみに　..一番軽症だったのは　..エマだ,顺便一提･･････伤势最轻的是･･････艾玛。
5-20.txt,78,津名川セリフ◇彼女は,彼女は透花とは違い<BR>身体能力にばらつきがある,她和透花不同<BR>身体能力参差不齐。
5-20.txt,88,津名川セリフ◇もしか,もしかすると　..それが良い方向に<BR>出た結果――といえるのかもしれない,搞不好 ..这也可以说是<BR>朝着好的方向发展的结果――呢
5-20.txt,92,津名川セリフ◇いやそれ,いやそれとも<TYPE interval=60>･･････</TYPE>？,不，还是说<TYPE interval=60>･･････</TYPE>？
5-20.txt,104,透花セリフ◇御主人様,御主人様？,主人？
5-20.txt,110,エマセリフ◇そーじ,そーじさん<BR>どうしたの？,宗慈<BR>你怎么了？
5-20.txt,116,津名川セリフ◇ん,ん　...あ　...<BR>なんでもないよ,嗯･･････啊･･････<BR>没什么。
5-20.txt,137,津名川セリフ◇はい,はい　...これで一応<BR>終了っと<TYPE interval=45>･･････,好･･････这样总算<BR>结束了<TYPE interval=45>･･････
5-20.txt,143,透花セリフ◇ありがとう,<FONT size=15>ありがとう<BR>ございます<TYPE interval=45>･･････,<FONT size=15>非常<BR>感谢您<TYPE interval=45>･･････
5-20.txt,149,津名川セリフ◇うん,うん<TYPE interval=60>･･････,嗯<TYPE interval=60>･･････
5-20.txt,172,津名川セリフ◇あ,あ　..お粥を作ってあげるから<BR>...このまま待ってなさい,啊･･････我去给你们做点粥<BR>･･････乖乖在这里等着。
5-20.txt,176,沙友セリフ◇え,<FONT face='ＭＳゴシック'>え　..おーかーゆ？,<FONT face='ＭＳゴシック'>诶･･････粥〜粥？
5-20.txt,180,津名川セリフ◇どろどろ,どろどろになったご飯だよ,就是变得烂糊糊的米饭哦。
5-20.txt,184,透花セリフ◇食べて,食べていいんですか？,可以吃吗？
5-20.txt,199,津名川セリフ◇ああ,ああ　..お粥なら<BR>..大丈夫だと思うしね,啊･･････如果是粥的话<BR>･･････应该没问题。
5-20.txt,203,津名川セリフ◇まあ,まあその他には..<BR>何も入れられないけどね,不过除此之外･･････<BR>就什么都加不了了呢。
5-20.txt,207,透花セリフ◇待って,<FONT size=15>待ってます<TYPE interval=45>･･････,<FONT size=15>我等着您<TYPE interval=45>･･････
5-20.txt,211,津名川セリフ◇うん,うん,嗯。
5-20.txt,239,津名川セリフ◇塩は,塩は<TYPE interval=45>･･････</TYPE>　まあ<BR>...これくらいか,盐的话<TYPE interval=45>･･････</TYPE>　嗯<BR>･･････放这么多差不多吧。
5-20.txt,243,津名川セリフ◇少なめ,少なめに<BR>しとかないとな<TYPE interval=45>･･････,得放淡一点<BR>才行呢<TYPE interval=45>･･････
5-20.txt,263,津名川セリフ◇香辛料,香辛料ショックを<BR>気をつけないとな,得小心香辛料刺激<BR>造成的不适才行。
5-20.txt,276,津名川セリフ◇う,"うん,<BR>出来た","好,<BR>做好了。"
5-20.txt,297,津名川セリフ◇はい,はい　..お待たせ,好･･････让你们久等了。
5-20.txt,318,エマセリフ◇わぁっ,<FONT size=32 face='ＭＳ ゴシック'>わぁっ,<FONT size=32 face='ＭＳ ゴシック'>哇啊
5-20.txt,324,沙友セリフ◇あーた,<FONT size=24 face='ＭＳ ゴシック'>あーたかーいー,<FONT size=24 face='ＭＳ ゴシック'>好——暖——啊——
5-20.txt,330,透花セリフ◇湯気だ,湯気だ<TYPE interval=45>･･････,是热气啊<TYPE interval=45>･･････
5-20.txt,357,津名川セリフ◇さあ,さあ　..食べていいよ,来･･････可以吃了哦
5-20.txt,362,津名川セリフ◇熱い,熱いから<BR>..気をつけてな,很烫哦<BR>･･････小心点
5-20.txt,373,沙友セリフ◇ふ～ふ～,ふ<TYPE style='Spring' interval=500 speed=500>～</FONT>ふ<TYPE style='Spring' interval=500 speed=500'>～</FONT>,呼<TYPE style='Spring' interval=500 speed=500>〜</FONT>呼<TYPE style='Spring' interval=500 speed=500'>〜</FONT>
5-20.txt,380,透花セリフ◇ふー,ふ<TYPE style='Spring' interval=500 speed=500>ー</FONT>,呼<TYPE style='Spring' interval=500 speed=500>—</FONT>
5-20.txt,400,津名川セリフ◇どう,どうだい？,怎么样？
5-20.txt,404,エマセリフ◇あちっ,<TYPE interval=50>..あちっ,<TYPE interval=50>･･････好烫
5-20.txt,410,エマセリフ◇熱い,あついよ～<BR>宗慈さん～,好烫哦〜<BR>宗慈〜
5-20.txt,416,沙友セリフ◇おもしろ,<FONT face='ＭＳ ゴシック'>おもしろーいー<BR>あじー,<FONT face='ＭＳ ゴシック'>好有趣——<BR>味道——
5-20.txt,422,透花セリフ◇美味,<FONT size=12>美味しいです<TYPE interval=45>･･････,<FONT size=12>很好吃<TYPE interval=45>･･････
5-20.txt,439,津名川セリフ◇はは,はは　..ちゃんと噛んで<BR>食べるんだよ,哈哈･･････要好好嚼碎<BR>再吃哦
5-20.txt,443,三人セリフ01◇はーい,<TYPE interval=0>はーい,<TYPE interval=0>好——
5-20.txt,445,三人セリフ02◇はーい,<TYPE interval=0><FONT face='ＭＳ ゴシック' size=20>はーい,<TYPE interval=0><FONT face='ＭＳ ゴシック' size=20>好——
5-20.txt,447,三人セリフ03◇はーい,<TYPE interval=0>はいっ,<TYPE interval=0>好！
5-21-01.txt,15,透花セリフ◇御主人,<FONT size=15>御主人様<TYPE interval=45>･･････,<FONT size=15>主人<TYPE interval=45>･･････
5-21-01.txt,21,津名川セリフ◇どうした,"どうした？,<BR>透花",怎么了？<BR>透花
5-21-01.txt,37,透花セリフ◇ごめん,<FONT size=15>ごめんなさい<TYPE interval=45>･･････,<FONT size=15>对不起<TYPE interval=45>･･････
5-21-01.txt,41,津名川セリフ◇透花は,透花は謝らなくて<BR>いいんだよ,透花不用道歉<BR>也没关系的
5-21-01.txt,45,津名川セリフ◇全部,全部　..自分が<BR>..不甲斐なかったからさ,全都是･･････因为我<BR>･･････太没出息了
5-21-01.txt,57,透花セリフ◇御主人様,<FONT size=15>御主人様<TYPE interval=45>･･････,<FONT size=15>主人<TYPE interval=45>･･････
5-21-01.txt,61,津名川セリフ◇ん？,ん？,嗯？
5-21-01.txt,65,透花セリフ◇捨てたり,<TYPE interval=85><FONT size=15>捨てたり<TYPE interval=45>･･････<BR><TYPE interval=85>しないでください<TYPE interval=45>･･････,<TYPE interval=85><FONT size=15>请别<TYPE interval=45>･･････<BR><TYPE interval=85>把我丢掉<TYPE interval=45>･･････
5-21-01.txt,82,津名川セリフ◇･･････捨て,<TYPE interval=65>･･････<TYPE interval=85>そんな事<BR>...するはずがないよ,<TYPE interval=65>･･････<TYPE interval=85>我怎么可能<BR>･･････做那种事呢
5-21-01.txt,90,選択①,<FONT color=red><TYPE interval=0>お前達は僕の娘<BR>みたいなものだからね,<FONT color=red><TYPE interval=0>因为你们对我来说<BR>就像女儿一样啊
5-21-01.txt,91,選択②,<FONT color=red><TYPE interval=0>こんなに可愛いお前を<BR>捨てたりするもんか･･････,<FONT color=red><TYPE interval=0>这么可爱的你<BR>我怎么舍得丢掉呢･･････
5-21-01.txt,119,津名川セリフ◇･･････捨て,<TYPE interval=45>･･････<TYPE interval=85>捨てたり<BR>..なんてしないよ,<TYPE interval=45>･･････<TYPE interval=85>我绝对不会<BR>･･････把你丢掉的
5-21-01.txt,123,津名川セリフ◇透花達は,<TYPE interval=80>透花達は<BR>...みんな大切だからね,<TYPE interval=80>透花你们<BR>･･････对我来说都很重要啊
5-21-01.txt,140,津名川セリフ◇おやすみ,おやすみ<BR>..透花,晚安<BR>･･････透花
5-21-01.txt,147,透花セリフ◇はい,<FONT size=15>はい<TYPE interval=45>･･････,<FONT size=15>嗯<TYPE interval=45>･･････
5-21-01.txt,163,津名川セリフ◇じゃあね,じゃあね<TYPE interval=45>･･････,那我先走啦<TYPE interval=45>･･････
5-21-01.txt,167,透花セリフ◇はい･･････,はい<TYPE interval=45>･･････,嗯<TYPE interval=45>･･････
5-21-01.txt,191,津名川セリフ◇透花達は,<TYPE interval=80>お前達は僕の娘<BR>...みたいなものだからね,<TYPE interval=80>因为你们对我来说<BR>･･････就像女儿一样啊
5-21-01.txt,208,津名川セリフ◇おやすみ,おやすみ<BR>..透花,晚安<BR>･･････透花
5-21-01.txt,215,透花セリフ◇はい,<FONT size=15>はい<TYPE interval=45>･･････,<FONT size=15>嗯<TYPE interval=45>･･････
5-21-01.txt,231,津名川セリフ◇じゃあね,じゃあね<TYPE interval=45>･･････,那我先走啦<TYPE interval=45>･･････
5-21-01.txt,235,透花セリフ◇はい･･････,はい<TYPE interval=45>･･････,嗯<TYPE interval=45>･･････
5-21-01.txt,261,セリフ◇こんな,こんなに可愛いお前を<BR>...捨てたりするもんか･･････,这么可爱的你<BR>･･････我怎么舍得丢掉呢･･････
5-21-01.txt,265,セリフ◇え,<FONT size=15>ご主人さま･･････,<FONT size=15>主人･･････
5-21-01.txt,270,セリフ◇売れ,"<FONT size=15>嬉しい･･････,<BR>です･･････",<FONT size=15>我好･･････<BR>开心･･････
5-21-01.txt,288,セリフ◇コ,かわいいな<BR>...透花は,真可爱啊<BR>･･････透花
5-21-01.txt,293,セリフ◇え,"<FONT size=14>ご主人さまの手･･････<BR>,あったかい･････････",<FONT size=14>主人的手･･････<BR>好温暖･･････
5-21-02.txt,15,津名川セリフ◇おやす,"おやす<TYPE interval=45>･･････<BR>,<TYPE interval=85>ん？",晚安<TYPE interval=45>･･････<BR><TYPE interval=85>嗯？
5-21-02.txt,21,津名川セリフ◇どうした,どうした？　エマ,怎么了？艾玛
5-21-02.txt,35,エマセリフ◇宗慈さん,宗慈さん<TYPE interval=45>･･････,宗慈<TYPE interval=45>･･････
5-21-02.txt,39,津名川セリフ◇ん,ん？,嗯？
5-21-02.txt,43,エマセリフ◇だめだ,だめだったね･･････,还是不行呢･･････
5-21-02.txt,55,津名川セリフ◇エマは,エマは頑張ったよ,艾玛已经很努力了哦
5-21-02.txt,59,津名川セリフ◇悪い,悪いのは自分さ<TYPE interval=65>･･････,都怪我自己<TYPE interval=65>･･････
5-21-02.txt,63,エマセリフ◇宗慈,<FONT size=15>宗慈さんは<BR>悪くないよ<TYPE interval=65>･･････,<FONT size=15>宗慈没有<BR>错哦<TYPE interval=65>･･････
5-21-02.txt,67,津名川セリフ◇ありがとう,ありがとう　エマ,谢谢你，艾玛
5-21-02.txt,81,津名川セリフ◇まあ今日,まあ今日は<BR>..これくらいでおやすみ,嘛，今天就<BR>･･････先这样吧，晚安
5-21-02.txt,85,エマセリフ◇うん,うん<TYPE interval=45>･･････,嗯<TYPE interval=45>･･････
5-21-02.txt,101,エマセリフ◇あ,あ　..宗慈さん<TYPE interval=65>･･････,啊･･････宗慈<TYPE interval=65>･･････
5-21-02.txt,107,津名川セリフ◇ん？,ん？,嗯？
5-21-02.txt,121,エマセリフ◇･･････ごめん,<FONT size=15>ごめん<TYPE interval=65>･･････,<FONT size=15>对不起<TYPE interval=65>･･････
5-21-02.txt,126,津名川セリフ◇……,･･････,･･････
5-21-02.txt,151,選択肢◇エマは,<TYPE interval=0><FONT color=red>エマは悪くないよ</FONT>,<TYPE interval=0><FONT color=red>艾玛没有错哦</FONT>
5-21-02.txt,152,選択肢◇一緒に,<TYPE interval=0><FONT color=red>･･････一緒に寝ようか？</FONT>,<TYPE interval=0><FONT color=red>･･････一起睡吧？</FONT>
5-21-02.txt,180,津名川◇今日は,<TYPE interval=60>･･････</TYPE>今日は..一緒に<BR>寝ようか？,<TYPE interval=60>･･････</TYPE>今天･･････一起<BR>睡吧？
5-21-02.txt,184,エマ◇え,"え<TYPE interval=60>･･････</TYPE>,<BR>ほんとに？","诶<TYPE interval=60>･･････</TYPE>,<BR>真的吗？"
5-21-02.txt,188,津名川◇エマの,"エマのこと,<BR>心配だしね",因为担心艾玛<BR>啊
5-21-02.txt,199,エマ◇沈黙,<FONT size=15><TYPE interval=60>･･････</TYPE>,<FONT size=15><TYPE interval=60>･･････</TYPE>
5-21-02.txt,203,エマ◇宗慈,<FONT size=15>宗慈さんてば<TYPE interval=40>･･････</TYPE><BR>優しい<TYPE interval=40>･･････</TYPE>,<FONT size=15>宗慈真是<TYPE interval=40>･･････</TYPE><BR>好温柔<TYPE interval=40>･･････</TYPE>
5-21-02.txt,213,津名川◇エマは,エマは悪くないよ,艾玛没有错哦
5-21-02.txt,217,エマ◇うん,<FONT size=15>うん<TYPE interval=40>･･････</TYPE>,<FONT size=15>嗯<TYPE interval=40>･･････</TYPE>
5-21-02.txt,230,津名川◇じゃあ,じゃあ　おやすみ<BR>..エマ,那 晚安<BR>･･････艾玛
5-21-02.txt,235,エマ◇えへ,"<FONT size=15>えへ<TYPE interval=40>･･････</TYPE>,宗慈さんの<BR>匂いがする<TYPE interval=40>･･････</TYPE>",<FONT size=15>嘿嘿<TYPE interval=40>･･････</TYPE>，有宗慈的<BR>味道<TYPE interval=40>･･････</TYPE>
5-21-02.txt,249,エマ◇ん,"<TYPE interval=80 style=Fade><FONT size=14>ん･･････<BR>,ん･･････</TYPE>",<TYPE interval=80 style=Fade><FONT size=14>嗯･･････<BR>嗯･･････</TYPE>
5-21-02.txt,253,エマ◇宗慈,"<TYPE interval=80 style=Fade><FONT size=15>宗慈さ･･････<BR>,わたし･･････</TYPE>",<TYPE interval=80 style=Fade><FONT size=15>宗慈･･････<BR>我･･････</TYPE>
5-21-02.txt,257,津名川◇ん,ん<TYPE interval=40>･･････</TYPE>？,嗯<TYPE interval=40>･･････</TYPE>？
5-21-02.txt,265,エマ◇えっち,<FONT size=15><TYPE interval=70>･･････</TYPE>えっち<TYPE interval=78>･･････</TYPE><BR>した<TYPE interval=80>･･････</TYPE>い,<FONT size=15><TYPE interval=70>･･････</TYPE>做爱<TYPE interval=78>･･････</TYPE><BR>想做<TYPE interval=80>･･････</TYPE>･･････
5-21-02.txt,269,津名川◇したい,<TYPE interval=60>･･････</TYPE>したいのか？,<TYPE interval=60>･･････</TYPE>想做吗？
5-21-02.txt,273,エマ◇うん,<FONT size=15><TYPE interval=80 style=Fade>･･････うん,<FONT size=15><TYPE interval=80 style=Fade>･･････嗯
5-21-02.txt,281,津名川◇宗慈,"<FONT size=15>宗慈さんの<TYPE interval=40>･･････</TYPE>におい<BR>,嗅いでたら<TYPE interval=40>･･････</TYPE>",<FONT size=15>因为闻到宗慈的<TYPE interval=40>･･････</TYPE>味道<BR>闻着闻着就<TYPE interval=40>･･････</TYPE>
5-21-02.txt,285,津名川◇そんな,そんな気分になった？,就有感觉了？
5-21-02.txt,288,エマ◇うん,<TYPE interval=70 style=Fade><FONT size=15>･･･うん･･････</TYPE>,<TYPE interval=70 style=Fade><FONT size=15>･･････嗯･･････</TYPE>
5-21-02.txt,296,エマ◇だめ,<FONT size=15>だめかな･･････</TYPE>,<FONT size=15>不行吗･･････</TYPE>
5-21-02.txt,306,津名川◇怪我,怪我してる<BR>..からね<TYPE interval=40>･･････</TYPE>,毕竟你还受着伤<BR>･･････呢<TYPE interval=40>･･････</TYPE>
5-21-02.txt,309,津名川◇治ったら,治ったら<BR>..してあげるよ,等伤好了<BR>･･････再陪你做哦
5-21-02.txt,312,エマ◇うん,<TYPE interval=80><FONT size=14>･･････う･･････ん</TYPE>,<TYPE interval=80><FONT size=14>･･････唔･･････嗯</TYPE>
5-21-03.txt,13,津名川セリフ◇おやす,"おやす･･････<BR>,ん？",晚安･･････<BR>嗯？
5-21-03.txt,23,津名川セリフ◇どうした,どうした？<BR>...沙友,怎么了？<BR>･･････沙友
5-21-03.txt,29,沙友セリフ◇せんせー,せんせー･･････,老师･･････
5-21-03.txt,33,津名川セリフ◇ん？,ん？,嗯？
5-21-03.txt,47,沙友セリフ◇ありがと,<FONT size=15>ありがとー･･････,<FONT size=15>谢谢〜･･････
5-21-03.txt,51,津名川セリフ◇ん？いや,"ん？,　いやそれは<BR>..こっちの台詞さ",嗯？不，那句话<BR>･･････应该由我来说才对
5-21-03.txt,55,津名川セリフ◇沙友は,沙友は頑張ったよ,沙友很努力了哦
5-21-03.txt,67,津名川セリフ◇じゃあ,じゃあね　..おやすみ,那拜拜･･････晚安
5-21-03.txt,71,沙友セリフ◇うん,うん<TYPE interval=62>･･････,嗯<TYPE interval=62>･･････
5-21-03.txt,86,沙友セリフ◇あ,あ　....せんせー,啊 ･･････老师
5-21-03.txt,92,沙友セリフ◇……ごめ,<TYPE interval=45>･･････<TYPE interval=65>ごめんね,<TYPE interval=45>･･････<TYPE interval=65>对不起哦
5-21-03.txt,96,津名川セリフ◇……,･･････,･･････
5-21-03.txt,121,選択①,<FONT color=red><TYPE interval=0>お前は悪くないよ,<FONT color=red><TYPE interval=0>不是你的错哦
5-21-03.txt,122,選択②,<FONT color=red><TYPE interval=0>･･････せんせいと一緒に<BR>寝るかい,<FONT color=red><TYPE interval=0>･･････要不要和老师一起<BR>睡觉呢
5-21-03.txt,166,セリフ◇コ,お前は悪くないよ,不是你的错哦
5-21-03.txt,179,セリフ◇今日,"<TYPE interval=60>今日はせんせいと<BR>,いっしょに寝るかい？",<TYPE interval=60>今天要不要和老师<BR>一起睡觉呢？
5-21-03.txt,183,セリフ◇ね,<TYPE interval=65>ぇ･･････<BR>...ねてくれて<BR>..いいです？,<TYPE interval=65>诶･･････<BR>･･････可以让我<BR>･･････一起睡吗？
5-21-03.txt,195,セリフ◇沙友,<TYPE interval=68>沙友が心配だからね,<TYPE interval=68>因为担心沙友啊
5-21-03.txt,199,セリフ◇や,"やた･･････<BR>,えへへ",太好啦･･････<BR>嘿嘿
5-21-03.txt,213,セリフ◇沙友,"<TYPE interval=65>嬉しそうだな<BR>,沙友",<TYPE interval=65>看起来很高兴呢<BR>沙友
5-21-03.txt,217,セリフ◇え,"<FONT size=15>えへ･･････,<BR>あたかい･･････",<FONT size=15>嘿嘿･･････<BR>好温暖･･････
5-23.txt,10,グラハムセリフ◇恐ろしい,<TYPE interval=80 style=Fade>恐ろしい事を..<BR>考え付く男だ,<TYPE interval=80 style=Fade>竟能想出如此可怕的计划･･････<BR>真是个可怕的男人
5-23.txt,19,グラハムセリフ◇こんな,"こんなところに設置されては<BR>,手の出しようが無いよ","被设置在这种地方,<BR>根本无从下手啊"
5-23.txt,21,グラハムセリフ◇だが,だが幸いまだ<BR>..時間はある,"但万幸的是,<BR>･･････还有时间"
5-23.txt,46,グラハムセリフ◇５年,５年か,五年吗
5-23.txt,48,グラハムセリフ◇1年,１年か<TYPE interval=45>･･････,一年吗<TYPE interval=45>･･････
5-23.txt,50,グラハムセリフ◇そ,それとも<BR>...１日かもしれんがな,又或者･･････<BR>･･････可能只剩一天了吧
5-23.txt,85,セリフ◇こんな,･･････,･･････
6-01.txt,31,品藤◇すみません,すみません,不好意思
6-01.txt,33,津名川◇いや,いや,不
6-01.txt,59,品藤◇最初は,最初は寡黙な人だと思った,一开始还以为他是个沉默寡言的人
6-01.txt,71,品藤◇あれ？,あれ？,咦？
6-01.txt,78,品藤◇もし,<TYPE interval=80>もしかして..<BR>津名川さん？,<TYPE interval=80>难道说･･････<BR>津名川先生？
6-01.txt,86,津名川◇あ,"あ　..え？,<BR>そうですが<TYPE interval=40>･･････",啊･･････诶？<BR>是的･･････<TYPE interval=40>･･････
6-01.txt,98,品藤◇いつしか,いつしか.それは..　彼の照れ隠しの<BR>方法の一つだと気づいた,不知从何时起，我察觉到那是他掩饰害羞的<BR>方式之一
6-01.txt,113,品藤◇情報部,"情報部の品藤です,<BR>お噂はかねがね","我是情报部的品藤,<BR>久仰大名"
6-01.txt,120,津名川◇品藤,品藤<TYPE interval=40>･･････,品藤<TYPE interval=40>･･････
6-01.txt,124,津名川◇ああ,ああ..　あの<TYPE interval=40>･･････,啊･･････那个<TYPE interval=40>･･････
6-01.txt,140,品藤◇あの？,<FONT size=22>あの？,<FONT size=22>那个？
6-01.txt,144,品藤◇彼は,"彼は子供だった,　いや..<BR>今もそうなのかもしれない",他像个孩子，不･･････<BR>现在或许也是
6-01.txt,159,津名川◇あ,"あ　..その<TYPE interval=40>･･････</TYPE>,<BR>噂を<TYPE interval=40>･･････","啊･･････那个<TYPE interval=40>･･････</TYPE>,<BR>关于传闻<TYPE interval=40>･･････"
6-01.txt,169,品藤◇掴める,掴めるようで掴めない人,让人捉摸不透的人
6-01.txt,185,品藤◇そんなに,そんなにひどい<BR>噂なんですか？,是那么糟糕的<BR>传闻吗？
6-01.txt,191,津名川◇い,い　..いや..<BR>そんなことは<TYPE interval=40>･･････,不･･････不是･･････<BR>那种事<TYPE interval=40>･･････
6-01.txt,204,品藤◇うろたえ,うろたえると可愛い,慌张起来的样子很可爱呢
6-01.txt,217,品藤◇冗談,"冗談ですよ,<BR>冗談","开玩笑的,<BR>开玩笑"
6-01.txt,219,品藤◇津名川さん,津名川さんって<BR>面白い人ですね,津名川先生<BR>真是个有趣的人呢
6-01.txt,244,津名川◇は,は...　はあ<TYPE interval=40>･･････,是･･････是吗<TYPE interval=40>･･････
6-01.txt,267,品藤◇そんな人,<FONT size=20><TYPE style='Fade' interval=90>そんな人だった,<FONT size=20><TYPE style='Fade' interval=90>就是这样的一个人
6-01.txt,279,品藤◇夢,<TYPE interval=50>･･････</TYPE>夢？,<TYPE interval=50>･･････</TYPE>梦？
6-01.txt,297,品藤◇あの頃,<TYPE interval=80>あの頃の私</TYPE><TYPE interval=50>･･････....<BR>か･･････,<TYPE interval=80>那时的我</TYPE><TYPE interval=50>･･････<BR>还是･･････
6-02.txt,25,スパッド◇核,核..　そしてピンポイントミサイル<BR>という兵器がある現在において,在核武･･････以及精确制导导弹<BR>･･････等兵器问世的当下
6-02.txt,27,スパッド◇もっとも,もっとも重要なのは..<BR>最早.　大規模戦闘用の<BR>破壊兵器ではありません,最重要的･･････<BR>早已不再是･･････用于大规模作战的<BR>破坏性武器了
6-02.txt,29,スパッド◇局地,局地制圧の為の..<BR>“融通の利く兵器”です,而是用于局部压制的･･････<BR>“灵活机动的武器”
6-02.txt,61,スパッド◇これまで,これまで我々は..　この面で<BR>一歩.後れをとって<BR>いましたが<TYPE interval=40>･･････,迄今为止，我们･･････<BR>在这方面･･････<BR>一直落后一步･･････但<TYPE interval=40>･･････
6-02.txt,63,スパッド◇ここに,ここに来て　その<BR>バランス・オブ・パワー<BR>を逆転する,而如今，我们要将这<BR>力量平衡<BR>彻底逆转
6-02.txt,65,スパッド◇いくつか,いくつかの成果を<BR>収めつつあります,并正逐步<BR>取得一些成果
6-02.txt,94,スパッド◇今日は,<TYPE interval=80>今日はそれを.<BR>映像ではなく,<TYPE interval=80>今天，我们要向大家展示的･･････<BR>不再是影像，
6-02.txt,96,スパッド◇皆さん,<TYPE interval=80>皆さんに..ライブでお見せする為...<BR>集まって頂きました,<TYPE interval=80>为了给各位..进行现场直播...<BR>所以请大家聚集在这里了
6-03.txt,9,グラハム◇そうか,そうか....<BR>エレンが<TYPE interval=40>･･････,这样啊･･････<BR>艾伦她<TYPE interval=40>･･････
6-03.txt,13,グラハム◇いずれ,<TYPE interval=30>･･････</TYPE>いずれこうなると.<BR>思わないでもなかったが,<TYPE interval=30>･･････</TYPE>迟早会走到这一步.<BR>我其实也不是没预想过。
6-03.txt,27,グラハム◇荒山の,荒山の件もある,再加上荒山那件事。
6-03.txt,31,グラハム◇上手く,上手くはいかない<BR>ものだな,事情总是<BR>不能尽如人意啊。
6-03.txt,35,グラハム◇中国の,中国のフォーチュンテラーが<BR>言っていた.陰陽って言葉を<BR>思い出すよ,这让我<BR>想起了中国的算命家<BR>说过的“阴阳”这个词呢
6-03.txt,39,品藤◇どう,どうなさいます？,您打算怎么办？
6-03.txt,55,グラハム◇この状況,この状況に打つ手が<BR>あるのだろうかね,这种状况下<BR>还能有应对的办法吗
6-03.txt,57,グラハム◇お手上げ,"お手上げだよ,<BR>今はこちらから打つ手は<BR>ないように思えるね","真是没辙了呢,<BR>现在看来我们这边<BR>似乎无计可施了呢"
6-03.txt,59,グラハム◇いよいよ,いよいよとなれば<BR>津名川のあの子達が<BR>最後の望みではあるが,"如果到了万不得已的地步,<BR>津名川的那群孩子<BR>就是最后的希望了。"
6-03.txt,61,グラハム◇人間,<TYPE interval=30>･･････</TYPE>人間　..自分以外を完全には<BR>コントロールできないものだな,<TYPE interval=30>･･････</TYPE>人类啊･･････终究无法完全<BR>掌控自身以外的事物。
6-03.txt,96,品藤◇グラハム,グラハム・ヘゼルとも<BR>あろう方が何を今更,身为堂堂格拉汉姆・黑泽尔<BR>事到如今说这些又有什么用。
6-03.txt,105,グラハム◇Ｂ計画,Ｂ計画の方は<BR>どうなっている？,B计划那边<BR>进展如何了？
6-03.txt,109,品藤◇全体の,全体の７～８割<BR>くらいでしょうか,大概完成了<BR>整体的７〜８成吧。
6-03.txt,113,品藤◇テスト,テスト・ドライブが<BR>思いのほか<BR>順調なようです,测试驾驶<BR>出乎意料地<BR>进展顺利。
6-03.txt,132,グラハム◇いよ,いよいよまずいな,这下可真不妙了。
6-03.txt,136,品藤◇そうですね,そうですね<TYPE interval=40>･･････,是啊<TYPE interval=40>･･････
6-04.txt,8,透花◇ええと,ええと<TYPE interval=40>･･････</TYPE>...<BR>今日がココだから,那个<TYPE interval=40>･･････</TYPE>･･････<BR>因为今天在这里
6-04.txt,10,沙友◇こんなに,こんなにいぱーい<BR>ほしがある～,有这么多〜<BR>星星〜
6-04.txt,12,透花◇でも,<TYPE interval=30>･･････</TYPE>でもこんなに<BR>見えた事無いよね,<TYPE interval=30>･･････</TYPE>不过以前好像<BR>没见过这么清楚的吧
6-04.txt,14,沙友◇いぱ～い,さゆはいぱ～い<BR>みえるよ,沙友能看得很清楚哦〜<BR>能看到好多〜
6-04.txt,16,沙友◇おひる,さゆはおひるでも<BR>おほしさまが<BR>みえます！,"沙友<BR>就算在白天,<BR>也能看到星星哦！"
6-04.txt,18,透花◇沙友は,沙友は目が<BR>いいんだ,沙友视力<BR>真好啊
6-04.txt,20,透花◇いいなぁ,いいなぁ....<BR>私も見てみたい,真好啊･･････<BR>我也想看看
6-04.txt,69,津名川◇見えない,見えないだけで　..いつも<BR>頭の上にあるんだけどね,只是看不见而已･･････其实它们<BR>一直都在头顶上呢
6-04.txt,83,津名川◇都会,都会みたいに.周りが明るいと..<BR>なかなか見えないからな,像城市里那样，周围太亮的话･･････<BR>就很难看到了
6-04.txt,93,沙友◇さゆは,<FONT size=18>さゆはみえる～！,<FONT size=18>沙友看得见〜！
6-04.txt,97,エマ◇ハイハイ,ハイハイ,是是是
6-04.txt,101,エマ◇でも,でも.　わたしたちは..<BR>そんなに目が良く<BR>ないんだもん,可是･･････<BR>我们的视力･･････<BR>又没那么好嘛
6-04.txt,116,沙友◇ぷらねた,ぷらねたりうむ？,天文馆？
6-04.txt,121,津名川◇そうだな,そうだな,是啊
6-04.txt,125,津名川◇プラネタ,プラネタリウムに行くと..<BR>沢山見れるんだけど<TYPE interval=40>･･････,去天文馆的话･･････<BR>能看到很多星星<TYPE interval=40>･･････
6-04.txt,135,津名川◇ああ,ああ　..星を<BR>見るところさ,啊･･････就是看星星<BR>的地方
6-04.txt,150,沙友◇おほし,おほしなら..おそとで<BR>みれますよ..　せんせー？,如果是星星的话･･････在外面<BR>就能看到哦･･････老师？
6-04.txt,154,津名川◇もっと,もっと　ちゃんと..<BR>綺麗に見えるのさ,在那里能看得更清楚･･････<BR>更漂亮哦
6-04.txt,158,津名川◇偽物,偽物では<BR>あるけどね,不过那是假的<BR>就是了
6-04.txt,169,沙友◇にせもの,にせもの<BR>なんですかー？,是假的<BR>吗——？
6-04.txt,173,津名川◇そうだね,そうだね,是啊
6-04.txt,177,津名川◇まあ,まあそういうとちょっと<BR>イメージ悪いけどね,嘛，这么说有点<BR>破坏气氛呢
6-04.txt,194,エマ◇いいなぁ,いいなぁ～..<BR>いきたいにゃぁ～,真好啊〜･･････<BR>想去喵〜
6-04.txt,198,透花◇あ,あ　..わたし.<BR>も<TYPE interval=40>･･････,啊･･････我･･････<BR>也<TYPE interval=40>･･････
6-04.txt,202,津名川◇ふむ,ふむ<TYPE interval=40>･･････,嗯<TYPE interval=40>･･････
6-04.txt,214,津名川◇よし,よし....　じゃあ..<BR>行ってみようか,好･･････那･･････<BR>去看看吧
6-04.txt,218,津名川◇確か,確か御苑の近くに<BR>あったはずだ,记得御苑附近･･････<BR>应该有一个
6-04.txt,222,透花◇わ,<FONT size=18><TYPE style='Jump'>わ,<FONT size=18><TYPE style='Jump'>哇
6-04.txt,226,エマ◇やった,<FONT size=18><TYPE style='Wave' speed=800>やったぁ！,<FONT size=18><TYPE style='Wave' speed=800>太棒了！
6-04.txt,245,沙友◇わーい,わーい...<BR>にせものー,哇･･････<BR>假星星〜
6-04.txt,257,一同◇沈黙,<TYPE interval=60>････････････,<TYPE interval=60>･･････
6-04.txt,271,品藤◇休み,<TYPE interval=100>休み.――か,<TYPE interval=100>休息･･････吗
6-05.txt,58,津名川◇次の,次の上映時間は<BR>13時半か<TYPE interval=40>･･････,下一场放映时间是<BR>13点半吗<TYPE interval=40>･･････
6-05.txt,91,エマ◇そーじ,それまでどうするの？...<BR>そーじさん,在那之前要做什么呢？･･････<BR>宗慈先生
6-05.txt,101,津名川◇んー,んー..　まあ.<BR>一時間程度だからな,嗯･･････ 嘛.<BR>也就一个小时左右吧
6-05.txt,105,津名川◇そのへん,そのへんでもぶらつくか,就在那附近随便逛逛吧
6-06.txt,12,津名川◇新宿に,新宿にいると.救急車の<BR>サイレンをよく聞く,在新宿，经常能听到救护车的<BR>警笛声。
6-06.txt,14,津名川◇いつの,いつのまにか　呼び込みや<BR>うるさい携帯電話の<BR>おしゃべりと同じレベルで,不知不觉间，这声音已经和街头的叫卖、<BR>吵闹的手机通话声<BR>没什么两样了。
6-06.txt,16,津名川◇気に,気にとめることもなくなって<BR>しまったこの音,成了让人再也无心留意的<BR>声音。
6-06.txt,44,津名川◇本当は,本当は..救急車が<BR>呼ばれるなんて.<BR>よっぽどの事だ,"说到底･･････需要叫救护车,<BR>本来可是非同小可的<BR>事。"
6-06.txt,48,津名川◇あの,あのサイレンの<BR>行く先にあるもの,那警笛声所赶赴的<BR>终点。
6-06.txt,52,津名川◇それが,それが毎日.<BR>繰り返されている街,而这一切，每天都在<BR>这座城市里不断重演。
6-06.txt,68,沙友◇どうした,どうしたですか？,怎么了吗？
6-06.txt,70,津名川◇ん,ん..　ああ..<BR>サイレンがね,"嗯･･････啊,<BR>是警笛声啊。"
6-06.txt,72,エマ◇救急車,救急車？,救护车？
6-06.txt,74,津名川◇この街,この街じゃ<BR>救急車を呼ぶことが<BR>こんなに日常的に<BR>起こってるんだなってね,"只是感叹，在这座城市里,<BR>叫救护车竟然已经成了<BR>如此的<BR>习以为常。"
6-06.txt,124,透花◇でも,でも.　人が<BR>多いから<TYPE interval=40>･･････,不过，毕竟<BR>人多嘛･･････<TYPE interval=40>･･････
6-06.txt,128,津名川◇そう,そういう問題かな,是这种问题吗。
6-06.txt,132,透花◇わかり,わかりません..<TYPE interval=30>･･･</TYPE>けど,我也说不清･･････<TYPE interval=30>･･････</TYPE>只是。
6-06.txt,144,津名川◇昔は,昔はあの音を聞くと.<BR>一瞬でも.　救急車を待っている<BR>人に感情移入したものだ,"以前听到这声音，哪怕只有一瞬间,<BR>也会忍不住去牵挂那些<BR>等待救护车的人。"
6-06.txt,148,津名川◇もちろん,もちろん..同情すれば<BR>いいってわけじゃないが,当然･･････我也不是说<BR>只要抱有同情心就行了。
6-06.txt,152,津名川◇自分が,自分がどんどん冷たく<BR>なっていってる<BR>ような気がしてね,只是觉得<BR>自己的心似乎<BR>变得越来越冷淡了。
6-06.txt,170,エマ◇でも,でも..　もしかしたら<BR>全然たいしたこと<BR>ないのかも,"不过･･････说不定<BR>也只是我想太多,<BR>其实没什么大不了的。"
6-06.txt,176,津名川◇他人事,他人事だな,真是事不关己啊。
6-06.txt,180,津名川◇いや,いや..　いつもなら自分だって.<BR>気にしてないのにな,不･･････要是换作平时，我自己也<BR>根本不会在意的。
6-06.txt,197,津名川◇そんな,"そんなものか,<BR>それに<TYPE interval=40>･･････","也许吧,<BR>而且･･････<TYPE interval=40>･･････"
6-06.txt,205,沙友◇？,<FONT size=30><TYPE style='Fade'>？,<FONT size=30><TYPE style='Fade'>？
6-06.txt,220,津名川◇はは,はは<BR>なんでもないよ,"哈哈,<BR>没事。"
6-06.txt,224,津名川◇さて,さて.　そろそろ<BR>時間かな,好了，差不多<BR>到时间了。
6-06.txt,228,津名川◇行こう,行こうか,走吧。
6-06.txt,232,３人娘◇はーい,<TYPE style='Wave' speed=700><FONT size=30 face='MS ゴシック'>はーい,<TYPE style='Wave' speed=700><FONT size=30 face='MS ゴシック'>好〜
6-07.txt,5,品藤◇街を,街を歩くと..<BR>何もすることがない<BR>自分に気づく,走在街上･･････<BR>发现自己<BR>无事可做
6-07.txt,10,品藤◇欲しい,欲しいものは..<BR>街では手に入らない,想要的东西･･････<BR>在街上是得不到的
6-07.txt,15,品藤◇入りは,入りはしない,是不会到手的
6-07.txt,28,品藤◇一体,一体誰のための街なのか,这街道究竟是为谁而建的呢
6-07.txt,33,品藤◇少なく,少なくとも<BR>自分のための街ではない,至少<BR>不是为我而建的街道
6-07.txt,44,品藤◇そんな,そんな街をぶらつく意味は,在这种街上闲逛的意义
6-07.txt,49,品藤◇わから,わからない,我完全不明白
6-07.txt,54,品藤◇折角,折角の休日なのに,明明是难得的休息日
6-07.txt,59,品藤◇もっと,もっと楽しみたいのに,明明想更开心一点的
6-07.txt,73,品藤◇あ,あ..　プラネタリウムか<TYPE interval=40>･･････,啊･･････是天文馆啊<TYPE interval=40>･･････
6-07.txt,75,品藤◇もう,もう随分と<BR>行ってないなあ<TYPE interval=40>･･････,已经好久<BR>没去了呢<TYPE interval=40>･･････
6-07.txt,94,品藤◇前は,前は津名川くんと<BR>よく来たな<TYPE interval=40>･･････,以前经常和津名川君<BR>一起来呢<TYPE interval=40>･･････
6-07.txt,96,品藤◇暇な,暇なときに,闲的时候
6-07.txt,98,品藤◇忙しい,忙しいときに,忙的时候
6-07.txt,100,品藤◇息抜き,息抜きと称しては..<BR>あの暗闇の中へ<BR>入っていったっけ,借口说是放松･･････<BR>走进了那片<BR>黑暗之中呢
6-07.txt,144,品藤◇？,<TYPE interval=40>･･･</TYPE>？,<TYPE interval=40>･･････</TYPE>？
6-07.txt,155,品藤◇あれは,あれは<TYPE interval=40>･･･</TYPE>...津名川くん<TYPE interval=40>･･･</TYPE>？,那是<TYPE interval=40>･･････</TYPE>･･････津名川君<TYPE interval=40>･･････</TYPE>？
6-07.txt,157,品藤◇三人,三人と一緒か<TYPE interval=40>･･････,和三个人在一起吗<TYPE interval=40>･･････
6-08.txt,16,津名川◇さすが,さすがに平日だしな....<BR>ほとんど誰もいないか,毕竟是工作日嘛･･････<BR>几乎没什么人呢
6-08.txt,20,沙友◇わー,<FONT face='MS ゴシック' size=30><TYPE style='Jump' speed=500>わ～,<FONT face='MS ゴシック' size=30><TYPE style='Jump' speed=500>哇〜
6-08.txt,24,透花◇沙友,<FONT size=15>沙友..　静かに,<FONT size=15>沙友･･････安静点
6-08.txt,35,アナウンス◇それでは,それでは場内の皆様...<BR>これより当プラネタリウムの<BR>最終上映を始めたいと思います,那么，在场的各位･･････<BR>接下来将开始本天文馆的<BR>最后一场放映
6-08.txt,52,沙友◇わ,<FONT size=22>わっ,<FONT size=22>哇
6-08.txt,76,アナウンス◇本日は,本日はようこそ<BR>お越しくださいました,欢迎各位今日<BR>光临本馆
6-08.txt,80,アナウンス◇今回の,今回の星の旅の案内人を<BR>勤めさせていただきます...<BR>麻生滴です,我将<BR>担任本次星际之旅的向导...<BR>我是麻生滴
6-08.txt,89,沙友◇せんせー,<TYPE style='Fade' interval=80>せんせー,<TYPE style='Fade' interval=80>老师〜
6-08.txt,95,アナウンス◇これから,これから皆様には.　45分間ほど.<BR>私に付き合って頂くことに<BR>なりますが<TYPE interval=40>･･････,"接下来的大约45分钟里,<BR>需要请各位<BR>配合我的讲解<TYPE interval=40>･･････"
6-08.txt,104,津名川◇ん,ん？..　どうした<BR>沙友？,"嗯？･･････怎么了,<BR>沙友？"
6-08.txt,109,沙友◇ねむい,<TYPE style='Fade' interval=80>ねーむいー,<TYPE style='Fade' interval=80>好困〜
6-08.txt,123,津名川◇はは,はは..　まあ眠くなったら<BR>寝ればいいよ,"哈哈･･････要是困了的话,<BR>睡一觉也没关系哦"
6-08.txt,127,沙友◇はぁい,<TYPE style='Fade' interval=80>はぁいー,<TYPE style='Fade' interval=80>好〜
6-08.txt,140,透花◇ご主人様,<FONT size=15>ご主人様<TYPE interval=40>･･････</TYPE></FONT>,<FONT size=15>主人<TYPE interval=40>･･････</TYPE></FONT>
6-08.txt,142,津名川◇どうした,どうした？,怎么了？
6-08.txt,144,透花◇わくわく,<FONT size=15>わくわくします,<FONT size=15>我好期待
6-08.txt,146,津名川◇そうか,そうか<TYPE interval=40>･･････,这样啊<TYPE interval=40>･･････
6-08.txt,199,アナウンス◇それでは,それでは上映を開始します,那么，现在开始放映
6-08.txt,212,津名川◇この,この満天の星の中から.<BR>何かの星座を探すことは,"从这满天繁星中,<BR>寻找某个星座，"
6-08.txt,214,津名川◇DNA,ＤＮＡ全体から.特定の塩基配列を<BR>探しだすことに似ているね,就像是从整个DNA中<BR>寻找特定的碱基序列一样呢
6-08.txt,216,品藤◇そんな,そんなこと考えて<BR>星を見ているの..<BR>あなたぐらいよ,会一边想着这种事<BR>一边看星星的･･････<BR>也就只有你了吧
6-08.txt,218,津名川◇そうかな,そうかなあ<TYPE interval=40>･･････,是吗<TYPE interval=40>･･････
6-08.txt,264,品藤◇星を,星を見るのは楽しい？,看星星很开心吗？
6-08.txt,266,津名川◇そうだね,そうだね,是啊
6-08.txt,268,津名川◇でも,でも..　それ自体を<BR>見ることより,不过･･････<BR>比起看星星本身，
6-08.txt,270,津名川◇そこ,そこから想起される<BR>色々なものを考えるのが<BR>楽しいのかもしれないね,"去思考由此联想到的<BR>各种事物,<BR>或许才是乐趣所在吧"
6-08.txt,272,品藤◇そう,そう<TYPE interval=40>･･････,这样啊<TYPE interval=40>･･････
6-08.txt,303,津名川◇複雑,複雑になりすぎたのかも<BR>しれないね...　僕らは,也许是我们变得<BR>太过复杂了吧･･････
6-08.txt,305,津名川◇普通に,普通に..　自然に...<BR>全ての喜びを享受できなく<BR>なってしまったのかな,变得无法像普通那样･･････<BR>自然而然地･･････<BR>去享受所有的喜悦了吗
6-08.txt,307,品藤◇遠くの,遠くのものばかりを見て..<BR>近くのものを見ないのも<BR>そのせい？,"总是只看着遥远的东西･･････<BR>却看不见身边的事物,<BR>也是因为这个吗？"
6-08.txt,330,津名川◇そう,そう？,是吗？
6-08.txt,334,品藤◇あなた,あなたの目はそう,你的眼神就是如此
6-08.txt,338,品藤◇いつも,いつも遠いところ<BR>ばかり見てる,总是只顾着望向<BR>遥远的地方
6-08.txt,342,品藤◇近い,近いところは全然....<BR>見ているようで<BR>見ていない,对近处却完全･･････<BR>看似在看<BR>实则视而不见
6-08.txt,346,品藤◇だから,だから少し<TYPE interval=40>･･････,所以会稍微<TYPE interval=40>･･････
6-08.txt,367,品藤◇だから,だから少し...苛々しちゃう<BR>時もあるわね,所以有时候･･････<BR>会让我觉得有些急躁呢
6-08.txt,371,津名川◇沈黙,<TYPE interval=40>･･････,<TYPE interval=40>･･････
6-08.txt,401,津名川◇ちょっと,ちょっと<BR>眠っていたのかな,刚才稍微<BR>睡着了呀
6-08.txt,410,沙友◇すー,<TYPE style='Fade'>すー...すー,<TYPE style='Fade'>呼〜･･････呼〜
6-08.txt,412,エマ◇終わった,沙友.　さゆー..<BR>終わったよ,沙友。沙友——･･････<BR>结束了哦
6-08.txt,414,沙友◇むにゃ,<TYPE style='Fade'>むにゃ<TYPE interval=50>･･････</TYPE></TYPE>,<TYPE style='Fade'>唔嗯<TYPE interval=50>･･････</TYPE></TYPE>
6-08.txt,416,透花◇困って,沙友..　ご主人様.<BR>困ってるよ<TYPE interval=40>･･････,沙友･･････ 主人･･････<BR>遇到难题了呀<TYPE interval=40>･･････
6-08.txt,418,透花◇あ,<TYPE interval=40>あ..<BR>よだれよだれ！,<TYPE interval=40>啊･･････<BR>流口水了流口水了！
6-08.txt,470,品藤◇沙友,沙友ちゃん..<BR>よく眠れた？,沙友酱･･････<BR>睡得好吗？
6-08.txt,472,品藤◇ほら,ほら.　よだれ<BR>拭かなきゃ,看，口水<BR>得擦擦才行
6-08.txt,474,津名川◇品藤,品藤？...<BR>いつからいたんだ,品藤？･･････<BR>你什么时候来的
6-08.txt,507,品藤◇上映が,上映が始まってから<BR>ずっとよ,从放映开始<BR>就一直在哦
6-08.txt,511,品藤◇気づ,気づかなかった？,没注意到吗？
6-08.txt,515,津名川◇ああ,ああ<TYPE interval=40>･･････,啊<TYPE interval=40>･･････
6-08.txt,527,品藤◇楽し,楽しそうに<BR>眺めていたわね,你看得很开心<BR>一直望着呢
6-08.txt,531,品藤◇昔の,昔のことでも<BR>思い出していたの？,是在回忆<BR>以前的事情吗？
6-08.txt,535,津名川◇え,<TYPE interval=40>え..　見てたのかい？,<TYPE interval=40>诶･･････ 你一直在看吗？
6-08.txt,549,品藤◇冗談,冗談よ..<BR>暗くて見えるわけ<BR>ないじゃない,开玩笑的･･････<BR>那么暗怎么可能<BR>看得见呢
6-08.txt,551,津名川◇からか,<TYPE interval=30>･･････</TYPE>からかってるだろ,<TYPE interval=30>･･････</TYPE>你是在捉弄我吧
6-08.txt,553,品藤◇うん,うん...　津名川くん..<BR>うろたえると<BR>かわいいから,嗯･･････ 津名川君･･････<BR>因为你手忙脚乱的时候<BR>很可爱呀
6-08.txt,592,沙友◇とう,とう<TYPE interval=40>･･････</TYPE>..あ<TYPE interval=40>･･････</TYPE>..<BR>せんせい,透〜<TYPE interval=40>･･････</TYPE>･･････啊<TYPE interval=40>･･････</TYPE>･･････<BR>老师
6-08.txt,597,沙友◇おはよ,おはよう<BR>ございます<TYPE interval=40>･･････,早〜上<BR>好<TYPE interval=40>･･････
6-08.txt,602,沙友◇むにゃ,むにゃ,唔嗯
6-08.txt,615,津名川◇よし,よしよし,好啦好啦
6-08.txt,619,津名川◇仕事,仕事は？,工作呢？
6-08.txt,623,品藤◇今日は,今日は休暇なの....<BR>久しぶりの...ね,今天休假呢･･････<BR>久违的休假･･････
6-08.txt,637,品藤◇こんにち,こんにちは..　エマちゃん..<BR>透花ちゃん..　沙友ちゃん,你好･･････艾玛･･････<BR>透花･･････沙友･･････
6-08.txt,639,エマ◇こんに,こんにちわー,你好呀——
6-08.txt,641,透花◇こんち,こんにちは..<BR>品藤さん,你好･･････<BR>品藤小姐
6-08.txt,643,沙友◇こにち,しなふじさん<TYPE interval=40>･･････</TYPE>..<BR>こにちわ～,品藤小姐<TYPE interval=40>･･････</TYPE>･･････<BR>你好呀〜
6-08.txt,686,沙友◇すー,<TYPE style='Fade'>すー...すー,<TYPE style='Fade'>呼〜･･････呼〜
6-09.txt,20,津名川◇あー,あー<BR>品藤,啊——<BR>品藤
6-09.txt,34,品藤◇何,何？,怎么了？
6-09.txt,38,津名川◇いや,いや.　その...<BR>なんだが,不，那个･･････<BR>怎么说呢
6-09.txt,42,津名川◇折角,折角だから..<BR>これから一緒に食事でも<BR>どうかなって思ってね,难得有机会･･････<BR>想问问你<BR>要不要一起去吃个饭
6-09.txt,55,品藤◇誘って,誘ってくれて<BR>るわけ？,你这是在<BR>邀请我吗？
6-09.txt,58,品藤SSP1◇なんか,<TYPE interval=0><FONT color=blue>なんかあの娘達に<BR>悪い気もするけど,<TYPE interval=0><FONT color=blue>总觉得对那群女孩<BR>有点过意不去
6-09.txt,59,品藤SSP2◇なんだか,<TYPE interval=0><FONT color=blue>なんだか昔を<BR>思い出しちゃうわね,<TYPE interval=0><FONT color=blue>总觉得让人<BR>回想起过去呢
6-09.txt,60,品藤SSP3◇そうね,<TYPE interval=0><FONT color=blue>そうね･･････,<TYPE interval=0><FONT color=blue>是啊･･････
6-09.txt,157,品藤◇なんか,なんか.あの娘達に<BR>悪い気もするけど,总觉得对那群女孩<BR>有点过意不去
6-09.txt,163,津名川◇ん,ん？..<BR>なんで？,嗯？･･････<BR>为什么？
6-09.txt,167,品藤◇相変わらず,<FONT size=15>相変わらずね<TYPE interval=40>･･････,<FONT size=15>还是老样子呢<TYPE interval=40>･･････
6-09.txt,181,品藤◇ま,ま.　いいわ...<BR>誘われることにしますか,算了，好吧･･････<BR>那就接受你的邀请吧
6-09.txt,208,品藤◇なんだか,なんだか昔を<BR>思い出しちゃうわね,总觉得让人<BR>回想起过去呢
6-09.txt,214,津名川◇そうだね,<TYPE interval=30>･･････</TYPE>そうだね,<TYPE interval=30>･･････</TYPE>是啊
6-09.txt,226,品藤◇ふふ,ふふ,呵呵
6-09.txt,230,品藤◇それじゃ,それじゃ..<BR>誘われることにしますか,那么･･････<BR>就接受你的邀请吧
6-09.txt,259,品藤◇そうね,そうね<TYPE interval=40>･･････,是啊<TYPE interval=40>･･････
6-09.txt,265,津名川◇あ,あ..　無理にって<BR>わけじゃないんだ,啊･･････<BR>不是非要勉强你
6-09.txt,277,品藤◇ん,ん..<BR>気にしないで,嗯･･････<BR>别在意
6-09.txt,281,品藤◇せっかく,せっかく誘って<BR>くれてるんですもの,毕竟难得<BR>你邀请我
6-09.txt,285,品藤◇断る,断るのはもったいない<BR>じゃない？,拒绝了<BR>不是太可惜了吗？
6-10.txt,12,透花◇ねえ,ねえ..　二人ともなに<BR>話しているのかな<TYPE interval=40>･･････,喂･･････ 你们俩在<BR>聊什么呢<TYPE interval=40>･･････
6-10.txt,14,エマ◇さぁ,さぁ..　どうせわたしたち<BR>お子様には聞かせられない<BR>おとなの世界の話でしょ,这个嘛･･････ 反正是<BR>不能讲给我们这些小孩子听的<BR>大人世界的话题吧
6-10.txt,16,透花◇沈黙,<TYPE interval=40>･･････,<TYPE interval=40>･･････
6-10.txt,49,津名川◇そっち,そっちは相変わらず<BR>忙しいのかい？,"你那边还是老样子,<BR>很忙吗？"
6-10.txt,53,品藤◇暇に,暇になるような<BR>ところじゃないもの,根本不是<BR>能闲下来的地方嘛
6-10.txt,64,品藤◇あなたの,あなたのほうも..最近は.<BR>忙しいんじゃない？,你那边･･････最近<BR>不也挺忙的吗？
6-10.txt,66,津名川◇まあ,まあ.　トラブル続き<BR>だからね...　流石に,嘛。 毕竟麻烦事不断･･････<BR>确实够受
6-10.txt,93,品藤◇聞いた,聞いた話では彼<TYPE interval=40>･･･</TYPE>....荒山<BR>とやり合ったって,听说你和他<TYPE interval=40>･･････</TYPE>･･････荒山<BR>交过手
6-10.txt,97,津名川◇うーん,うーん...<BR>まあ.　ね,嗯･･････<BR>嘛。 是啊
6-10.txt,101,津名川◇完敗,完敗だったよ,完败了啊
6-10.txt,105,品藤◇そう,そう<TYPE interval=40>･･････,这样啊<TYPE interval=40>･･････
6-10.txt,119,津名川◇でも,<TYPE interval=30>･･････</TYPE>でも.僕たちには<BR>良かったのかもしれない,<TYPE interval=30>･･････</TYPE>不过。对我们来说<BR>也许是件好事
6-10.txt,123,津名川◇思い,思い上がってたのを<BR>思い知らされたよ,让我认清了自己<BR>有多自以为是
6-10.txt,141,津名川◇とりあえず,<TYPE interval=40>･･････</TYPE>とりあえず..<BR>忙しさで言えば<BR>お互い様.　かな？,<TYPE interval=40>･･････</TYPE>总之･･････<BR>要说忙的话<BR>彼此彼此吧？
6-10.txt,145,品藤◇ふふ,ふふ..　そうね,呵呵･･････ 是啊
6-10.txt,149,品藤◇ところが,ところが.<BR>いざ休むとなると..<BR>する事が無くて,可是.<BR>真到了要休息的时候･･････<BR>却无事可做
6-10.txt,161,品藤◇無駄な,無駄な時間を過ごす<BR>ところだったけど,差点就要<BR>虚度时间了
6-10.txt,165,品藤◇おかげで,――おかげで楽しい<BR>休日になったわ,——托你的福<BR>这个假日过得很开心
6-10.txt,169,津名川◇それは,それは良かった,那太好了
6-10.txt,188,品藤◇あ,"あ..　そうそう,<BR>お礼と言っては何だけど","啊･･････ 对了,<BR>说是谢礼也有点见外"
6-10.txt,206,品藤◇これ,これ,这个
6-10.txt,208,津名川◇ん,ん..　この本<TYPE interval=40>･･･</TYPE><BR>昔　君に借りた<TYPE interval=40>･･･,嗯･･････ 这本书<TYPE interval=40>･･････</TYPE><BR>以前向你借的<TYPE interval=40>･･････
6-10.txt,234,品藤◇覚え,覚えてた？,还记得吗？
6-10.txt,236,品藤◇前に,前に持ってたの<BR>無くしちゃったのよね,之前那本<BR>弄丢了
6-10.txt,238,品藤◇好きな,好きな本だったから<BR>買いなおしたんだけど....<BR>今日のお礼に,因为是喜欢的书<BR>所以重新买了一本･･････<BR>就当作今天的谢礼
6-10.txt,262,津名川◇でも,でも<TYPE interval=40>･･･</TYPE>..<BR>いいのかい？,但是<TYPE interval=40>･･････</TYPE>･･････<BR>可以吗？
6-10.txt,266,品藤◇気持ち,気持ちよ...<BR>気持ち,一点心意･･････<BR>一点心意
6-10.txt,270,品藤◇受け,受け取ってくれたほうが<BR>私も嬉しいんだけどな,你收下的话<BR>我也会很高兴的
6-10.txt,282,津名川◇そうか,<TYPE interval=40>･･････</TYPE>そうか...<BR>じゃあ　貰っておくよ,<TYPE interval=40>･･････</TYPE>这样啊･･････<BR>那我就收下了
6-10.txt,286,津名川◇ありが,ありがとう,谢谢
6-10.txt,290,津名川◇内容は,内容はほとんど<BR>覚えてるんだけどね,内容我差不多<BR>都记得呢
6-10.txt,302,品藤◇私も,私もそうなんだけど<TYPE interval=40>･･･</TYPE>..<BR>いざ無くしてみると<BR>何となく落ち着かないの,我也是这样<TYPE interval=40>･･････</TYPE>･･････<BR>可一旦真的丢了<BR>总觉得静不下心来
6-10.txt,306,品藤◇不思議,不思議よね,真不可思议呢
6-10.txt,310,津名川◇うん,うん,嗯
6-10.txt,314,津名川◇そういう,そういうものだと思うよ,我想就是这样的吧
6-10.txt,335,品藤◇あ,あ.　いけない,啊。 糟了
6-10.txt,339,品藤◇ちょっと,ちょっと<BR>用事が<TYPE interval=40>･･････,稍微<BR>有点事<TYPE interval=40>･･････
6-10.txt,343,品藤◇そろそろ,そろそろ行かないと<BR>いけないかな<TYPE interval=40>･･････,差不多该走了<BR>吧<TYPE interval=40>･･････
6-10.txt,347,津名川◇急だね,急だね,真突然啊
6-10.txt,351,品藤◇う,う..　うん<TYPE interval=40>･･････,嗯･･････ 嗯<TYPE interval=40>･･････
6-10.txt,371,津名川◇それじゃ,それじゃ　品藤,那就这样吧，品藤
6-10.txt,375,津名川◇元気で,元気で....<BR>頑張ってな,保重･･････<BR>加油啊
6-10.txt,379,品藤◇あ,"あ<TYPE interval=40>･･･</TYPE>..ええ<TYPE interval=40>･･････</TYPE>,<BR>あなたも..<TYPE interval=40>･･････</TYPE>ね","啊<TYPE interval=40>･･････</TYPE>･･････嗯<TYPE interval=40>･･････</TYPE>,<BR>你也要･･････<TYPE interval=40>･･････</TYPE>保重呢"
6-10.txt,402,品藤◇またね,またね...　エマちゃん..<BR>透花ちゃん..　沙友ちゃん,再见･･････ 小艾玛･･････<BR>小透花･･････ 小沙友
6-10.txt,406,エマ◇はーい,はーい,好—
6-10.txt,410,透花◇はい,はい.　品藤さん,好的。 品藤小姐
6-10.txt,414,沙友◇また,またねー,再见啦—
6-11.txt,17,沙友◇しなふじ,しなふじさんー..<BR>げんきないでしたねー,品藤小姐——･･････<BR>没精神呢——
6-11.txt,25,津名川◇ん,ん？..<BR>そうか？,嗯？･･････<BR>是吗？
6-11.txt,37,沙友◇せんせ,せんせーのほうみて..<BR>はぁー..とかためいきでした,看着老师这边･･････<BR>呼啊･･････叹了口气
6-11.txt,41,津名川◇彼女は,彼女は大変なんだよ...<BR>色々とね,她也很辛苦啊･･････<BR>各种各样的事
6-11.txt,61,透花◇ご主人,ご主人様..<BR>これからどうします？,主人･･････<BR>接下来怎么办？
6-11.txt,63,エマ◇わたし,わたしはまたクレモナに<BR>お洋服見に行きたいな,我还想去克里莫纳<BR>看看衣服呢
6-11.txt,65,沙友◇さゆ,さゆ..　おちゃわん<BR>ほしいのです！,沙友･･････ 想要<BR>小饭碗！
6-11.txt,67,沙友◇おはし,おはしも！,还有筷子！
6-11.txt,100,津名川◇うーん,うーん..<BR>そうだねー,嗯･･････<BR>也是呢——
6-11.txt,104,津名川◇まだ,まだ..こんな時間だしね..<BR>買い物してから帰ろうか？,毕竟还･･････这么早呢･･････<BR>去买完东西再回去吧？
6-11.txt,119,エマ◇わーい,わーい,哇——
6-11.txt,121,透花◇わたし,わたしもくっつき<BR>たいな<TYPE interval=40>･･････,我也想<BR>黏上去<TYPE interval=40>･･････
6-11.txt,123,沙友◇さゆも,さゆもー,沙友也要——
6-11.txt,141,津名川◇おいおい,おいおい..　あんまり<BR>くっつくなよ,喂喂･･････ 别<BR>靠这么紧啊
6-11.txt,184,津名川◇わ,わっ..　こら..<BR>やめなさい,哇･･････ 喂･･････<BR>快停下
6-11.txt,188,津名川◇エマ,エマ.　沙友..<BR>あっ..　と.　透花も！,艾玛、沙友･･････<BR>啊･･････ 等、透花也是！
6-11.txt,192,三人◇あはは,<TYPE style='Wave' speed=800><FONT size=28 face='MS ゴシック'>あははは,<TYPE style='Wave' speed=800><FONT size=28 face='MS ゴシック'>啊哈哈哈
6-12.txt,10,Ａ◇もう,もう30年　こんなことを<BR>やってるが<TYPE interval=40>･･････,干这行都30年了，这种事<BR>也做了这么久，但<TYPE interval=40>･･････
6-12.txt,14,Ａ◇今日,今日ほどゾッとした<BR>ことはそうは無い,像今天这样让人毛骨悚然的<BR>事还真不多见
6-12.txt,25,Ｂ◇アレ,アレか,是那个吗
6-12.txt,29,Ｂ◇確かに,確かに..<BR>何か感じさせる<BR>ものがあったな,确实･･････<BR>让人感觉到<BR>某种不同寻常的东西啊
6-12.txt,33,Ｂ◇兵器,兵器というより.<BR>何かこう<TYPE interval=40>･･････,与其说是兵器･･････<BR>倒不如说，怎么说呢<TYPE interval=40>･･････
6-12.txt,49,Ａ◇悪魔,悪魔<TYPE interval=40>･･････</TYPE>....<BR>のような？,恶魔<TYPE interval=40>･･････</TYPE>･･････<BR>之类的？
6-12.txt,56,Ｂ◇いや,いや　..姿に惑わされている<BR>だけなんだろうが,不 ..大概只是<BR>被外表给迷住了吧
6-12.txt,58,Ｂ◇よりに,よりによって<BR>あんな<TYPE interval=40>･･････,偏偏是<BR>那种･･････<TYPE interval=40>･･････
6-12.txt,60,Ｂ◇うちの,うちの娘より<BR>小さいじゃないか,不是比我家女儿<BR>还要小吗
6-12.txt,87,Ｂ◇いくら,いくら人間離れした.<BR>その力を見せられてもな,就算展示了<BR>那种非人的力量也一样啊
6-12.txt,91,Ｂ◇兵器と,兵器としては<BR>割り切れんものを感じるよ,作为兵器来说<BR>总让人有种无法释怀的违和感啊
6-12.txt,110,Ａ◇あの,"あの礼服の小僧...<BR>確かに能力はあろうが,<BR>底の見えん奴だ","那个穿礼服的小子･･････<BR>确实有些本事,<BR>但也是个深不可测的家伙"
6-12.txt,114,Ａ◇女,女科学者も.紐を<BR>つけておいたほうが<BR>よさそうだな,那个女科学家<BR>最好也派人<BR>盯紧一点啊
6-12.txt,118,Ａ◇今回の,今回の追加予算....<BR>通すのか,这次的追加预算･･････<BR>要批吗
6-12.txt,138,Ｂ◇Ｂ計画,<TYPE interval=40>･･････</TYPE>Ｂ計画か,<TYPE interval=40>･･････</TYPE>B计划吗
6-12.txt,142,Ｂ◇あれも,あれもまた<BR>やっかいなシロモノだな,那也是个<BR>棘手的玩意儿啊
6-12.txt,157,Ｂ◇もし,もし完成したとして...<BR>どう使うというのだ,就算真的完成了･･････<BR>又打算怎么用呢
6-12.txt,161,Ｂ◇我々の,我々の手に<BR>余るんじゃないのか,会不会<BR>超出我们的掌控啊
6-12.txt,165,Ｂ◇それこそ,それこそ神にでも<BR>祈りたい気分だよ,真让人想向神明<BR>祈求啊
6-12.txt,180,Ａ◇私も,私もそうは思うが..<BR>下手に安っぽい<BR>保守論を唱えれば,我也这么想･･････<BR>但如果草率地提出<BR>那种廉价的保守论调
6-12.txt,184,Ａ◇年寄り,年寄り扱いというのが<BR>軍という組織だしな,在军队这种组织里<BR>可是会被当成老顽固的
6-12.txt,188,Ａ◇その点,その点..<RUBY text=' スパッド '>「剣」</RUBY>ほど<BR>合っている奴も<BR>いないのかもしれん,在那一点上..没有谁比“剑”<BR>更合适了<BR>也说不定
6-12.txt,204,Ｂ◇危うい,危ういな,太危险了
6-12.txt,208,Ｂ◇剣は,剣は主の意のままに<BR>振るえてこそ剣だ,剑只有被主人<BR>随心所欲地挥舞，才称得上是剑
6-12.txt,221,Ａ◇手に,手に負えんようなら<BR>別の剣で折るまでだよ,如果无法驾驭<BR>就用别的剑将其折断
6-12.txt,227,Ａ◇そう,そうやってきたし...<BR>これからもそうする,我们一直都是这么做的･･････<BR>以后也会继续如此
6-12.txt,233,Ｂ◇そうだ,<TYPE interval=40>･･････</TYPE>そうだな,<TYPE interval=40>･･････</TYPE>是啊
6-13.txt,6,スパッド◇上手く,上手くいったな....<BR>あのジジイどもの顔,顺利搞定了呢･･････<BR>那些老头子的表情
6-13.txt,13,スパッド◇君には,君には感謝している,我很感谢你
6-13.txt,15,エレン◇心にも,心にも無いことを,言不由衷也没关系
6-13.txt,17,エレン◇いいけど,いいけど...　私もあなたを<BR>利用してるだけだわ,随你怎么说･･････我也只是在<BR>利用你罢了
6-13.txt,19,エレン◇お互い,お互いにわかって<BR>やってるんだから,毕竟大家都是心知肚明<BR>才这么做的
6-13.txt,21,スパッド◇話が,"話がわかりやすいな,<BR>さすが科学者だ","说话还真直白啊,<BR>真不愧是科学家"
6-13.txt,64,エレン◇バカに,バカにしてるの？,你在小看我吗？
6-13.txt,66,エレン◇あなたの,あなたの本当の<BR>目的は何？,你真正的<BR>目的是什么？
6-13.txt,68,スパッド◇君こそ,君こそ　なんだ,你才是吧
6-13.txt,70,スパッド◇彼女達,彼女達を作って<BR>どうする？,造出她们<BR>想干什么？
6-13.txt,103,エレン◇あの子,あの子達は形なのよ,那些孩子只是一种形态罢了
6-13.txt,105,エレン◇目に,目に見える..<BR>わかりやすい形,肉眼可见的･･････<BR>简单明了的形态
6-13.txt,107,エレン◇私は,私は自分に価値がある<BR>ということを実感できれば..<BR>それでいいの,只要能让我切实感受到<BR>自己是有价值的･･････<BR>那就足够了
6-13.txt,135,エレン◇誰にも,誰にも支配されず,不被任何人支配
6-13.txt,139,エレン◇誰も,誰も支配せず,也不去支配任何人
6-13.txt,143,エレン◇自立,自立していたいの,我只想保持独立
6-13.txt,160,スパッド◇なるほど,なるほど,原来如此
6-13.txt,164,スパッド◇私のは,私のはもっと単純だ,我的目的则要简单得多
6-13.txt,168,エレン◇何,何？,什么？
6-13.txt,183,スパッド◇平和,<FONT size=24 face='MS ゴシック'>平和さ,<FONT size=24 face='MS ゴシック'>和平啊
6-13.txt,190,エレン◇フン,フン..　白々しいことを<BR>言うのね,哼･･････说得<BR>可真冠冕堂皇啊
6-13.txt,192,スパッド◇無言,<TYPE interval=40>フ･･････,<TYPE interval=40>呵･･････
6-13.txt,223,エレン◇Ｂ計画,Ｂ計画って何？,B计划是什么？
6-13.txt,225,スパッド◇古痕,古痕にいた君が<BR>知らないのか,身在古痕的你<BR>居然不知道吗
6-13.txt,227,エレン◇ええ,ええ,是的
6-13.txt,229,スパッド◇フム,フム<TYPE interval=40>･･････,嗯<TYPE interval=40>･･････
6-13.txt,263,スパッド◇まあ,まあ.　なんと<BR>言えばいいか,嘛･･････该<BR>怎么说呢
6-13.txt,269,スパッド◇言う,言うなれば..<BR>神が実在するか<BR>どうかの実験だな,非要说的话･･････<BR>就是验证神明<BR>是否存在的实验吧
6-13.txt,281,エレン◇へえ,へえ,哦
6-13.txt,285,エレン◇くだら,くだらないモノ<BR>作ってたのね..　あいつ,那家伙･･････<BR>净弄出些无聊的东西呢･･････
6-13.txt,289,エレン◇らしい,らしいと言えば<BR>らしいけど,要说很像他的作风･･････<BR>倒也确实
6-13.txt,302,スパッド◇くだら,くだらないモノ...か,无聊的东西･･････吗
6-13.txt,306,スパッド◇キリスト,キリストを信じない？,不信基督吗？
6-13.txt,312,エレン◇宇宙の,宇宙の法則を<BR>信じるわ,我信仰的是<BR>宇宙法则
6-13.txt,327,エレン◇あなた,"あなたは？,<BR>神を信じる？",你呢？<BR>信神吗？
6-13.txt,331,スパッド◇信じて,"神を信じるか, だって？..<BR>面白いことを言う女だ",问我信不信神？･･････<BR>你这女人说话真有意思
6-13.txt,344,エレン◇早死に,早死にしそうな男ね,你看起来像会早死的男人呢
6-13.txt,346,エレン◇だけど,だけど<TYPE interval=40>･･････,不过<TYPE interval=40>･･････
6-13.txt,348,スパッド◇だけど,だけど？,不过什么？
6-13.txt,380,エレン◇頭の,頭のいい悪党は<BR>嫌いじゃないわ,我可不讨厌<BR>聪明的坏蛋
6-13.txt,410,スパッド◇君は,君は神より<BR>悪党が好きか？,比起神明<BR>你更喜欢坏蛋？
6-13.txt,414,エレン◇あなたは,あなたは<BR>神を信じない女が好き？,你<BR>喜欢不相信神的女人吗？
6-13.txt,425,スパッド◇久々に,久々に口説く価値のある<BR>女に会ったよ,久违地遇到了<BR>值得去搭讪的女人啊
6-13.txt,429,エレン◇ずいぶん,<TYPE interval=30>･･････</TYPE>ずいぶん<BR>ストレートな男ね,<TYPE interval=30>･･････</TYPE>你这男人<BR>还真够直白的
6-13.txt,433,エレン◇でも,"私も久しぶりだわ,<BR>口説かれてもいいと<BR>思ったのは","我也是很久没有,<BR>觉得被搭讪也挺好<BR>的时候了"
6-13.txt,445,スパッド◇なら,<TYPE interval=30>･･････</TYPE>ならば.<BR>面白いものを<BR>お見せしよう,<TYPE interval=30>･･････</TYPE>既然如此.<BR>就给你看点<BR>有趣的东西吧
6-14.txt,30,透花◇えへへ,えへへへ,诶嘿嘿嘿
6-14.txt,34,エマ◇どう,どうしたの透花,怎么了，透花
6-14.txt,38,沙友◇とーか,とーか<BR>うれしそうです,透花<BR>好像很开心呢
6-14.txt,58,透花◇買って,買ってもらったお茶碗...<BR>ご主人様とおそろいで<BR>うれしいんだ～,主人给我买的茶碗･･････<BR>和主人用一对的<BR>好开心呀〜
6-14.txt,78,エマ◇アラ,アラマァ！<BR>この子ったら！,哎呀呀！<BR>这孩子真是的！
6-14.txt,82,エマ◇オホホ,オホホホホ,哦呵呵呵呵
6-14.txt,86,沙友◇おほほ,おほほ<BR>ほほほ,哦呵呵<BR>呵呵呵
6-14.txt,90,透花◇や,<TYPE style='Wave'>や.　やめてよぉ～,<TYPE style='Wave'>别。 别这样啦〜
6-14.txt,103,津名川◇どんどん,どんどん<RUBY text=' ご い '>語彙</RUBY>が<BR>増えるな<TYPE interval=40>･･････,词汇在不停地<BR>增加呢<TYPE interval=40>･･････
6-14.txt,115,津名川◇将来が,先行き不安だよ,真让人对将来感到不安啊
6-14.txt,135,エマ◇お茶碗,お茶碗<BR>かわいいな～,茶碗<BR>好可爱呀〜
6-14.txt,141,エマ◇はやく,はやくこれで.<BR>ごはん食べたいな～,好想快点用这个<BR>吃饭呀〜
6-14.txt,145,津名川◇箸が,箸がちゃんと使える<BR>ようになったらね,等你学会<BR>好好用筷子再说吧
6-14.txt,166,エマ◇宗慈,宗慈さんひどいっ！,宗慈先生太过分了！
6-14.txt,170,エマ◇それは,それは男女差別<BR>って言うのよ！,那叫做<BR>性别歧视哦！
6-14.txt,177,津名川◇そうか,そうかなぁ...　ちょっと<BR>違うと思うよ<TYPE interval=40>･･････,是这样吗･･････我觉得<BR>有点不一样哦<TYPE interval=40>･･････
6-14.txt,195,沙友◇さゆ,さゆ..　ちゃんとおはし<BR>するのむりかも<TYPE interval=40>･･････,沙友･･････可能学不会<BR>好好用筷子了<TYPE interval=40>･･････
6-14.txt,203,津名川◇沙友,沙友だって..<BR>ちゃんと練習すれば.<BR>できるようになる,沙友只要..<BR>好好练习的话<BR>也能学会的
6-14.txt,212,津名川◇僕だって,僕だって..昔は<BR>全然使えなかった,我以前･･････也<BR>完全不会用呢
6-14.txt,216,津名川◇練習,練習したんだよ,也是练出来的哦
6-14.txt,220,沙友◇うん,うん..　がんばる,嗯･･････我会加油的
6-14.txt,239,エマ◇ああ,ああいう<BR>コマゴマしたことって<BR>苦手なんだけどナ<TYPE interval=40>･･････,那种<BR>琐碎的事情<BR>我其实不太擅长啊<TYPE interval=40>･･････
6-14.txt,245,選択肢◇だから,<FONT color=red><TYPE interval=0>だからって<BR>あきらめちゃうのは<BR>どうかな？,<FONT color=red><TYPE interval=0>但就算这样<BR>就这么放弃<BR>好吗？
6-14.txt,246,選択肢◇エマ,<FONT color=red><TYPE interval=0>エマなら　すぐ<BR>使えるようになるさ,<FONT color=red><TYPE interval=0>如果是艾玛的话<BR>马上就能学会用了
6-14.txt,247,選択肢◇使えない,<FONT color=red><TYPE interval=0>使えないと<BR>色々不便だよ？,<FONT color=red><TYPE interval=0>不会用的话<BR>会有很多不便的哦？
6-14.txt,278,透花◇何を,何を見てらっしゃる<BR>んですか？,您在看什么<BR>呢？
6-14.txt,280,津名川◇ああ,<TYPE interval=30>･･････</TYPE>ああ..　これ？,<TYPE interval=30>･･････</TYPE>啊･･････这个？
6-14.txt,282,津名川◇さっき,さっき貰ってきた<BR>海外旅行のパンフレット,刚才拿回来的<BR>海外旅行宣传单
6-14.txt,312,透花◇海外,海外旅行,海外旅行
6-14.txt,318,沙友◇せんせい,せんせい..<BR>かいがいーて<BR>なあにです？,老师･･････<BR>“海〜外”<BR>是什么呀？
6-14.txt,324,津名川◆なんだ,なんだと思う？,你们觉得这是什么？
6-14.txt,336,沙友SSP1◇おえかき,<FONT color=blue><TYPE interval=0>おえかきのどうぐ？,<FONT color=blue><TYPE interval=0>画〜画的工具？
6-14.txt,337,沙友SSP2◇きれいな,<FONT color=blue><TYPE interval=0>きれいなおはな？,<FONT color=blue><TYPE interval=0>漂〜亮的花？
6-14.txt,338,沙友SSP3◇それーて,<FONT color=blue><TYPE interval=0>おいしいもの？,<FONT color=blue><TYPE interval=0>好〜吃的东西？
6-14.txt,354,沙友◇おえかき,えと～...<BR>おえかきのどうぐ？,嗯〜･･････<BR>画〜画的工具？
6-14.txt,368,沙友◇きれいな,ん～..と～..<BR>きれいなおはな？,嗯〜･･････<BR>漂〜亮的花？
6-14.txt,380,沙友◇それーて,うー..う～ん<TYPE interval=40>･･････</TYPE>..<BR>それーて..おいしい？,呜･･････嗯〜<TYPE interval=40>･･････</TYPE>･･････<BR>那〜那个･･････好〜吃吗？
6-14.txt,385,津名川◇どうして,どうして<BR>そうなるんだろう<TYPE interval=40>･･････,怎么会<BR>变成这样啊<TYPE interval=40>･･････
6-14.txt,389,津名川◇いや,いや..　ちょっと<BR>違うね<TYPE interval=40>･･････,不对･･････稍微<BR>有点不对呢<TYPE interval=40>･･････
6-14.txt,412,エマ◇海の,海の向こうに<BR>行くことでしょ,是去海<BR>的对面吧
6-14.txt,420,津名川◇まあ,まあ　そうだ,嘛，没错
6-14.txt,424,津名川◇昔は,昔はチョコチョコと<BR>行ってたんだけどね,以前倒是<BR>经常去呢
6-14.txt,438,エマ沙友◇いき,<FONT size=30 face='MS ゴシック'><TYPE style='Spring'>いきたーーーい！,<FONT size=30 face='MS ゴシック'><TYPE style='Spring'>想〜去〜〜〜！
6-14.txt,458,エマ◇ね,ねっ.　透花も<BR>行きたいよね,对吧。透花也<BR>想去吧
6-14.txt,460,透花◇う,う..　うん,呜･･････嗯
6-14.txt,494,津名川◇駄目,駄目駄目,不行不行
6-14.txt,500,津名川◇いつ,いつ呼び出されるか<BR>わかんない研究員が<BR>海外なんて,随时可能被<BR>叫回去的研究员<BR>哪能随便出国
6-14.txt,504,津名川◇仕事,仕事でもないと<BR>行けないよ,除非有工作<BR>否则去不了哦
6-14.txt,508,エマ◇じゃあ,じゃあ<BR>なんでそんなもの<BR>もらってきたの？,那为什么<BR>还要拿这种<BR>东西回来？
6-14.txt,524,津名川◇なんと,なんとなくだよ...<BR>なんとなく,没什么特别的･･････<BR>就是随手拿的
6-14.txt,526,エマ◇きっと,きっと運命なのよ！,这一定是命运！
6-14.txt,528,エマ◇行かなきゃ,行かなきゃいけない<BR>気がする！,感觉非去<BR>不可！
6-14.txt,530,エマ◇海外,海外からの<BR>呼び声が聞こえる！,听到海外<BR>在呼唤我了！
6-14.txt,559,津名川◇はい,<TYPE interval=90>はいはい,<TYPE interval=90>好好好
6-14.txt,585,津名川◇だから,だからって<BR>あきらめちゃうのは<BR>どうかな？,但就算这样<BR>就这么放弃<BR>好吗？
6-14.txt,591,津名川◇苦手な,苦手なことを<BR>やるのも大事,尝试做不擅长的事<BR>也很重要哦
6-14.txt,595,津名川◇才能,才能なんて..<BR>どんな風に埋もれてるか<BR>わかんないんだぞ,才能这种东西･･････<BR>会以怎样的方式浪费<BR>可说不准啊
6-14.txt,609,エマ◇怪我して,怪我してたときは<BR>優しかったのに～,受伤的时候<BR>明明那么温柔〜
6-14.txt,615,エマ◇宗慈,宗慈さんのいじわる,宗慈先生真坏
6-14.txt,643,津名川◇エマなら,エマなら　すぐ.<BR>使えるようになるさ,如果是艾玛的话，马上<BR>就能学会用了
6-14.txt,649,津名川◇苦労,苦労のあと..　才能が<BR>花開くこともある,历经艰辛之后･･････<BR>才能也会开花结果。
6-14.txt,653,津名川◇大丈夫,大丈夫だよ,没关系的。
6-14.txt,659,エマ◇そうか,そうかにゃ～,是这样喵〜
6-14.txt,663,エマ◇えへ,えへ,诶嘿
6-14.txt,697,津名川◇使えない,使えないと..<BR>色々不便だよ？,要是不会用的话･･････<BR>会有很多不便的哦？
6-14.txt,703,津名川◇使い,使い慣れれば　箸ほど<BR>使いやすい道具はないし,只要用惯了 就没有像筷子那样<BR>好用的工具了
6-14.txt,707,津名川◇もう,もう少し頑張ったら<BR>どうだい？,再稍微加把劲<BR>怎么样？
6-14.txt,712,エマ◇う～,う～...<BR>がんばってみる,唔･･････<BR>我努力试试看。
6-15.txt,15,津名川◇イライラ,<FONT color=white size=20><TYPE style='Fade'>イライラしている,<FONT color=white size=20><TYPE style='Fade'>心里有些烦躁
6-15.txt,19,津名川◇あの,<FONT color=white size=20><TYPE style='Fade'>あのサイレンが気になっている,<FONT color=white size=20><TYPE style='Fade'>是那阵警笛声惹得心烦
6-15.txt,29,津名川◇この,<FONT color=white size=20><TYPE style='Fade'>この街に住んでずいぶん経つ,<FONT color=white size=20><TYPE style='Fade'>在这座城市生活已经很久了
6-15.txt,33,津名川◇だんだん,<FONT color=white size=20><TYPE style='Fade'>だんだん慣れてしまって失ったもの,<FONT color=white size=20><TYPE style='Fade'>在渐渐习惯中失去的东西
6-15.txt,37,津名川◇気づく,<FONT color=white size=20><TYPE style='Fade'>気づくことのない..今も気づいていないもの,<FONT color=white size=20><TYPE style='Fade'>未曾察觉的...至今也未曾察觉的事物
6-15.txt,54,津名川◇それも,それもまた人生....<BR><TYPE interval=30>･･････</TYPE>って,那也是人生啊･･････<BR><TYPE interval=30>･･････</TYPE>之类的
6-15.txt,58,津名川◇それで,それで済むなら..<BR>こんな気持ちにはならないか,如果那样就能释怀･･････<BR>也就不会这么心烦了吧
6-15.txt,91,津名川◇居心地,<FONT color=white size=20><TYPE style='Fade'><TYPE interval=30>･･･</TYPE>居心地のいい部屋だ</TYPE>,<FONT color=white size=20><TYPE style='Fade'><TYPE interval=30>...</TYPE>真是个舒适的房间</TYPE>
6-15.txt,101,津名川◇自分で,<FONT color=white size=20><TYPE style='Fade'>自分で作り上げた,<FONT color=white size=20><TYPE style='Fade'>亲手打造出来的
6-15.txt,105,津名川◇自分の,<FONT color=white size=20><TYPE style='Fade'>自分のための巣,<FONT color=white size=20><TYPE style='Fade'>只属于自己的巢
6-15.txt,119,品藤◇前世,前世は小動物<BR>だったんじゃない？,你前世<BR>该不会是小动物吧？
6-15.txt,123,品藤◇あなた,あなた..<BR>かわいいもの,你呀･･････<BR>真是个可爱的小家伙
6-15.txt,142,津名川◇本物,"<TYPE interval=30>･･････</TYPE>本物の星空か,.<BR>ずいぶん見てないな",<TYPE interval=30>･･････</TYPE>真正的星空啊･･････<BR>已经很久没看过了
6-15.txt,163,津名川◇沈黙,<TYPE interval=60>･･････,<TYPE interval=60>･･････
6-16.txt,3,津名川◇あの子,あの子達と居るようになってから<BR>使ってなかったからな<TYPE interval=40>･･････,自从和那些孩子在一起后<BR>就没再用过了呢<TYPE interval=40>･･････
6-16.txt,14,津名川◇こいつ,こいつ<TYPE interval=40>･･････</TYPE>...２人乗り<BR>だったんだっけな,这车<TYPE interval=40>･･････</TYPE>･･････是双人座<BR>来着吧
6-16.txt,25,津名川◇天気,天気予報はバッチリだし,天气预报也看过了，没问题
6-16.txt,29,津名川◇ガソリン,ガソリン...<BR>入ってるだろうな,汽油･･････<BR>应该还有油吧
6-17.txt,13,筒井◇ほお,ほお..　英国車か....<BR>少し前のだね,噢.. 英国车吗....<BR>是稍早之前的款式呢
6-17.txt,17,津名川◇もう,もう　20年近く前の<BR>車ですけど,已经是快二十年前的<BR>老车了
6-17.txt,27,筒井◇レストア,レストア.　大変だった<BR>んじゃないかい？,翻新起来<BR>很辛苦吧？
6-17.txt,31,津名川◇ほんと,ほんとに,可不是嘛
6-17.txt,35,津名川◇もっとも,もっとも..　苦労したのは<BR>僕じゃなくて整備士でしたけど,不过･･････辛苦的其实不是我<BR>而是修车工啦
6-17.txt,39,津名川◇新車を,新車を買うのと変わらない<BR>金額が掛かってしまって,花的钱简直<BR>跟买辆新车差不多了
6-17.txt,54,筒井◆エンスー,エンスーだな,真是个狂热车迷啊
6-17.txt,56,筒井◆昔,昔　E-TYPEって車に<BR>憧れたことがあったよ,我以前也很憧憬<BR>E-Type这款车哦
6-17.txt,58,津名川◇スーパー,スーパーカー世代の<BR>車ですね,那可是<BR>超跑时代的经典车呢
6-17.txt,60,津名川◇僕は,僕は走ってるの.<BR>見たことありません,我还没见过<BR>它跑起来的样子呢
6-17.txt,62,筒井◇だろう,だろうね,也是呢
6-17.txt,64,筒井◇しかし,しかし..<BR>これも良い車だ,不过･･････<BR>这车真不错
6-17.txt,66,筒井◇あまり,あまり詳しくはないんだが..<BR>なんともいい形だね,我不太懂车･･････<BR>但这造型真是绝了
6-17.txt,120,津名川◇どうにも,どうにも古いものに<BR>惹かれがちで<TYPE interval=40>･･････,我总是<BR>容易被老物件吸引<TYPE interval=40>･･････
6-17.txt,124,津名川◇昔は,昔はそうでもなかったんですが...<BR>いつのまにかアンティーク好き..<BR>イギリス好きになって,以前倒不是这样･･････<BR>不知怎么就喜欢上了･･････<BR>喜欢上了英国
6-17.txt,128,津名川◇年を,年をとったんですかね,是上了年纪了吗
6-17.txt,140,筒井◇いいね,いいね...<BR>イギリスは,英国<BR>真好啊･･････
6-17.txt,144,津名川◇本当に,“本当に良いものは<BR>　変える必要がない”,“真正好的东西<BR>　没有必要去改变”
6-17.txt,148,津名川◇考え,って考え方に..ショックを<BR>受けたんですよ,这种理念･･････<BR>让我深受震撼
6-17.txt,159,津名川◇懐古,懐古趣味でも..<BR>伝統を守る頑固さでもなくて,并不是什么怀旧情结･･････<BR>也不是守护传统的固执
6-17.txt,161,津名川◇ロンドン,ロンドンには<BR>何度か行きましたが..<BR>ホントにいい街でしたね,伦敦<BR>我去过几次･･････<BR>真的是座好城市呢
6-17.txt,163,筒井◇僕も,僕も妻と一緒に<BR>行ったことがあるよ,我也和妻子<BR>一起去过哦
6-17.txt,165,筒井◇とても,とてもいい街だった,真的是座好城市
6-17.txt,167,筒井◇そう,そう...　良いものは変えない<BR>っていうのを具現化した<BR>ような街だったな,是啊･･････就像是将“好东西无需改变”<BR>这一理念具象化了似的<BR>城市呢
6-17.txt,209,津名川◇ただ,<TYPE interval=40>･･････</TYPE>ただ..<BR>僕の知る限り　あの国には<BR>ひとつだけ重大な欠点が,<TYPE interval=40>･･････</TYPE>不过･･････<BR>据我所知，那个国家有<BR>一个致命的缺点
6-17.txt,213,筒井◇ん,ん？...<BR>なんだい？,嗯？･･････<BR>什么缺点？
6-17.txt,226,津名川◇紅茶,紅茶以外の食事には大いに<BR>改善の余地があります,除了红茶以外的食物<BR>大有改进的余地
6-17.txt,230,筒井◇はっは,はっは...<BR>まったくだ,哈哈･･････<BR>确实如此
6-18.txt,16,津名川◇よし,よしよし<TYPE interval=40>･･････,好了好了<TYPE interval=40>･･････
6-18.txt,24,津名川◇暖気,暖気10分<BR>ってとこか,预热10分钟<BR>差不多就这样吧
6-18.txt,41,津名川◇一人で,一人で行くのも<BR>また良しか,一个人去<BR>倒也挺好
6-18.txt,45,津名川◇それとも,それとも<TYPE interval=40>･･････,还是说<TYPE interval=40>･･････
6-18.txt,49,選択肢◇沙友を,<FONT color=red><TYPE interval=0>沙友を連れて<BR>行こうかな,<FONT color=red><TYPE interval=0>带沙友<BR>去吧
6-18.txt,50,選択肢◇透花を,<FONT color=red><TYPE interval=0>透花を連れて<BR>行こうかな,<FONT color=red><TYPE interval=0>带透花<BR>去吧
6-18.txt,51,選択肢◇エマを,<FONT color=red><TYPE interval=0>エマを連れて<BR>行こうかな,<FONT color=red><TYPE interval=0>带艾玛<BR>去吧
6-18.txt,52,選択肢◇一人で,<FONT color=red><TYPE interval=0>やっぱり<BR>一人で行くか,<FONT color=red><TYPE interval=0>果然还是<BR>一个人去吧
6-18.txt,114,津名川◇いつも,いつもながら.<BR>爆弾が落ちたみたいな<BR>部屋だな,跟往常一样.<BR>这房间简直像<BR>被炸弹炸过一样
6-18.txt,123,沙友◇ぅん,<TYPE style='Fade'>ぅん<TYPE interval=40>･･････</TYPE>...<BR>せ<TYPE interval=40>･･･</TYPE>せぃ<TYPE interval=40>･･････</TYPE></TYPE>,<TYPE style='Fade'>嗯<TYPE interval=40>･･････</TYPE>･･････<BR>嘿<TYPE interval=40>･･････</TYPE>嘿咻<TYPE interval=40>･･････</TYPE></TYPE>
6-18.txt,140,津名川◇微笑,<TYPE interval=50>･･････,<TYPE interval=50>･･････
6-18.txt,144,津名川◇子供,子供だな...<BR>沙友は<TYPE interval=40>･･････,真是小孩子啊･･････<BR>沙友<TYPE interval=40>･･････
6-18.txt,148,津名川◇石鹸,石鹸の匂いと.ミルクみたいな<BR>甘い匂いがする,"能闻到肥皂的味道,<BR>以及像牛奶般甜甜的气息"
6-18.txt,166,沙友◇うさぎ,うさぎさんのなまえ.<BR>きま～たよ！,兔兔的名字.<BR>决定〜好了哦！
6-18.txt,173,津名川◇そうか,そうかい？,是吗？
6-18.txt,180,沙友◇えと,えと　えと,那个 那个
6-18.txt,185,沙友◇せんせい,“せんせい”にするの,就叫“老师”
6-18.txt,193,津名川◇ん,本物がいるじゃないか...<BR>ここに,这不是有真货在吗...<BR>就在这里
6-18.txt,200,沙友◇だけど,だけど..<BR>せんせいはみんなの<BR>せんせいだから<TYPE interval=40>･･････,但是･･････<BR>老师是大家的<BR>老师<TYPE interval=40>･･････
6-18.txt,207,沙友◇さゆ,さゆだけのせんせいは<BR>いないから..ね,没有只属于沙友<BR>一个人的老师哦･･････
6-18.txt,212,沙友◇この,このうさぎさんが.<BR>せんせいだけの<BR>さゆなの,"这只兔兔,<BR>就是只属于老师的<BR>沙友哦"
6-18.txt,217,沙友◇あれ,あれ？,咦？
6-18.txt,226,津名川◇そっか,そっか<TYPE interval=40>･･････,这样啊<TYPE interval=40>･･････
6-18.txt,238,沙友◇うん,<TYPE style='Jump'>うん！,<TYPE style='Jump'>嗯！
6-18.txt,262,津名川◇沙友,沙友,沙友
6-18.txt,266,沙友◇すー,<TYPE interval=40>･･････</TYPE>すー,<TYPE interval=40>･･････</TYPE>呼〜
6-18.txt,270,津名川◇聞こえ,沙友..<BR>聞こえるかい？,沙友･･････<BR>听得到吗？
6-18.txt,274,沙友◇は,は<TYPE interval=40>･･････</TYPE>..あ<TYPE interval=40>･･････</TYPE>？<BR>せんせいた<TYPE interval=40>･･････,哈<TYPE interval=40>･･････</TYPE>･･････啊<TYPE interval=40>･･････</TYPE>？<BR>老师<TYPE interval=40>･･････
6-18.txt,297,沙友◇いしょ,いしょーに<BR>ねてくれるの？,要一〜起<BR>睡觉吗？
6-18.txt,301,津名川◇星,<TYPE interval=40>･･････</TYPE>星..<BR>見に行こうっか,<TYPE interval=40>･･････</TYPE>星星･･････<BR>去看吧
6-18.txt,305,沙友◇ほし,<TYPE interval=40>･･････</TYPE>ほし？,<TYPE interval=40>･･････</TYPE>星星？
6-18.txt,309,津名川◇そう,そう..　本物の,是啊･･････真正的。
6-18.txt,323,沙友◇さゆ,さゆ..　いつも<BR>おほしみえるよ,沙友･･････<BR>一直都能看到星星哦。
6-18.txt,327,津名川◇もっと,もっといっぱい.<BR>いっぱい見えるところ,想去能看到更多、<BR>更多星星的地方。
6-18.txt,331,沙友◇せんせい,せんせいと<BR>いしょに～？,和老师<BR>一起去〜？
6-18.txt,350,津名川◇そう,そう..　今夜だけ.<BR>沙友だけのせんせいだよ,是啊..　就今晚.<BR>是只属于沙友的老师哦。
6-18.txt,356,沙友◇うん,うん！..<BR>にゃんにゃん！,嗯！..<BR>喵喵！
6-18.txt,395,津名川◇いつも,いつもながら<BR>整然とした部屋だな,一如既往<BR>整洁的房间啊。
6-18.txt,399,津名川◇シャム,シャムロックも<BR>寝てるみたいだ,夏姆洛克好像<BR>也睡着了。
6-18.txt,416,津名川◇寝てる,<TYPE interval=40>･･････</TYPE>寝てるかい,<TYPE interval=40>･･････</TYPE>睡着了吗。
6-18.txt,426,透花◇あ,あ...　ご主人様<TYPE interval=50>･･････,啊･･････主人<TYPE interval=50>･･････
6-18.txt,430,透花◇出かけ,出かけるんですか？,您要出门吗？
6-18.txt,448,津名川◇ん,ん..　今から富士山に<BR>行こうかって<BR>思うんだけど,嗯･･････我在想<BR>现在去富士山<BR>看看。
6-18.txt,452,津名川◇透花と,透花と一緒に<BR>行こうかと思ってね,想着要不要和透花<BR>一起去呢。
6-18.txt,456,透花◇え,え..　すごい<TYPE interval=40>･･････,诶･･････好厉害<TYPE interval=40>･･････
6-18.txt,460,透花◇じゃあ,じゃあ　わたし..<BR>あとの２人も起こして<BR>きます,那我去<BR>把另外两个人<BR>也叫醒。
6-18.txt,474,津名川◇いや,いや　一人しか連れて<BR>行けないんだよ,不，只能带<BR>一个人去哦。
6-18.txt,478,透花◇え,え<TYPE interval=40>･･････,诶<TYPE interval=40>･･････
6-18.txt,482,透花◇わたし,わたし.　だけ..<BR>ですか<TYPE interval=40>･･････？,只有･･････我･･････<BR>一个人吗<TYPE interval=40>･･････？
6-18.txt,486,津名川◇そう,そう,是啊。
6-18.txt,511,透花◇ほんとに,ほんとに<TYPE interval=40>･･････,真的吗<TYPE interval=40>･･････
6-18.txt,515,透花◇でも,でも　やっぱり<TYPE interval=40>･･････</TYPE><BR>いいのかな<TYPE interval=40>･･････,可是，果然<TYPE interval=40>･･････</TYPE><BR>这样好吗<TYPE interval=40>･･････
6-18.txt,521,津名川◇いいよ,いいよ...　透花は.<BR>二人きりは嫌かい？,没关系哦...　透花.<BR>不喜欢两个人独处吗？
6-18.txt,525,透花◇そんな,そんなわけ無いです,怎么会呢。
6-18.txt,539,津名川◇じゃあ,じゃあ　行こう,那走吧。
6-18.txt,543,津名川◇わがまま,透花だってたまには<BR>わがまま言ったって<BR>いいんだよ,透花偶尔<BR>任性一下<BR>也是可以的哦。
6-18.txt,547,透花◇なんか,<TYPE interval=40>･･････</TYPE>なんかそれは....<BR>あの<TYPE interval=40>･･････,<TYPE interval=40>･･････</TYPE>那个，这･･････<BR>那个<TYPE interval=40>･･････
6-18.txt,558,津名川◇着替えて,着替えておいで,去换衣服吧。
6-18.txt,560,津名川◇山は,山は寒いから,山里冷。
6-18.txt,585,津名川◇ん,<TYPE interval=40>･･････</TYPE>ん,<TYPE interval=40>･･････</TYPE>嗯。
6-18.txt,620,津名川◇寝顔観察,<TYPE interval=40>･･････,<TYPE interval=40>･･････
6-18.txt,622,エマ◇すー,<TYPE style='Fade'>すー,<TYPE style='Fade'>呼〜
6-18.txt,654,エマ◇ふぁ,<TYPE style='Fade'>ふぁ<TYPE interval=40>･･････</TYPE>...<BR>にゃ<TYPE interval=40>･･････</TYPE></TYPE>,<TYPE style='Fade'>呼啊<TYPE interval=40>･･････</TYPE>･･････<BR>喵呜<TYPE interval=40>･･････</TYPE></TYPE>
6-18.txt,675,エマ◇ん,ん<TYPE interval=40>･･････,嗯<TYPE interval=40>･･････
6-18.txt,679,津名川◇エマ,<TYPE interval=40>･･････</TYPE>エマ,<TYPE interval=40>･･････</TYPE>艾玛
6-18.txt,683,エマ◇んぁ,んぁ<TYPE interval=40>･･････</TYPE>...<BR>そうじさんだ<TYPE interval=40>･･････,嗯啊<TYPE interval=40>･･････</TYPE>･･････<BR>是宗慈<TYPE interval=40>･･････
6-18.txt,696,エマ◇一緒に,一緒に寝たいの？,想一起睡吗？
6-18.txt,700,津名川◇星を,星を見に行こう<BR>かと思って,我想着<BR>要不要去看星星
6-18.txt,715,エマ◇え,え.　今から？...<BR>行く！,诶。现在去？･･････<BR>去！
6-18.txt,727,津名川◇うん,うん..　よし,嗯･･････好。
6-18.txt,737,津名川◇他の,<FONT size=14>他の二人には<BR>内緒だから,<FONT size=14>对另外两个人<BR>要保密哦
6-18.txt,741,津名川◇静かに,<FONT size=14>静かに用意して<BR>ガレージに下りておいで,"<FONT size=14>悄悄准备好,<BR>下楼到车库来"
6-18.txt,768,津名川◇やっぱり,やっぱり<BR>一人で行くか<TYPE interval=40>･･･,果然还是<BR>一个人去吧<TYPE interval=40>･･････
6-18.txt,772,津名川◇あの子,あの子達を起こすのも<BR>かわいそうだしな,把她们吵醒<BR>也太可怜了
6-19.txt,39,透花◇やっぱ,やっぱり.エマと沙友に<BR>悪いかな<TYPE interval=40>･･････,果然･･････对艾玛和沙友<BR>有点过意不去呢<TYPE interval=40>･･････
6-19.txt,43,津名川◇大丈夫,大丈夫だよ,没关系的。
6-19.txt,47,透花◇うん,"うん..　でも<TYPE interval=40>･･････</TYPE>,<BR>ご主人様..　嫌な思い<BR>しちゃうかも<TYPE interval=40>･･･","嗯･･････可是<TYPE interval=40>･･････</TYPE>,<BR>主人･･････可能会<BR>･･････<TYPE interval=40>觉得不太高兴"
6-19.txt,51,津名川◇平気,"平気,　誰も嫌な<BR>思いはしないよ",没事，谁都不会<BR>觉得不快的
6-19.txt,67,透花◇でも,"<TYPE interval=40>･･････</TYPE>でもどうして<BR>わたしを<TYPE interval=40>･･････</TYPE>,って",<TYPE interval=40>･･････</TYPE>可是为什么<BR>把我<TYPE interval=40>･･････</TYPE>･･････呢
6-19.txt,71,透花◇聞いちゃ,聞いちゃ駄目ですか？,不可以问吗？
6-19.txt,77,津名川◇透花と,透花と一緒に<BR>行きたかったからだよ,因为想和透花<BR>一起来啊
6-19.txt,91,透花◇ぅわ,ぅわ<TYPE interval=40>･･････</TYPE>....<BR>そ<TYPE interval=40>･･････</TYPE>ですか,呜哇<TYPE interval=40>･･････</TYPE>･･････<BR>是<TYPE interval=40>･･････</TYPE>这样啊
6-19.txt,97,津名川◇じゃ,じゃ.　行こうか,那，走吧。
6-19.txt,112,透花◇はい,はい！,好的！
6-19.txt,131,津名川◇こんな,こんな深夜に渋滞か,这么晚了还堵车啊。
6-19.txt,133,津名川◇夜でも,夜でもやっぱり..<BR>首都高は首都高だな<TYPE interval=40>･･････,就算是晚上，首都高<BR>果然还是首都高啊<TYPE interval=40>･･････
6-19.txt,135,津名川◇東京を,東京を出るまでは.下道のほうが<BR>早かったかも知れない,出东京之前，走普通道路<BR>说不定更快呢
6-19.txt,162,透花◇でも,でも..　ご主人様と話せる時間が<BR>増えるから全然平気です,但是･･････能和主人说话的时间<BR>变多了，所以完全没关系。
6-19.txt,173,津名川◇おまえ,おまえはホントに<TYPE interval=40>･･････,你真是<TYPE interval=40>･･････
6-19.txt,175,透花◇あ,あ<TYPE interval=40>･･･</TYPE>..<BR>ごめんなさい<TYPE interval=40>･･････,啊<TYPE interval=40>･･････</TYPE>･･････<BR>对不起<TYPE interval=40>･･････
6-19.txt,198,津名川◇いや,いや.　ホントにかわいい事を<BR>言うなぁって思っただけだよ,不，只是觉得你<BR>说的话真可爱。
6-19.txt,202,透花◇赤面,<TYPE interval=40>･･････,<TYPE interval=40>･･････
6-19.txt,242,透花◇すごい,"すごい真っ暗<TYPE interval=40>･･････</TYPE>,<BR>もうずっと登ってるのに","好黑啊<TYPE interval=40>･･････</TYPE>,<BR>明明已经爬了这么久了"
6-19.txt,244,津名川◇うん,うん..<BR>バックミラーも真っ暗だ,嗯･･････<BR>后视镜里也是一片漆黑。
6-19.txt,246,津名川◇ライト,ライトを消したら<BR>一寸先も見えない<BR>だろうね,"要是关掉车灯,<BR>估计一寸之外都<BR>看不见了吧。"
6-19.txt,271,透花◇こんな,こんなに暗い夜が<BR>あったんですね,竟然<BR>有这么黑的夜晚呢。
6-19.txt,275,津名川◇これが,これが本当の<BR>夜なんだよ,这才是真正的<BR>夜晚啊。
6-19.txt,279,透花◇霧,霧<TYPE interval=40>･･････</TYPE>...<BR>なんだか恐い<TYPE interval=40>･･････,雾<TYPE interval=40>･･････</TYPE>･･････<BR>总觉得有点可怕<TYPE interval=40>･･････
6-19.txt,283,津名川◇これは,これは霧じゃない...<BR>雲だよ,这不是雾･･････<BR>是云哦。
6-19.txt,297,透花◇雲,雲って..　あの.空の.<BR>雲ですか？,云･･････那个，天空中的･･････<BR>云吗？
6-19.txt,301,津名川◇そう,そう..　延々登ってきて<BR>やっとその高さまで来たんだ,"对･･････一路开上来,<BR>终于到了这个高度。"
6-19.txt,305,津名川◇もう,もう少しすれば<BR>雲の上だよ,"再开一会儿,<BR>就到云层之上了。"
6-19.txt,317,透花◇雲の,<TYPE interval=40>･･････</TYPE>雲の上に<BR>車で行けるなんて<BR>知りませんでした,"<TYPE interval=40>･･････</TYPE>竟然能坐车<BR>到云层之上,<BR>我还是第一次知道。"
6-19.txt,321,津名川◇そんな,そんな風に言うと..<BR>確かに不思議な感じだね,听你这么说･･････<BR>确实有种不可思议的感觉呢。
6-19.txt,326,津名川◇お,お<TYPE interval=40>･･････</TYPE>..<BR>晴れてきた,哦<TYPE interval=40>･･････</TYPE>･･････<BR>天放晴了
6-19.txt,339,透花◇わ,わー！,哇！
6-19.txt,341,透花◇窓,窓からでも全然<BR>星が一杯見えます！,光是从车窗看出去<BR>就能看到好多星星！
6-19.txt,354,津名川◇上で,上で幌を開けたら.<BR>もっとよく見えるよ,要是把顶篷打开的话<BR>能看得更清楚哦
6-19.txt,358,津名川◇ほら,ほら..　もう着く,看･･････ 快到了
6-19.txt,380,津名川◇この,<TYPE interval=30>･･････</TYPE>このへんでいいかな,<TYPE interval=30>･･････</TYPE>就停这儿吧
6-19.txt,389,津名川◇よし,よし..　それじゃ.<BR>ライト消すよ,好･･････ 那･･････<BR>我把灯关了哦
6-19.txt,393,透花◇はい,はい,好的
6-19.txt,408,透花◇わぁ,"わぁ<TYPE interval=40>･･････</TYPE>,<BR>すごい<TYPE interval=40>･･････","哇<TYPE interval=40>･･････</TYPE>,<BR>好厉害<TYPE interval=40>･･････"
6-19.txt,412,津名川◇そう,そうだな,是啊
6-19.txt,416,透花◇はい,<TYPE interval=40>はい！...　すごい</TYPE><TYPE interval=20>･･････</TYPE>..<BR><TYPE interval=40>すごいですね！</TYPE>,<TYPE interval=40>嗯！･･････ 太美了</TYPE><TYPE interval=20>･･････</TYPE>･･････<BR><TYPE interval=40>真是太美了！</TYPE>
6-19.txt,420,津名川◇うん,うん<TYPE interval=40>･･････,嗯<TYPE interval=40>･･････
6-19.txt,436,津名川◇ああ,ああ..　天の川だ,啊･･････ 是银河
6-19.txt,438,透花◇ほんと,ほんとに川みたいに<BR>いっぱい<TYPE interval=40>･･････,真的像河流一样<BR>密密麻麻的<TYPE interval=40>･･････
6-19.txt,440,透花◇こんな,こんなにたくさん<BR>星があったなんて<TYPE interval=40>･･････,没想到竟然有<BR>这么多星星<TYPE interval=40>･･････
6-19.txt,442,透花◇ご主人様,ご主人様..<BR>ありがとうございます,主人･･････<BR>谢谢您
6-19.txt,444,津名川◇沈黙,<TYPE interval=40>･･････,<TYPE interval=40>･･････
6-19.txt,446,津名川◇これを,これを見たかったんだ,这就是我想看的呢
6-19.txt,494,透花◇あ,<TYPE interval=30>･･････</TYPE>あ..<BR>流れた！,<TYPE interval=30>･･････</TYPE>啊･･････<BR>是流星！
6-19.txt,498,津名川◇うん,うん<TYPE interval=40>･･････,嗯<TYPE interval=40>･･････
6-19.txt,502,津名川◇流れ星,流れ星も..これだけ空気が<BR>透明だとよく見えるね,流星也是･･････ 空气这么<BR>通透，看得真清楚呢
6-19.txt,515,透花◇あの中,あの中のどれかに.<BR>私たちみたいな人が<BR>住んでたりするのかな,那些星星里<BR>会不会也住着<BR>像我们一样的人呢
6-19.txt,519,津名川◇はは,はは..<BR>それは無いよ,哈哈･･････<BR>那可没有哦
6-19.txt,523,津名川◇だって,だって..　今見えてるのは<BR>全部太陽みたいな星だから,因为･･････ 现在能看到的<BR>全都是像太阳一样的恒星啊
6-19.txt,527,津名川◇生き物,生き物の住める<BR>場所じゃない,不是生物<BR>能居住的地方
6-19.txt,542,透花◇そうなん,<TYPE interval=40>･･････</TYPE>そうなんですか,<TYPE interval=40>･･････</TYPE>是这样吗
6-19.txt,544,津名川◇そう,そう...　光のスピードでも<BR>何十年..何百年かかるような<BR>遠いところで光ってるんだ,是啊･･････ 它们发光的地方太遥远了<BR>连光都要花上几十年･･････几百年<BR>才能传到这里
6-19.txt,546,津名川◇だから,だから..　今見ているのは<BR>もう凄い昔の光なんだよ,所以･･････ 我们现在看到的<BR>其实是非常久远以前的光哦
6-19.txt,574,津名川◇あの星,あの星のひとつひとつを<BR>いろんないくつもの惑星が<BR>取り巻いてる,那些星星的每一颗<BR>周围都环绕着<BR>各种各样的行星
6-19.txt,578,津名川◇中には,中には　地球みたいに<BR>水に恵まれた星があって,其中也有像地球一样<BR>水资源丰富的星球
6-19.txt,582,津名川◇僕たち,僕達のような生き物が<BR>いるかもしれない,说不定存在着<BR>像我们这样的生物
6-19.txt,586,津名川◇僕は,僕はいると思ってるんだけどね,我是觉得肯定有的
6-19.txt,599,透花◇わたし,わたしたちなんて...<BR>全然小さいんですね,像我们这样的･･････<BR>真是太渺小了呢
6-19.txt,604,津名川◇そうだ,そうだね,是啊
6-19.txt,608,津名川◇ちっぽけ,ちっぽけなもんだ,真是微不足道啊
6-19.txt,624,透花◇ご主人,ご主人様..<BR>あの<TYPE interval=40>･･････,主人･･････<BR>那个<TYPE interval=40>･･････
6-19.txt,628,津名川◇なに,なに？,怎么了？
6-19.txt,644,透花◇あの,あの<TYPE interval=40>･･････</TYPE>..<BR>手<TYPE interval=40>･･････,那个<TYPE interval=40>･･････</TYPE>･･････<BR>手<TYPE interval=40>･･････
6-19.txt,646,津名川◇手,"手？,<BR>寒いのかい？","手？,<BR>冷吗？"
6-19.txt,648,透花◇あ,あ..　あっ..　いえ,啊･･････啊･･････不是的
6-19.txt,678,透花◇こう,こうやって<TYPE interval=40>･･････</TYPE>..<BR>手を繋いで欲しかったんです,我只是想这样<TYPE interval=40>･･････</TYPE>･･････<BR>和您牵手
6-19.txt,680,津名川◇ん,ん<TYPE interval=40>･･････,嗯<TYPE interval=40>･･････
6-19.txt,706,津名川◇もう,もうこんな時間か,已经这么晚了吗
6-19.txt,710,透花◇あ,<TYPE interval=30>･･････</TYPE>あ..<BR>はい<TYPE interval=40>･･････,<TYPE interval=30>･･････</TYPE>啊･･････<BR>好的<TYPE interval=40>･･････
6-19.txt,714,津名川◇朝に,朝になる前に<BR>帰らなきゃナ,得在天亮前<BR>回去了
6-19.txt,733,津名川◇無言,<TYPE interval=50>･･････,<TYPE interval=50>･･････
6-19.txt,736,透花◇ご主人,ご主人さま<TYPE interval=40>･･････？,主人<TYPE interval=40>･･････？
6-19.txt,750,透花◇あ,<TYPE style='Fade'>あ<TYPE interval=40>･･･</TYPE>..ごしゅ<TYPE interval=40>･････</TYPE>..<BR>ん<TYPE interval=40>･･････,<TYPE style='Fade'>啊<TYPE interval=40>･･････</TYPE>･･････主<TYPE interval=40>･･････</TYPE>･･････<BR>嗯<TYPE interval=40>･･････
6-19.txt,753,津名川◇透花,透花<TYPE interval=40>･･････,透花<TYPE interval=40>･･････
6-19.txt,763,選択肢◇帰ろう,<FONT color=red><TYPE interval=0>･･････帰ろうか,<FONT color=red><TYPE interval=0>･･････回去吧
6-19.txt,764,選択肢◇もっと,<FONT color=red><TYPE interval=0>もっと･･･････<BR>してもいいかい？,<FONT color=red><TYPE interval=0>要不要再･･････<BR>继续下去？
6-19.txt,781,エマ◇う～ん,う～ん..　透花と沙友に<BR>少し悪いかな<TYPE interval=40>･･････,嗯･･････对透花和沙友<BR>是不是有点不太好<TYPE interval=40>･･････
6-19.txt,785,津名川◇大丈夫,大丈夫だと思うよ,我觉得没关系哦
6-19.txt,789,エマ◇そうかな,そうかな<TYPE interval=40>･･････,是吗<TYPE interval=40>･･････
6-19.txt,804,エマ◇宗慈,宗慈さん..　どうして<BR>わたしを誘ったの？,宗慈･･････为什么<BR>要约我出来呢？
6-19.txt,810,津名川◇エマと,エマと一緒に<BR>行きたかったんだ,因为想和艾玛<BR>一起去啊
6-19.txt,822,エマ◇そう,<TYPE interval=40>･･･</TYPE>そうなんだ,<TYPE interval=40>･･････</TYPE>这样啊
6-19.txt,828,エマ◇ふふ,ふふ,呵呵
6-19.txt,832,津名川◇じゃ,よし..　じゃ..<BR>行こうか,好･･････那･･････<BR>出发吧
6-19.txt,846,エマ◇うん,<TYPE style='Jump'>うん！,<TYPE style='Jump'>嗯！
6-19.txt,865,津名川◇こんな,こんな深夜に渋滞か,这么晚了还堵车啊。
6-19.txt,867,津名川◇夜でも,夜でもやっぱり..<BR>首都高は首都高だな<TYPE interval=40>･･････,就算是晚上，首都高<BR>果然还是首都高啊<TYPE interval=40>･･････
6-19.txt,869,津名川◇東京を,東京を出るまでは.下道のほうが<BR>早かったかも知れない,出东京之前，走普通道路<BR>说不定更快呢
6-19.txt,896,エマ◇大丈夫,大丈夫よ,没事的哦
6-19.txt,900,エマ◇待た,待たされる分..　着いたとき<BR>嬉しいと思うもん,因为等得越久･･････<BR>到达的时候就会越开心嘛
6-19.txt,904,津名川◇それも,それもそうだね,说的也是呢
6-19.txt,919,津名川◇じゃ,じゃ..　もう少し<BR>待ってくれるかい,那･･････就再稍微<BR>等我一下吧
6-19.txt,921,エマ◇にゃ,<TYPE style='Jump'>にゃ☆,<TYPE style='Jump'>喵☆
6-19.txt,973,エマ◇すご,"すごーい,<BR>まっくら･･･",好厉害——<BR>好黑哦･･････
6-19.txt,975,津名川◇そうだな,そうだな....<BR>バックミラーまで真っ暗だ,是啊･･････<BR>连后视镜里都漆黑一片
6-19.txt,977,津名川◇ライト,ライトを消したら<BR>一寸先も見えない<BR>だろうな,"要是关掉车灯,<BR>估计连一寸之外<BR>都看不见了"
6-19.txt,1002,エマ◇夜,<TYPE interval=30>･･････</TYPE>夜って..こんなに<BR>暗かったんだね<TYPE interval=40>･･････,<TYPE interval=30>･･････</TYPE>夜晚･･････原来这么<BR>黑啊<TYPE interval=40>･･････
6-19.txt,1006,津名川◇そう,これが本当の夜なのさ,这才是真正的夜晚啊
6-19.txt,1010,エマ◇それに,それに..<BR>すごい霧<TYPE interval=40>･･････,而且･･････<BR>雾好大啊<TYPE interval=40>･･････
6-19.txt,1014,津名川◇いや,いや..　これは<BR>霧じゃないんだ,不･･････这<BR>不是雾
6-19.txt,1018,津名川◇雲,雲なんだよ,是云哦
6-19.txt,1034,エマ◇雲？,雲？,云？
6-19.txt,1038,エマ◇雲って,雲って..<BR>あの空にある？,云･･････<BR>是指天上那个吗？
6-19.txt,1042,津名川◇そう,そう,嗯
6-19.txt,1046,津名川◇延々と,延々と登ってきて..<BR>その高さまで来たんだよ,一路不停地开上来･･････<BR>已经开到那个高度了哦
6-19.txt,1060,津名川◇もう少し,もう少しすれば<BR>雲の上だ,再开一会儿<BR>就到云层上面了
6-19.txt,1064,エマ◇雲の,雲の上なんて..<BR>ろまんちっく<TYPE style='Spring' speed=400>～♪</TYPE>,云层上面什么的･･････<BR>好浪漫<TYPE style='Spring' speed=400>〜♪</TYPE>
6-19.txt,1068,津名川◇そう,そうかもね,也许吧
6-19.txt,1073,津名川◇お,お..　晴れてきたな,哦･･････放晴了啊
6-19.txt,1088,エマ◇すごい,<TYPE interval=30>･･････</TYPE>すごい！,<TYPE interval=30>･･････</TYPE>好厉害！
6-19.txt,1090,エマ◇窓から,<TYPE interval=40>窓からでも星が<BR>いっぱい見える！,<TYPE interval=40>光是从车窗就能看到<BR>满天繁星！
6-19.txt,1092,津名川◇上で,上で幌を開けたら.<BR>もっとよく見えるよ,要是把顶篷打开的话<BR>能看得更清楚哦
6-19.txt,1108,津名川◇ほら,ほら..　もうすぐだ,看･･････马上就到了。
6-19.txt,1130,津名川◇この,<TYPE interval=30>･･････</TYPE>このへんでいいかな,<TYPE interval=30>･･････</TYPE>就停这儿吧
6-19.txt,1139,津名川◇よし,よし..　それじゃ.<BR>ライト消すよ,好･･････ 那･･････<BR>我把灯关了哦
6-19.txt,1143,エマ◇うん,うん,嗯。
6-19.txt,1158,エマ◇わ,"<TYPE style='Bang' speed=200>わ</TYPE><TYPE interval=40>･･･</TYPE>すごぉい,<BR>すごいね<TYPE interval=40>･･････","<TYPE style='Bang' speed=200>哇</TYPE><TYPE interval=40>･･････</TYPE>太厉害了,<BR>真厉害啊<TYPE interval=40>･･････"
6-19.txt,1162,津名川◇うん,うん<TYPE interval=40>･･････,嗯<TYPE interval=40>･･････
6-19.txt,1174,津名川◇ああ,ああ　..天の川だな,啊･･････是银河啊。
6-19.txt,1176,エマ◇ほんとに,ほんとに川みたい！,真的好像一条河！
6-19.txt,1178,津名川◇これが,これが見たかった<BR>んだよ･･････,我就是想看看<BR>这个･･････
6-19.txt,1180,エマ◇こんなに,こんなに星があるなんて..<BR>思ってなかった,没想到竟然有<BR>这么多星星･･････
6-19.txt,1182,エマ◇宗慈さん,宗慈さん...<BR>ありがとう<TYPE interval=40>･･････,宗慈･･････<BR>谢谢你<TYPE interval=40>･･････
6-19.txt,1226,エマ◇あ,あ..　流れ星！,啊･･････流星！
6-19.txt,1230,津名川◇うん,うん,嗯。
6-19.txt,1234,津名川◇これだけ,これだけ空気が澄んでると.<BR>流れ星も良く見えるな,"空气这么澄澈,<BR>流星也看得格外清楚啊。"
6-19.txt,1247,エマ◇ね,ね..　宗慈さん,呐･･････宗慈。
6-19.txt,1251,エマ◇あの中,あの中のどれかに.<BR>わたしたちみたいな人が<BR>住んでたりするのかな？,那些星星里，会不会也有<BR>像我们一样的人<BR>住着呢？
6-19.txt,1255,津名川◇はは,はは..<BR>それは無いよ,哈哈･･････<BR>那可没有哦
6-19.txt,1259,津名川◇だって,だって..　今見えてるのは<BR>全部太陽みたいな星だから,因为･･････ 现在能看到的<BR>全都是像太阳一样的恒星啊
6-19.txt,1263,津名川◇生き物,生き物の住める<BR>場所じゃない,不是生物<BR>能居住的地方
6-19.txt,1280,エマ◇そうなん,<TYPE interval=40>･･････</TYPE>そうなんだ,<TYPE interval=40>･･････</TYPE>这样啊。
6-19.txt,1282,津名川◇そう,そう...　光のスピードでも<BR>何十年..何百年かかるような<BR>遠いところで光ってるんだ,是啊･･････ 它们发光的地方太遥远了<BR>连光都要花上几十年･･････几百年<BR>才能传到这里
6-19.txt,1284,津名川◇だから,だから..　今見ているのは<BR>もう凄い昔の光なんだよ,所以･･････ 我们现在看到的<BR>其实是非常久远以前的光哦
6-19.txt,1312,津名川◇あの星,あの星のひとつひとつを<BR>いろんないくつもの惑星が<BR>取り巻いてる,那些星星的每一颗<BR>周围都环绕着<BR>各种各样的行星
6-19.txt,1316,津名川◇中には,中には　地球みたいに<BR>水に恵まれた星があって,其中也有像地球一样<BR>水资源丰富的星球
6-19.txt,1320,津名川◇僕たち,僕達のような生き物が<BR>いるかもしれない,说不定存在着<BR>像我们这样的生物
6-19.txt,1324,津名川◇僕は,僕はいると思ってるんだけどね,我是觉得肯定有的
6-19.txt,1337,エマ◇わたし,わたしたちなんて..<BR>全然小さいんだね,相比之下･･････<BR>我们真是太渺小了啊。
6-19.txt,1342,津名川◇そうだ,そうだね,是啊
6-19.txt,1346,津名川◇ちっぽけ,ちっぽけなもんだ,真是微不足道啊
6-19.txt,1364,エマ◇ふふ,ふふ,呵呵
6-19.txt,1366,津名川◇ん,ん　..寒いか？,嗯･･････冷吗？
6-19.txt,1368,エマ◇ううん,ううん,不。
6-19.txt,1370,エマ◇こうした,こうしたかったの,我就是想这样嘛。
6-19.txt,1372,津名川◇そうか,<TYPE interval=40>･･･</TYPE>そうか,<TYPE interval=40>･･････</TYPE>这样啊。
6-19.txt,1418,津名川◇もう,もうこんな時間か,已经这么晚了吗
6-19.txt,1422,エマ◇あ,<TYPE interval=30>･･････</TYPE>あ..<BR>ほんとだ,<TYPE interval=30>･･････</TYPE>啊･･････<BR>真的啊
6-19.txt,1426,津名川◇朝に,朝になる前に<BR>帰らなきゃナ,得在天亮前<BR>回去了
6-19.txt,1443,津名川◇無言,<TYPE interval=50>･･････,<TYPE interval=50>･･････
6-19.txt,1446,エマ◇宗慈さん,宗慈さん<TYPE interval=40>･･････,宗慈<TYPE interval=40>･･････
6-19.txt,1461,エマ◇ぁ,<TYPE style='Fade'>ぁ<TYPE interval=40>･･････,<TYPE style='Fade'>啊<TYPE interval=40>･･････
6-19.txt,1464,津名川◇エマ,エマ<TYPE interval=40>･･････,艾玛<TYPE interval=40>･･････
6-19.txt,1472,エマ◇宗慈さん,<TYPE interval=30>･･････</TYPE>宗慈さん<TYPE interval=40>･･･････</TYPE>..<BR>えっちしたいんでしょ,<TYPE interval=30>･･････</TYPE>宗慈<TYPE interval=40>･･････</TYPE>･･････<BR>你想做那种事对吧
6-19.txt,1476,選択肢◇いや,<FONT color=red><TYPE interval=0>･･････いや<BR>キスしたかっただけだよ,<FONT color=red><TYPE interval=0>･･････不<BR>只是想亲一下而已
6-19.txt,1477,選択肢◇うん,<FONT color=red><TYPE interval=0>うん･･･････<BR>したい,<FONT color=red><TYPE interval=0>嗯･･････<BR>想做
6-19.txt,1494,沙友◇えまと,えまとと～か<TYPE interval=40>･･･</TYPE>..<BR>おこるかな<TYPE interval=40>･･････</TYPE>？,艾玛和透花<TYPE interval=40>･･････</TYPE>･･････<BR>会生气吗<TYPE interval=40>･･････</TYPE>？
6-19.txt,1498,津名川◇ん？,"ん？,<BR>そんなことないよ",嗯？<BR>不会的
6-19.txt,1502,沙友◇うん,うん<TYPE interval=40>･･････,嗯<TYPE interval=40>･･････
6-19.txt,1514,沙友◇せんせい,せんせい<TYPE interval=40>･･･,老师<TYPE interval=40>･･････
6-19.txt,1518,津名川◇なんだ,なんだい？,怎么了？
6-19.txt,1522,沙友◇いしょー,せんせいは..<BR>さゆといしょーに.<BR>おほしさまが<BR>みたか～たですか？,老师･･････<BR>和沙友一起･･････<BR>看星星了〜<BR>吗？
6-19.txt,1540,津名川◇そう,<TYPE interval=40>･･････</TYPE>そうだよ,<TYPE interval=40>･･････</TYPE>是啊
6-19.txt,1544,津名川◇沙友と,沙友と一緒がいいんだ,果然还是和沙友在一起好啊
6-19.txt,1548,沙友◇にゃは,にゃは,喵哈
6-19.txt,1565,津名川◇じゃ,じゃ.　行こうか,那，走吧。
6-19.txt,1579,津名川◇こんな,こんな深夜に渋滞か,这么晚了还堵车啊。
6-19.txt,1581,津名川◇夜でも,夜でもやっぱり..<BR>首都高は首都高だな<TYPE interval=40>･･････,就算是晚上，首都高<BR>果然还是首都高啊<TYPE interval=40>･･････
6-19.txt,1583,津名川◇東京を,東京を出るまでは.下道のほうが<BR>早かったかも知れない,出东京之前，走普通道路<BR>说不定更快呢
6-19.txt,1612,沙友◇ど～ろ,ど～ろ..　くるまで<BR>こんでるですか？,道〜路･･････上的车车<BR>都堵住了吗？
6-19.txt,1618,津名川◇うーん,うーん..<BR>そうみたいだね,嗯･･････<BR>好像是这样呢
6-19.txt,1622,津名川◇ごめん,ごめんな..　ちょっと<BR>時間がかかりそうだ,抱歉啊･･････<BR>看来要花点时间了
6-19.txt,1626,沙友◇はーい,<TYPE style='Wave' speed=300>はーい,<TYPE style='Wave' speed=300>好——
6-19.txt,1666,沙友◇わー,<TYPE style='Wave'>わー..<BR>まくーらだー,<TYPE style='Wave'>哇･･････<BR>好黑〜啊
6-19.txt,1668,津名川◇そうだね,そうだね..<BR>バックミラーまで真っ暗だ,是啊･･････<BR>连后视镜里都是漆黑一片
6-19.txt,1670,津名川◇ライト,ライトを消したら<BR>一寸先も見えない<BR>だろうな,"要是关掉车灯,<BR>估计连一寸之外<BR>都看不见了"
6-19.txt,1695,沙友◇さゆは,さゆは.<BR>こんなまーくら<BR>はじめてです,沙友.<BR>还是第一次用这样的枕头<BR>
6-19.txt,1699,津名川◇そっか,そっか,这样啊
6-19.txt,1703,津名川◇でも,でも..　これが<BR>本当の夜なんだよ,不过･･････<BR>这才是真正的夜晚哦
6-19.txt,1715,沙友◇それに,それにー..　もやもやも<BR>してますよー,而且･･････<BR>还雾蒙蒙〜的呢
6-19.txt,1719,沙友◇ちょと,ちょとー.<BR>こわいなんです<TYPE interval=40>･･････,有、有点･･････<BR>好害怕呢<TYPE interval=40>･･････
6-19.txt,1723,津名川◇ああ,ああ　..これは雲だね,啊･･････这是云呢
6-19.txt,1727,沙友◇くも？,くも？,云？
6-19.txt,1741,沙友◇おそらの,おそらのくもですか....<BR>せんせー？,是天空中的云吗･･････<BR>老师？
6-19.txt,1745,津名川◇うん,うん..<BR>そうだよ,嗯･･････<BR>是啊
6-19.txt,1749,津名川◇延々,延々登ってきて.<BR>その高さまで来たんだ,"一路开上来,<BR>已经到那个高度了"
6-19.txt,1753,津名川◇もう,もう少しすれば<BR>雲の上だよ,"再开一会儿,<BR>就到云层之上了。"
6-19.txt,1767,沙友◇さゆ,さゆは.　おそらのくも..<BR>ふわふわしてると<BR>おもーてたですよ？,沙友以为･･････<BR>天空中的云･･････<BR>都是软绵绵〜的呢？
6-19.txt,1771,津名川◇はは,はは　..驚いたかい？,哈哈･･････吓一跳吧？
6-19.txt,1776,津名川◇お,お..　晴れてきたな,哦･･････放晴了啊
6-19.txt,1789,沙友◇わ,<FONT size=18>わ！,<FONT size=18>哇！
6-19.txt,1791,沙友◇いぱーい,おほしが<BR>いぱーいです！,星星･･････<BR>有好多〜呢！
6-19.txt,1804,津名川◇上で,上で幌を開けたら.<BR>もっとよく見えるよ,要是把顶篷打开的话<BR>能看得更清楚哦
6-19.txt,1808,津名川◇もう,もうそろそろかな,差不多是时候了吧
6-19.txt,1830,津名川◇この,<TYPE interval=30>･･････</TYPE>このへんでいいかな,<TYPE interval=30>･･････</TYPE>就停这儿吧
6-19.txt,1839,津名川◇よし,よし..　それじゃ.<BR>ライト消すよ,好･･････ 那･･････<BR>我把灯关了哦
6-19.txt,1843,沙友◇はーい,はーい,好——
6-19.txt,1858,沙友◇わ～,わ<TYPE style='Spring' speed=800>～</TYPE>,哇<TYPE style='Spring' speed=800>〜</TYPE>
6-19.txt,1862,沙友◇おほし,おほしさま..<BR>いぱーいだ<TYPE interval=40>･･････,星星･･････<BR>好多呀<TYPE interval=40>･･････
6-19.txt,1866,津名川◇そう,そうだね<TYPE interval=40>･･････,是啊<TYPE interval=40>･･････
6-19.txt,1880,津名川◇ああ,ああ　..天の川だな,啊･･････是银河啊。
6-19.txt,1882,沙友◇おそら,おそらにかわが<BR>あるんですかー？,天空里真的有<BR>河吗？
6-19.txt,1884,津名川◇いや,いや..　いっぱい星が集まって.<BR>川みたいに見えるだろ？,"不是啦･･････是无数星星聚在一起,<BR>看起来像条河一样吧？"
6-19.txt,1886,津名川◇だから,だから天の川っていうんだ,所以才叫它银河啊
6-19.txt,1888,沙友◇そぅか,そぅか～...<BR>すごいな～,原来如此〜･･････<BR>好厉害〜
6-19.txt,1931,沙友◇あ,あ..<BR>ひかりた！,啊..<BR>发光了！
6-19.txt,1935,津名川◇うん,うん<TYPE interval=40>･･････,嗯<TYPE interval=40>･･････
6-19.txt,1939,津名川◇流れ星,流れ星も..これだけ空気が<BR>透明だとよく見えるね,流星也是･･････ 空气这么<BR>通透，看得真清楚呢
6-19.txt,1952,津名川◇あの星,あの星のひとつひとつを.<BR>いろんないくつもの惑星が<BR>取り巻いているんだよ,那些星星中的每一颗.<BR>都有各种各样的好多个行星<BR>围绕着它哦
6-19.txt,1956,津名川◇中には,中には　地球みたいに<BR>水に恵まれた星があって,其中也有像地球一样<BR>水资源丰富的星球
6-19.txt,1960,津名川◇僕たち,僕達のような生き物が<BR>いるかもしれない,说不定存在着<BR>像我们这样的生物
6-19.txt,1964,津名川◇僕は,僕はいると思ってるんだけどね,我是觉得肯定有的
6-19.txt,1977,沙友◇へ～,へ～,诶〜
6-19.txt,1981,沙友◇せんせい,せんせいすごいな～,老师好厉害〜
6-19.txt,1986,津名川◇はは,はは,哈哈
6-19.txt,1990,津名川◇ホント,ホント..　そう考えれば..<BR>僕らなんてちっぽけなもんさ,真的･･････这么一想･･････<BR>我们真是太渺小了
6-19.txt,2008,沙友◇せんせい,せんせい<TYPE interval=40>･･････,老师<TYPE interval=40>･･････
6-19.txt,2010,津名川◇ん？,ん？,嗯？
6-19.txt,2012,津名川◇寒い,寒いかい？,冷吗？
6-19.txt,2014,沙友◇ん～ん,ん～ん,嗯〜
6-19.txt,2045,津名川◇そっか,ん<TYPE interval=40>･･･</TYPE>..そっか,嗯<TYPE interval=40>･･････</TYPE>･･････这样啊
6-19.txt,2047,沙友◇え,えぁは,诶嘿嘿
6-19.txt,2075,津名川◇さあ,さあ..　そろそろ<BR>帰ろうか,好了･･････差不多<BR>该回去了吧
6-19.txt,2089,津名川◇さあ,でも..<BR>もう帰らなきゃな,可是･･････<BR>已经该回去了啊
6-19.txt,2093,津名川◇あまり,あまり遅いと..二人が<BR>目を覚ましてしまう,要是太晚的话･･････她们俩<BR>就要醒了
6-19.txt,2097,沙友◇うん,<TYPE interval=30>･･･</TYPE>うん,<TYPE interval=30>･･････</TYPE>嗯
6-19.txt,2118,津名川◇沙友,沙友<TYPE interval=40>･･････,老师<TYPE interval=40>･･････
6-19.txt,2122,沙友◇どう,どうしたんですか...<BR>せんせー？,怎么了･･････<BR>老〜师？
6-19.txt,2137,津名川◇ん,ん<TYPE interval=40>･･････<TYPE>...<BR>沙友<TYPE interval=40>･･････,嗯<TYPE interval=40>･･････<TYPE>･･････<BR>沙友<TYPE interval=40>･･････
6-19.txt,2140,沙友◇あ,あ<TYPE interval=40>･･････</TYPE>...<BR>せんせ<TYPE interval=40>･･････,啊<TYPE interval=40>･･････</TYPE>･･････<BR>老〜师<TYPE interval=40>･･････
6-19.txt,2149,津名川◇好き,沙友<TYPE interval=40>･･････</TYPE>...<BR>好きだよ,沙友<TYPE interval=40>･･････</TYPE>･･････<BR>我喜欢你哦
6-19.txt,2152,沙友◇さゆも,さゆも<TYPE interval=40>･･････</TYPE>,沙友也<TYPE interval=40>･･････</TYPE>
6-19.txt,2161,沙友◇せんせ,<TYPE style='Fade'>せんせ<TYPE interval=40>･･････</TYPE>...<BR>ぁの<TYPE interval=40>･･････,<TYPE style='Fade'>老〜师<TYPE interval=40>･･････</TYPE>･･････<BR>那、那个<TYPE interval=40>･･････
6-19.txt,2164,沙友◇えと,<TYPE style='Fade'>えと<TYPE interval=40>･･････</TYPE>...せんせと...<BR>えち<TYPE interval=40>･･･</TYPE>りしたい<TYPE interval=40>･･････,<TYPE style='Fade'>那个<TYPE interval=40>･･････</TYPE>･･････想和老师･･････<BR>做、做<TYPE interval=40>･･････</TYPE>羞羞的事<TYPE interval=40>･･････
6-19.txt,2167,選択肢◆でも,<FONT color=red><TYPE interval=0>でも..<BR>もう帰らなきゃな,<FONT color=red><TYPE interval=0>可是･･････<BR>已经该回去了啊
6-19.txt,2168,選択肢◆うん,<FONT color=red><TYPE interval=0>うん..<BR>せんせいもだよ,<FONT color=red><TYPE interval=0>嗯･･････<BR>老师也是哦
6-19.txt,2180,津名川◇こんな,こんな深夜に渋滞か,这么晚了还堵车啊。
6-19.txt,2182,津名川◇夜でも,夜でもやっぱり..<BR>首都高は首都高だな<TYPE interval=40>･･････,就算是晚上，首都高<BR>果然还是首都高啊<TYPE interval=40>･･････
6-19.txt,2209,津名川セリフ◇見えて,やっと見えてきたか<TYPE interval=40>･･････,总算看见了啊<TYPE interval=40>･･････
6-19.txt,2240,津名川◇バック,<TYPE interval=30>･･･</TYPE>バックミラーまで<BR>真っ暗だな,<TYPE interval=30>･･････</TYPE>连后视镜里<BR>都是一片漆黑啊
6-19.txt,2242,津名川◇もう少し,もう少しで<BR>雲の上かな,再往前一点<BR>就到云层之上了吧
6-19.txt,2244,津名川◇お,お..　そろそろか,哦･･････差不多到了啊
6-19.txt,2276,津名川◇この,<TYPE interval=30>･･････</TYPE>このへんでいいかな,<TYPE interval=30>･･････</TYPE>就停这儿吧
6-19.txt,2287,津名川◇天の川,天の川<TYPE interval=40>･･････,银河<TYPE interval=40>･･････
6-19.txt,2289,津名川◇これが,これが見たかったんだ,我就是想来看这个的
6-19.txt,2291,津名川◇これだけ,これだけ空気が澄んでると<BR>よく見える,空气这么澄澈<BR>看得格外清楚
6-19.txt,2293,津名川◇ふう,"ふう<TYPE interval=40>･･････</TYPE>,<BR>こうして見ると","呼<TYPE interval=40>･･････</TYPE>,<BR>这么看着的话"
6-19.txt,2295,津名川◇僕,僕なんて.　ちっぽけな<BR>もんだな<TYPE interval=40>･･････,我这种人･･････真是<BR>渺小得微不足道啊<TYPE interval=40>･･････
6-19.txt,2340,津名川◇沈黙,<TYPE interval=60>･･････,<TYPE interval=60>･･････
6-19.txt,2357,津名川◇だけど,だけど<TYPE interval=40>･･････,但是<TYPE interval=40>･･････
6-19.txt,2369,津名川◇僕はこの,僕はこの街も.<BR>とても気に入ってますよ,我也很喜欢这条街道.<BR>真的非常喜欢哦。
6-19.txt,2373,筒井◇そうだな,そうだな,是啊
6-19.txt,2387,津名川◇この街,この街と..<BR>この生活,这条街道･･････<BR>还有这样的生活。
6-19.txt,2389,津名川◇この家,この家,这栋房子。
6-19.txt,2391,津名川◇日の,日の当たるソファ,洒满阳光的沙发。
6-19.txt,2393,津名川◇植物の,植物の匂いとか...<BR>道路の落ち葉を踏む音も,植物的气息什么的･･････<BR>还有走在路面落叶上的声音。
6-19.txt,2395,筒井◆かわいい,かわいいあの子達もな,还有那些可爱的女孩子们啊。
6-19.txt,2397,津名川◆そうです,そうです,是啊。
6-19.txt,2447,筒井◇何かを,何かを愛しているというのは<BR>気持ちいいことだな,"有所爱的事物,<BR>感觉真好啊。"
6-19.txt,2451,津名川◇あなた,あなたが奥さんを<BR>愛しているように,就像<BR>您爱着妻子一样。
6-19.txt,2455,筒井◇はは,"はは　..そうさ,<BR>今でも愛している","哈哈･･････是啊,<BR>至今也依然爱着她。"
6-19.txt,2459,筒井◇いなく,いなくなって.<BR>ずいぶん経った今でもね,"哪怕她已经离开很久了,<BR>现在也依然爱着她。"
6-19.txt,2476,筒井◇心の,心の内側に<BR>この気持ちがあれば,只要内心深处<BR>存有这份感情，
6-19.txt,2480,筒井◇外側の,外側の環境は<BR>さして問題じゃない,外部环境就<BR>无关紧要了。
6-19.txt,2484,筒井◇本当に,本当に大事なものは<BR>在るだけで素晴らしい,"真正重要的事物,<BR>仅仅存在本身就很美好。"
6-19.txt,2488,筒井◇何かと,何かと較べるなんて<BR>しなくていいものだろ,根本没必要去<BR>和别的事物比较吧。
6-20.txt,11,グラハム◇シュメール,シュメール文明を<BR>知っているかね,你知道<BR>苏美尔文明吗
6-20.txt,27,品藤◇メソポタ,メソポタミア文明の<BR>ことですね,是指美索不达米亚文明<BR>吧
6-20.txt,36,グラハム◇そう,そう,没错
6-20.txt,40,グラハム◇人類,人類最古のこの文明は<BR>約6500年前　.突如現れた,人类最古老的这个文明<BR>在约6500年前･･････突然出现了
6-20.txt,44,グラハム◇下水道,下水道まで完備した.<BR>都市国家としてね,作为连下水道都配备完善的<BR>城邦国家
6-20.txt,55,グラハム◇つい,つい数百年くらい前まで..<BR>下水道なんて.先進国にも<BR>なかったというのに,要知道直到几百年前･･････<BR>就连发达国家也<BR>没有下水道这种东西
6-20.txt,59,グラハム◇驚異的,驚異的なことだよ,真是令人惊叹啊
6-20.txt,63,品藤◇ええ,ええ,是的
6-20.txt,84,グラハム◇突如,突如だ,是突然出现的
6-20.txt,88,グラハム◇何の,何の前触れもなく,没有任何迹象
6-20.txt,92,グラハム◇大きな,大きな川のその泥の上に..<BR>この高度な文明を持った<BR>人間たちが現れた,就在那条大河的泥土之上･･････<BR>拥有如此高度文明的<BR>人类出现了
6-20.txt,104,グラハム◇それまで,それまでの人類はアレだ,在那之前的人类嘛
6-20.txt,108,グラハム◇石の槍,石の槍とかを持って<BR>狩りをしていたんだ,还只是拿着石矛之类<BR>打猎的原始人
6-20.txt,112,グラハム◇それが,それが突如　..<TYPE interval=90>農業に文字に.<BR>都市国家に.下水道だよ,结果突然之间･･････<TYPE interval=90>农业、文字、<BR>城邦国家、下水道
6-20.txt,124,グラハム◇農業,<TYPE interval=90>農業.　文学..<BR>建築学.　衛生医学,<TYPE interval=90>农业、文学･･････<BR>建筑学、卫生医学
6-20.txt,128,グラハム◇知識の,知識の体系化なんていう<BR>概念すらなかったというのに<TYPE interval=40>･･････,明明连知识体系化这种<BR>概念都不存在<TYPE interval=40>･･････
6-20.txt,132,グラハム◇では,それらの知識は<BR>どこからきたんだろうな？,这些知识<BR>究竟是从哪里来的呢？
6-20.txt,136,品藤◇沈黙,<TYPE interval=50>･･････,<TYPE interval=50>･･････
6-20.txt,153,グラハム◇重要,重要なのは<BR>“進化の過程が無い”.<BR>ということなのだ,重要的是<BR>“没有进化的过程”<BR>这一点
6-20.txt,155,グラハム◇知識と,知識というのは　..<BR>突如発生するものではない,知识这种东西･･････<BR>是不会突然产生的
6-20.txt,157,グラハム◇積み,積み上げられるものだ,而是不断积累起来的
6-20.txt,159,グラハム◇それが,それが　突然..<BR>高度なレベルで<BR>現れることがある,但却有时会突然･･････<BR>以极高的水平<BR>显现出来
6-20.txt,197,グラハム◇シュメール,シュメールを筆頭として..<BR>マヤの水晶の髑髏や..<BR>カレンダー<TYPE interval=40>･･････,以苏美尔为首･･････<BR>玛雅的水晶头骨･･････<BR>还有历法<TYPE interval=40>･･････
6-20.txt,201,グラハム◇トルコ,トルコの地下巨大都市..<BR>核実験の痕跡<TYPE interval=40>･･････,土耳其的地下巨大城市･･････<BR>核实验的痕迹<TYPE interval=40>･･････
6-20.txt,205,グラハム◇もっとも,もっとも　..アテにならん<BR>くだらないものも多いが,当然･･････其中也混杂着不少<BR>靠不住的无聊东西
6-20.txt,221,品藤◇オー,オーパーツ,欧帕兹
6-20.txt,226,グラハム◇そう,そう,没错
6-20.txt,230,グラハム◇その,その知識はどこから来た？,那些知识究竟从何而来？
6-20.txt,234,グラハム◇なぜ,なぜ受け継がれなかったのだ？,又为何没能传承下来？
6-20.txt,255,品藤◇それが,<TYPE interval=30>･･････</TYPE><BR>それがオリジン？,<TYPE interval=30>･･････</TYPE><BR>那就是“起源”吗？
6-20.txt,259,グラハム◇それだ,“それ”だ,正是“那个”。
6-20.txt,271,グラハム◆過去の,過去の前文明か<BR>未来予知か,"是过去的前文明,<BR>还是未来预知？"
6-20.txt,273,グラハム◆それとも,それとも地球外の星か<BR>別の次元からか,"或是地外星球,<BR>还是来自其他次元？"
6-20.txt,275,グラハム◆アカシック,アカシックレコードでも<BR>何でもいいがね,"不管是阿卡夏记录,<BR>还是别的什么也罢。"
6-20.txt,277,グラハム◇とにかく,とにかく..そういった知識を.<BR>得ることのできる<BR>人間たちがいたのだ,总之･･････这世上确实存在着<BR>能够获取<BR>这类知识的人。
6-20.txt,279,グラハム◇そのレベル,そのレベルが浅ければ<BR>予知夢やインスピレーション<BR>のようなもので終わるが,"若程度较浅,<BR>便只会化作预知梦或灵感<BR>之类的东西不了了之，"
6-20.txt,281,グラハム◇知識,知識交信のレベルが<BR>異常に高かった場合...<BR>それはあるギャップを引き起こす,但若知识交信的层级<BR>异常之高･･････<BR>便会引发某种断层。
6-20.txt,338,グラハム◆周り,周りからはそれはもはや<BR>理解不能の魔法使いとしか写らない,在旁人眼中，他们简直<BR>就是些令人无法理解的魔法师。
6-20.txt,340,グラハム◆そして,そして　..本人からはそれを<BR>周りにうまく伝えられない,而･･････他们自身也无法<BR>向周围的人妥善传达。
6-20.txt,342,グラハム◆前提条件,前提条件となる知識に<BR>差がありすぎるからだ,因为双方作为前提的知识量<BR>相差实在太过悬殊。
6-20.txt,344,グラハム◇彼らは,彼らは自分の知識を<BR>持て余しただろうな,他们大概对自己的知识<BR>感到难以驾驭吧。
6-20.txt,346,グラハム◇知識が,知識があっても　..それを<BR>生かせないストレス,明明拥有知识･･････却无法<BR>将其加以运用的苦闷
6-20.txt,348,グラハム◇周囲の,周囲の人間たちとの<BR>埋められないヒズミ,以及与周围人之间<BR>无法填平的隔阂。
6-20.txt,394,グラハム□そして,そしてついには.<BR>ソレに折り合いをつけ,而最终･･････<BR>他们选择与这一切和解，
6-20.txt,398,グラハム□昇華,昇華するために<BR>「何か」を作ったのだ,"为了将其升华,<BR>而创造了“某种事物”。"
6-20.txt,402,グラハム□都市,<TYPE interval=90>都市や　..髑髏や..<BR>カレンダーや　..核爆弾をね,<TYPE interval=90>都市･･････头骨･･････<BR>日历･･････还有核武器呢。
6-20.txt,417,グラハム◇実に,実に面白いとは<BR>思わないかね,你不觉得<BR>这十分有趣吗？
6-20.txt,419,グラハム◇正気の,正気の人間が聞けば<BR>妄想だと言うだろうが<TYPE interval=40>･･････,正常人听了，大概<BR>只会说这是妄想吧<TYPE interval=40>･･････
6-20.txt,421,グラハム◇これには,これには私自身にしか<BR>分からぬ裏付けがある,但这其中，有着只有我自己<BR>才能知晓的确证。
6-20.txt,449,グラハム◇なぜ,なぜ分からない<BR>かといえば,至于<BR>为什么别人无法理解，
6-20.txt,453,グラハム◇説明,説明しても他者には<BR>理解出来ないからだよ,是因为就算加以说明，他人<BR>也根本无法理解啊。
6-20.txt,457,グラハム◇彼らの,彼らの知識と<BR>同じように,就和他们的知识<BR>一样。
6-20.txt,472,グラハム◇しかし,しかし..<BR>力や知識が..ここに<BR>厳然と存在することは<BR>誰にも否定できない,"但是･･････<BR>力量与知识･･････确实<BR>在此确凿无疑地存在着,<BR>这是任何人都无法否定的。"
6-20.txt,474,グラハム◇だから,だからこそ　..古痕は<BR>“こういう組織”と<BR>なりえたのだ,正因如此･･････古痕才<BR>得以成为<BR>“这样的组织”。
6-20.txt,496,グラハム◇肉体に,肉体にできた傷は.<BR>ときとして.完全には治らず..<BR>痕を残すことがあるね,"肉体上留下的伤口,<BR>有时･･････无法完全恢复･･････<BR>会留下伤印呢。"
6-20.txt,500,グラハム◇精神,精神にもそういう<BR>ものがある,精神层面，同样也有<BR>这样的东西。
6-20.txt,504,グラハム◇トラウマ,トラウマ<BR>というやつだ,也就是所谓的<BR>创伤。
6-20.txt,508,グラハム◇そして,そして魂にも.<BR>そういうものがあるのだ,而在灵魂深处，同样也<BR>存在着这样的东西。
6-20.txt,524,グラハム◇セリフ,<FONT size=30 color=white><TYPE style='Fade' interval=90>古い魂の痕,<FONT size=30 color=white><TYPE style='Fade' interval=90>古老灵魂之痕
6-20.txt,535,グラハム◇それが,<TYPE interval=90>それがオリジンを<BR>引き出す,<TYPE interval=90>那将引出<BR>Origin
6-23.txt,3,品藤◇元気で,<TYPE interval=80>元気で<BR>頑張ってな..――か,<TYPE interval=80>要好好的<BR>加油啊･･････吗
6-23.txt,5,品藤◇結局,結局..　わかっているようで<BR>やっぱり何もわかってない<BR>のかもね...　あの人<TYPE interval=40>･･････,到头来･･････看似明白<BR>其实可能<BR>什么都不知道吧･･････那个人<TYPE interval=40>･･････
6-23.txt,34,品藤◇でも,でも.　そこが私は.<BR>気に入ったのかもしれない<BR>んだけど<TYPE interval=40>･･････,"但是,<BR>或许正是这一点<BR>让我･･････中意吧<TYPE interval=40>･･････"
7-02.txt,28,品藤セリフ◇あ,<TYPE interval=45>･･････<TYPE interval=60>あった,<TYPE interval=45>･･････<TYPE interval=60>有了
7-04.txt,17,エマセリフ◇わー,"<FONT size=18 face=""MS ゴシック\>わー　,<BR>おいしそうな匂い","<FONT size=18 face=""MS ゴシック\>哇——,<BR>好香的味儿啊"
7-04.txt,28,沙友セリフ◇さゆ,"<TYPE interval=40><FONT size=18 face=""MS ゴシック\>さゆ<BR>..おむれつすき！","<TYPE interval=40><FONT size=18 face=""MS ゴシック\>沙友<BR>･･････喜欢欧姆蛋！"
7-04.txt,34,沙友セリフ◇あと,"<FONT size=18 face=""MS ゴシック\>あと　..なと～とか,<TYPE interval=45><BR>とろろもすき！","<FONT size=18 face=""MS ゴシック\>还有･･････纳豆〜什么的，<TYPE interval=45><BR>山药泥也喜欢！"
7-04.txt,53,津名川セリフ◇沙友,沙友はネバネバ系が<BR>好きなんだな,沙友原来喜欢<BR>黏糊糊的食物啊
7-04.txt,60,エマセリフ◇ねえ,ねえ　..今日<BR>おでかけしようよ～,呐･･････今天<BR>一起出去玩吧〜
7-04.txt,64,津名川セリフ◇そうだな,"そうだなあ<TYPE interval=45>･･････,..<BR>でも最近暑くなってきたからな～",也是呢<TYPE interval=45>･･････<BR>不过最近天气越来越热了啊〜
7-04.txt,68,津名川セリフ◇あんまり,あんまり汗かくの<BR>..好きじゃないんだよな,我不太喜欢<BR>･･････出太多汗啊
7-04.txt,83,エマセリフ◇宗慈さん,宗慈さんそれ　....<BR>ヲタクっぽい,宗慈先生这话 ･･････<BR>好宅啊
7-04.txt,87,津名川セリフ◇そうか,そうかなぁ,是吗
7-04.txt,91,津名川セリフ◇どんどん,<TYPE interval=45>どんどん語彙が<BR>増えるナァ<TYPE interval=25>･･････,<TYPE interval=45>词汇量真是<BR>越来越丰富了啊<TYPE interval=25>･･････
7-04.txt,111,沙友セリフ◇さゆも,"<FONT size=18 face=""MS ゴシック\><TYPE interval=40>さゆも　おたくぽ！,<BR>おたくぽ　..おたくぽ","<FONT size=18 face=""MS ゴシック\><TYPE interval=40>沙友也 宅宅的！,<BR>宅宅的 ･･････宅宅的"
7-04.txt,118,津名川セリフ◇よしよし,"よしよし<TYPE interval=45>･･････</TYPE>..,<BR>じゃあ　..御苑でいいかい？",好啦好啦<TYPE interval=45>･･････</TYPE>･･････<BR>那去･･････御苑怎么样？
7-04.txt,122,津名川セリフ◇仕事が,仕事がまだ凄く<BR>..たまってるんだよ,工作还<BR>･･････堆了一大堆呢
7-04.txt,137,エマセリフ◇うん,"うん！,　じゃあ<BR>..今日は温室<BR>行きましょう！",嗯！那<BR>･･････今天去温室<BR>玩吧！
7-04.txt,146,津名川セリフ◇ええ,ええ？,诶？
7-04.txt,164,沙友セリフ◇おんしつ,"<FONT size=18 face=""MS ゴシック\>おんしつ<BR>..あたかいから...<BR>すき<TYPE interval=500 speed=500 style=Spring>～</TYPE>","<FONT size=18 face=""MS ゴシック\>温室<BR>･･････因为很暖和･･････<BR>喜欢<TYPE interval=500 speed=500 style=Spring>〜</TYPE>"
7-04.txt,170,津名川セリフ◇ふぅむ,ふぅむ,嗯——
7-04.txt,189,透花セリフ◇ご主人様,"ご主人様～,..<BR>お手紙来てました",主人〜･･････<BR>有您的信
7-04.txt,199,津名川セリフ◇ん,ん　..誰から？,嗯 ･･････谁寄来的？
7-04.txt,206,透花セリフ◇うーん,"<TYPE interval=45>･･････</TYPE>うーん　,..<BR>書いてないみたいです<BR>....開けますか？",<TYPE interval=45>･･････</TYPE>嗯—— ･･････<BR>好像没写寄件人<BR>･･････要打开吗？
7-04.txt,210,津名川セリフ◇怪しい,怪しいなあ....<BR>いや　...自分で開けるから<BR>置いといてくれるかい？,真可疑啊･･････<BR>不 ･･････我自己来拆<BR>你先放那儿吧？
7-04.txt,236,津名川セリフ◇どれどれ,どれどれ,我看看
7-04.txt,242,津名川セリフ◇ほんとだ,"ほんとだ　,怪しいナァ....<BR>あて先はワープロ打ちで<BR>返信先は無し",真的啊，好可疑･･････<BR>收件地址是打印的<BR>也没写回信地址
7-04.txt,253,沙友セリフ◇なにが,なにが<BR>はいてるのかな,里面装了<BR>什么呢
7-04.txt,257,エマセリフ◇爆弾,爆弾だったりして,该不会是炸弹吧
7-04.txt,261,透花セリフ◇やっぱり,<FONT size=15>やっぱり開けない方が..<BR>いいのかも<TYPE interval=45>･･････,<FONT size=15>果然还是别打开･･････<BR>比较好吧<TYPE interval=45>･･････
7-04.txt,265,津名川セリフ◇ま,ま　..爆弾ってこた<BR>ないだろうさ,嘛 ･･････总不至于<BR>真是炸弹吧
7-05.txt,5,兎セリフ◇よお,"よお　..部長,<BR>久しぶりじゃないか","哟，部长,<BR>好久不见啊"
7-05.txt,7,兎セリフ◇噂は,"噂は聞いてるよ,.<BR>うまくやってるんだってな","你的事我可听说了,<BR>说你干得挺不错嘛"
7-05.txt,9,品藤セリフ◇どうしたの,<TYPE interval=45>･･････</TYPE>どうしたの　..<BR>配置換え？,<TYPE interval=45>･･････</TYPE>怎么了･･････<BR>人事调动？
7-05.txt,39,兎セリフ◇そんな,"そんなワケないだろ,<BR>他の仕事をやることだってあるのさ,<BR>気晴らしだがね","怎么可能啊,<BR>偶尔也会做做其他工作嘛,<BR>就当散散心咯"
7-05.txt,44,品藤セリフ◇どこも,どこも<BR>..人手不足なのね,哪里都<BR>･･････缺人手呢
7-05.txt,49,兎セリフ◇オレが,オレが“仕事”で来たと<BR>..思ったか？,你以为我是来<BR>･･････“工作”的？
7-05.txt,63,兎セリフ◇安心,"安心しな　,そん時は<BR>疑う暇も与えんさ","放心吧 ,到那时候<BR>连怀疑的时间都不会给你的"
7-05.txt,68,品藤セリフ◇優しい,優しいのね,真温柔呢
7-05.txt,85,兎セリフ◇ああ,"ああ　,.そうだ<BR>..こっちからも<BR>渡すものがあるんだ",啊， 对了<BR>･･････我这边也有<BR>东西要给你
7-05.txt,88,品藤セリフ◇これ,<TYPE interval=45>･･････</TYPE>これ,<TYPE interval=45>･･････</TYPE>这个
7-05.txt,91,兎セリフ◇人使い,人使い荒いよなぁ,真会使唤人啊
7-05.txt,112,品藤セリフ◇まったく,"まったくね<TYPE interval=60>･･････</TYPE>,...<BR>それじゃ",真是的<TYPE interval=60>･･････</TYPE>･･････<BR>那回见
7-05.txt,132,兎セリフ◇オイオイ,"オイオイ,<BR>せっかく久しぶりに<BR>..会ったんだ","喂喂,<BR>好不容易才<BR>･･････见一面"
7-05.txt,134,兎セリフ◇食事,食事でも..しようぜ,去吃点东西･･････吧
7-05.txt,136,品藤セリフ◇急いで,急いでるの<BR>..また今度ね,我赶时间<BR>･･････下次吧
7-05.txt,168,兎セリフ◇沈黙,<TYPE interval=60>･･････,<TYPE interval=60>･･････
7-06.txt,13,津名川セリフ◇これは,これは<TYPE interval=45>･･････,这是<TYPE interval=45>･･････
7-06.txt,23,沙友セリフ◇わー,"<FONT size=18 face=""MS ゴシック\>わー　.へんな<BR>..もじだぁ","<FONT size=18 face=""MS ゴシック\>哇〜 。好奇怪的<BR>･･････文字呀"
7-06.txt,45,津名川セリフ◇その知識,<TYPE interval=45>･･････</TYPE><TYPE interval=90>その知識は１０番目の<BR>逆転する神より授かる,<TYPE interval=45>･･････</TYPE><TYPE interval=90>此等知识由第十位<BR>逆转之神所授予
7-06.txt,47,津名川セリフ◇光より,<TYPE interval=90>光より輝く光を見るものは<BR>古い命を失い　..新しい命を得る,<TYPE interval=90>目睹比光更耀眼之光者<BR>将失去旧有生命 ･･････获得新生
7-06.txt,49,津名川セリフ◇波が,"<TYPE interval=90>波が留まるとき　..全てを見　..全てを知り..<BR>全てを統べる王達が生まれる<TYPE interval=45>･･････</TYPE><BR>,.この神の門に",<TYPE interval=90>当波涛平息之时 ･･････看见一切 ･･････知晓一切･･････<BR>统御一切的王者们将会诞生<TYPE interval=45>･･････</TYPE><BR>于此神之门前
7-06.txt,79,エマセリフ◇読めるの？,"<TYPE interval=30>読めるの？,<BR>すごーい","<TYPE interval=30>读得出来吗？,<BR>好厉害——"
7-06.txt,87,沙友セリフ◇すごー,"<TYPE interval=20><FONT size=16 face=""MS ゴシック\>すごーいー！....<BR><TYPE interval=45>でもぜんぜん<BR>わからなかた","<TYPE interval=20><FONT size=16 face=""MS ゴシック\>好厉害——！･･････<BR><TYPE interval=45>但是完全<BR>看不懂呀"
7-06.txt,104,津名川セリフ◇え,"え　..あ,..　そういえば<BR>そうだね",咦･･････啊･･････说起来<BR>对啊
7-06.txt,110,津名川セリフ◇普通,"普通に意味がわかっちゃうんだ,..<BR>どうして読めるんだろう",居然能直接看懂意思･･････<BR>到底是怎么读懂的呢
7-06.txt,123,透花セリフ◇楔形文字,楔形文字ですね,是楔形文字呢
7-06.txt,130,エマセリフ◇宗慈さん,宗慈さんって　..<BR>謎な人だね<TYPE interval=45>･･････,宗慈先生真是･･････<BR>是让人看不透呢<TYPE interval=45>･･････
7-06.txt,134,津名川セリフ◇気持ち,"気持ち悪いな,.<BR>誰がこんな手紙を<TYPE interval=45>･･････",真让人不舒服･･････<BR>到底是谁写了这种信<TYPE interval=45>･･････
7-06.txt,153,津名川セリフ◇そういえば,<TYPE interval=90>そういえば　....自分の事..<BR>全然知らないんだな　..僕は,<TYPE interval=90>说起来･･････关于自己的事･･････<BR>我居然完全不了解呢･･････
7-06.txt,159,津名川セリフ◇どこかに,<TYPE interval=85>どこかに自分より<BR>..自分のことを知っている人が...<BR>いるのかもしれない,<TYPE interval=85>说不定在某个地方･･････<BR>有比我自己･･････<BR>更了解我的人存在･･････
7-07.txt,21,津名川セリフ◇最近は,最近は暑いね,最近真热啊
7-07.txt,27,透花セリフ◇夏服が,夏服が着られるから<BR>..嬉しいです,因为能穿夏装了<BR>...好开心。
7-07.txt,33,透花セリフ◇か,かわいいのが<BR>...多いし,而且可爱的款式<BR>..也很多
7-07.txt,51,エマセリフ◇そだね,"そだね,.<BR>パフスリーブが<BR>..好きだニャ","是呢,.<BR>泡泡袖<BR>..很喜欢喵"
7-07.txt,57,沙友セリフ◇ひらーり,ひらーりするのが...<BR>よいです～,轻飘飘的...<BR>感觉很好呢〜
7-07.txt,63,沙友セリフ◇か,かるーり<BR>かるーり,轻〜飘飘<BR>轻〜飘飘
7-07.txt,86,津名川セリフ◇ネコミミ,ネコミミは<BR>暑くないのかい,猫耳<BR>不热吗？
7-07.txt,92,エマセリフ◇それは,それはほら　..<BR>ポリシーですから,那个嘛  ..<BR>因为这是原则。
7-07.txt,98,津名川セリフ◇ポリシー,ポリシーね,原则啊
7-07.txt,119,津名川セリフ◇あ,<TYPE interval=60>･･････</TYPE>あ　..研究所..<BR>後で行かないとな,<TYPE interval=60>･･････</TYPE>啊  ･･････研究所･･････<BR>待会儿得去一趟
7-07.txt,126,津名川セリフ◇明日,明日　..お前達の<BR>テストもあるから,明天　..还有你们的<BR>测试
7-07.txt,130,エマセリフ◇またぁ,またぁ？,又要测试啊？
7-07.txt,143,沙友セリフ◇せんせい,せんせい<BR>..いそがしいのかい？,老师<BR>..很忙吗？
7-07.txt,147,沙友セリフ◇か,かわいそうにゃ～,好可怜喵〜
7-07.txt,151,津名川セリフ◇最近,最近呼び出しが多くてね,最近总被叫过去呢
7-07.txt,155,津名川セリフ◇人,人も増えてるし<BR>大変なんだ,人也变多了<BR>挺辛苦的
7-07.txt,170,透花セリフ◇あんまり,あんまり<BR>...無理しないで<BR>くださいね,不要太<BR>...勉强自己<BR>哦
7-07.txt,174,透花セリフ◇また,また風邪とかに<BR>なっちゃうかも<TYPE interval=45>･･････,不然可能又会<BR>感冒了<TYPE interval=45>･･････
7-07.txt,178,津名川セリフ◇大丈夫,大丈夫だよ,没事的
7-08.txt,10,上代セリフ◇津名,津名　..研究員<BR>.かなり増強されたんだって？,津名 ..研究员<BR>听说大幅增员了？
7-08.txt,16,津名川セリフ◇いきなり,いきなり倍だよ,一下子翻倍了呢
7-08.txt,20,津名川セリフ◇高宮研,高宮研のことも<BR>...あるのかもしれないけど,高宫研那边的事<BR>...可能也有关系吧。
7-08.txt,24,津名川セリフ◇こっち,こっちはいままで<BR>少数精鋭だったから...<BR>みんな..てんやわんやになってる,我们这边一直以来<BR>都是少数精锐･･････<BR>大家都･･････手忙脚乱的。
7-08.txt,39,上代セリフ◇こっちも,こっちも例の武器..<BR>来週上がりそうだよ,这边那个武器･･････<BR>下周好像就能出成品了。
7-08.txt,43,津名川セリフ◇そうか,そうか　..なんだか急に<BR>色々と.揃いはじめるもんだな,这样啊 ･･････总觉得突然之间<BR>各种东西。都开始凑齐了啊。
7-08.txt,47,上代セリフ◇人生,人生そんなもん,人生就是这样。
7-08.txt,69,津名川セリフ◇なるほど,なるほどね？,原来如此啊？
7-08.txt,75,津名川セリフ◇上からは,上からは..量産型エクストラの<BR>研究開発費が...いきなり<BR>降りて来たよ,上面･･････把量产型Extra的<BR>研发经费･･････突然<BR>批下来了。
7-08.txt,79,津名川セリフ◇現段階,現段階では<BR>...まだ無理なんだけどね,不过现阶段<BR>･･････还做不到呢。
7-08.txt,83,津名川セリフ◇あの,あの子達も<BR>..まだまだ安定してないし,那些孩子也<BR>･･････还远远没达到稳定状态呢。
7-08.txt,98,上代セリフ◇しかし,しかし現時点でも能力的には<BR>かなりイッてるからな,不过即便是现阶段，能力方面<BR>也已经相当可观了。
7-08.txt,105,上代セリフ◇ふん,"ふ<TYPE interval=45>･･･</TYPE>ん<TYPE interval=45>･･････</TYPE><BR>,でも　..確かに<TYPE interval=45>･･････</TYPE>",呼<TYPE interval=45>･･････</TYPE>嗯<TYPE interval=45>･･････</TYPE><BR>不过 ･･････确实<TYPE interval=45>･･････</TYPE>
7-08.txt,109,上代セリフ◇その,"その予算はちょっと怖いな,.<BR>上で何か動いているのかも","那笔预算有点吓人啊,<BR>上面可能在搞什么动作吧。"
7-08.txt,126,津名川セリフ◇高宮の,高宮の方にいってたのが<BR>別名目で回ってきただけかも,可能只是原本划给高宫那边的钱<BR>换了个名目又转回来了吧。
7-08.txt,132,上代セリフ◇そうかな,そうかな,是这样吗。
7-08.txt,136,津名川セリフ◇品藤に,品藤に聞いてみるよ,我去问问品藤吧。
7-08.txt,154,水滝セリフ◇あ,あ　..津名川さん,啊 ･･････津名川先生。
7-08.txt,162,水滝セリフ◇新しい,新しいテスト機器来てますんで...<BR>仕様だけでもチェックしておいて<BR>貰えるでしょうか,新的测试机器到了･･････<BR>能不能请您至少先检查一下<BR>规格说明呢。
7-08.txt,173,水滝セリフ◇それから,それから血液分析でちょっと<BR>気になるところがあるって...<BR>ウェンさんが言ってました,还有，血液分析那边有点<BR>让人在意的地方･･････<BR>韦先生是这么说的。
7-08.txt,177,津名川セリフ◇後で,後で見とくよ,我晚点看。
7-08.txt,181,津名川セリフ◇新しい,新しく入った研究員はどう？,新来的研究员怎么样？
7-08.txt,200,水滝セリフ◇さすがに,"さすがに<BR>人それぞれですけど,.<BR>なんとかなると思いますよ","毕竟<BR>因人而异吧,<BR>不过我觉得应该能应付得来。"
7-08.txt,206,水滝セリフ◇ただ,ただ　..プログラマだけは<BR>ちょっと力不足だったみたいで<BR>..鄭さんが泣いてました,只是 ･･････只有程序员<BR>好像有点能力不足<BR>･･････郑小姐都急哭了。
7-08.txt,210,津名川セリフ◇そうか,"そうか,<BR>慰めといてくれよ","这样啊,<BR>你去安慰安慰她吧。"
7-08.txt,214,水滝セリフ◇ええ,ええ,好的。
7-08.txt,229,上代セリフ◇いそがしそう,忙しそうだな,看起来很忙啊。
7-08.txt,233,津名川セリフ◇人生,人生そんなもんさ,人生就是这样啊。
7-08.txt,248,上代セリフ◇あ,"<TYPE interval=30>あ　..透花ちゃ～ん！,<BR>ラブ！","<TYPE interval=30>啊 ･･････透花酱〜！,<BR>Love！"
7-08.txt,264,津名川セリフ◇･･････,<TYPE interval=45>･･････,<TYPE interval=45>･･････
7-09.txt,8,倉巳セリフ◇くそ,"くそ<BR>,こんなとこで<TYPE interval=65>･･････",可恶<BR>在这种地方<TYPE interval=65>･･････
7-09.txt,13,倉巳セリフ◇沈黙,<TYPE interval=65>･･････,<TYPE interval=65>･･････
7-09.txt,28,倉巳セリフ◇こんなとこ,<TYPE interval=30>こんなとこで引けるか...<BR>バカヤロウ,<TYPE interval=30>怎么能在这种地方退缩･･････<BR>混蛋
7-09.txt,50,荒山セリフ◇指導だよ,指導だよ,这是在指导你啊
7-09.txt,56,荒山セリフ◇普通の,"普通の人間がこれ以上<BR>立ち入れば,　確実に死ぬ",普通人要是再往前走<BR>绝对会死
7-09.txt,63,荒山セリフ◇俺が,俺が手を下さずともな,甚至都不需要我亲自动手
7-09.txt,74,荒山セリフ◇素人に,素人にうろちょろ<BR>されるのは.目障りだ,外行在这里晃来晃去<BR>真是碍眼
7-09.txt,78,荒山セリフ◇お,おとなしく帰って..くだらん<BR>三文記事でも書いてるがいい,乖乖滚回去･･････写点无聊的<BR>三流报道去吧
7-09.txt,97,荒山セリフ◇貴様の,貴様のその<BR>正義とやらをな,就去写你那所谓的<BR>正义吧
7-09.txt,103,倉巳セリフ◇！,<TYPE interval=45>･･････</TYPE>！,<TYPE interval=45>･･････</TYPE>！
7-09.txt,128,倉巳セリフ◇グぁ,"<TYPE interval=20><FONT size=20 face=""MS ゴシック"">グ<FONT size=18 face=""MS ゴシック"">ぁっ！！","<TYPE interval=20><FONT size=20 face=""MS ゴシック"">咕<FONT size=18 face=""MS ゴシック"">啊！！"
7-09.txt,144,荒山セリフ◇所詮,所詮　..野良犬は<BR>野良犬だ,终究･･････野狗<BR>就是野狗
7-09.txt,154,荒山セリフ◇残飯,残飯漁りが..猟犬の真似事など<BR>やるからこうなる,扒剩饭的･･････去模仿猎犬<BR>才会落得这下场
7-09.txt,166,倉巳セリフ◇沈黙,<TYPE interval=45>････････････,<TYPE interval=45>･･････
7-10.txt,13,津名川セリフ◇おかしい,"おかしいな,..<BR>出ないなんて",真奇怪啊･･････<BR>居然打不通。
7-10.txt,26,沙友セリフ◇せんせい,せんせい<BR>..どしたの～？,老师<BR>･･････怎么啦〜？
7-10.txt,30,津名川セリフ◇いいか,ま　..いいか,算了･･････没什么。
7-10.txt,54,エマセリフ◇新しい,"新しい車<BR>..広くていい～！,.<BR>テレビついてるし！",新车<BR>･･････好宽敞啊〜！<BR>还有电视呢！
7-10.txt,60,沙友セリフ◇てれび,<TYPE interval=50>てれびヨい！,<TYPE interval=50>有电〜视真好！
7-10.txt,83,津名川セリフ◇良かった,良かったな,那就好。
7-10.txt,89,エマセリフ◇うん！,"<TYPE interval=20><FONT size=18 face=""MS ゴシック\>うん！","<TYPE interval=20><FONT size=18 face=""MS ゴシック\>嗯！"
7-10.txt,97,エマセリフ◇帰り,帰り道　..どこか<BR>寄り道していこうよ～,回去的路上･･････<BR>去哪里顺道逛逛吧〜
7-10.txt,102,透花セリフ◇エマってば,<FONT size=16>エマってば<TYPE interval=45>･･････,<FONT size=16>艾玛真是的<TYPE interval=45>･･････
7-10.txt,123,エマセリフ◇にゃあ,"<FONT size=18 face=""MS ゴシック\>にゃあ....<BR>にゃあ～","<FONT size=18 face=""MS ゴシック\>喵呜･･････<BR>喵呜〜"
7-10.txt,129,エマセリフ◇御苑が,"<FONT size=16 face=""MS ゴシック\>ぎょえんが<BR>イイにゃ～","<FONT size=16 face=""MS ゴシック\>公〜园<BR>比较好喵〜"
7-10.txt,133,津名川セリフ◇また今度,また今度な,下次吧。
7-10.txt,152,沙友セリフ◇おんしつ,"<FONT size=18 face=""MS ゴシック\>おんしつすき～..<BR>なのです！","<FONT size=18 face=""MS ゴシック\>喜欢温〜室･･････<BR>的说！"
7-10.txt,158,沙友セリフ◇お,"<FONT size=18 face=""MS ゴシック\>おはなが<BR>いぱーいさいてるから","<FONT size=18 face=""MS ゴシック\>因为花开得<BR>满〜满的呀"
7-10.txt,164,津名川セリフ◇いぱーい,いぱーいか,满〜满的吗。
7-10.txt,168,沙友セリフ◇えへぁ,"<FONT size=16 face=""MS ゴシック\>えへぁ","<FONT size=16 face=""MS ゴシック\>诶嘿"
7-10.txt,186,津名川セリフ◇ああ,ああ　..そうだ<TYPE interval=45>･･････,啊･･････对了<TYPE interval=45>･･････
7-10.txt,192,津名川セリフ◇この時期,この時期ならあそこも<BR>一面..真っ白だろうな,这个时节的话，那里应该也是<BR>一片･･････雪白吧。
7-10.txt,204,エマセリフ◇どこどこ,どこどこ？,哪里哪里？
7-10.txt,211,津名川セリフ◇僕の故郷,僕の<BR><RUBY text='ふるさと'>故郷</RUBY>さ,是我的<BR>故乡啊
7-10.txt,223,津名川セリフ◇第２の,第２のね,第二故乡哦。
7-10.txt,240,エマセリフ◇わ,"<FONT size=16 face=""MS ゴシック\>わ　..行って見たい！！,<BR>ね　..ね　..行きたいよね","<FONT size=16 face=""MS ゴシック\>哇･･････好想去看看！！<BR>呐･･････呐･･････好想去呢"
7-10.txt,246,透花セリフ◇うん,"うん　,私も見て<BR>みたいです<TYPE interval=45>･･････",嗯，我也想去<BR>看看呢<TYPE interval=45>･･････
7-10.txt,252,沙友セリフ◇さゆも～,"<FONT size=20 face=""MS ゴシック\>さゆも<TYPE interval=500 speed=500 style=Spring>～</TYPE>！","<FONT size=20 face=""MS ゴシック\>沙友也<TYPE interval=500 speed=500 style=Spring>〜</TYPE>！"
7-10.txt,276,津名川セリフ◇そうだな,"<TYPE interval=45>･･････</TYPE>そうだな,.<BR>今度行ってみよう","<TYPE interval=45>･･････</TYPE>也是啊,<BR>下次去看看吧。"
7-10.txt,283,津名川セリフ◇ずいぶん,ずいぶんと<BR>墓参りもしてないし,而且也好久<BR>没去扫墓了。
7-11.txt,11,水滝セリフ◇津名川,津名川さん<BR>....血液検査の結果<BR>でましたよ,津名川先生<BR>･･････血液检查的结果<BR>出来了哦
7-11.txt,27,水滝セリフ◇うん,前回に比べて<BR>...赤血球と白血球の数が<BR>だいぶ増えているみたいです,和上次相比<BR>･･････红细胞和白细胞的数量<BR>似乎增加了不少
7-11.txt,33,津名川セリフ◇食事,食事が変わったことが<BR>原因かな？,是因为饮食改变<BR>的缘故吗？
7-11.txt,36,水滝セリフ◇血液,血液濃度が上がりすぎないように<BR>..多めに水分をとらせた方が..<BR>いいかもしれません,为了防止血液浓度过高<BR>･･････最好<BR>让她们多补充点水分･･････
7-11.txt,40,津名川セリフ◇そうだな,そうだな,嗯，说得也是
7-12.txt,12,津名川セリフ◇うーん,うーん<TYPE interval=45>･･････,嗯･･････<TYPE interval=45>･･････
7-12.txt,14,エマセリフ◇だめなの,だめなの～？,不行吗〜？
7-12.txt,45,透花セリフ◇ご主人様,ご主人様　..忙しいんだから<BR>仕方ないよ<TYPE interval=45>･･････,主人 ･･････很忙的嘛<BR>没办法呀<TYPE interval=45>･･････
7-12.txt,51,沙友セリフ◇え～,"<FONT size=16 face=""MS ゴシック\>え～？<BR>,いきたいよう～,<BR>せんせいのこきょーり","<FONT size=16 face=""MS ゴシック\>诶〜？<BR>我想去嘛〜<BR>老师的故〜乡"
7-12.txt,58,透花セリフ◇こ・きょ,こ・きょ・う,故・乡
7-12.txt,62,沙友セリフ◇こきょー,こきょーり<BR>..こきょーり,故〜乡<BR>･･････故〜乡
7-12.txt,81,津名川セリフ◇いや,いや　..大丈夫<BR>..なんとかするからさ,不 ･･････没事<BR>･･････我会想办法的
7-12.txt,87,津名川セリフ◇とはいえ,<TYPE interval=45>･･････</TYPE>とはいえ　..丸１日空けないと<BR>流石に遠いな<TYPE interval=45>･･････,<TYPE interval=45>･･････</TYPE>话虽如此 ･･････不空出整整一天的话<BR>果然还是太远了啊<TYPE interval=45>･･････
7-12.txt,92,津名川セリフ◇仕事が,仕事が趣味みたいなもんだから<BR>気にしてなかったけど,工作对我来说就像兴趣一样<BR>所以一直没太在意
7-12.txt,97,津名川セリフ◇こう,こうやってみると<BR>結構忙しくしてたんだなぁ<TYPE interval=45>･･････,这么一看<BR>我居然挺忙的嘛<TYPE interval=45>･･････
7-12.txt,110,選択肢◇よし,<TYPE interval=0><FONT color=red>よし･･････わかった<BR>明日にしよう</FONT>,<TYPE interval=0><FONT color=red>好･･････明白了<BR>就明天去吧</FONT>
7-12.txt,111,選択肢◇今は,<TYPE interval=0><FONT color=red>今は忙しいから<BR>仕事が空いた日にしよう</FONT>,<TYPE interval=0><FONT color=red>现在太忙了<BR>等工作闲下来再去吧</FONT>
7-12.txt,150,津名川セリフ◇よし,よし<TYPE interval=45>･･････</TYPE>わかった..<BR>明日にしよう,好<TYPE interval=45>･･････</TYPE>明白了･･････<BR>就明天去吧
7-12.txt,154,エマ沙友セリフ◇やった,"<FONT size=18 face=""MS ゴシック\><TYPE interval=20>やったあ！","<FONT size=18 face=""MS ゴシック\><TYPE interval=20>太棒啦！"
7-12.txt,174,エマセリフ◇宗慈さん,"<FONT size=18 face=""MS ゴシック\>宗慈さん大好き！","<FONT size=18 face=""MS ゴシック\>最喜欢宗慈先生了！"
7-12.txt,181,沙友セリフ◇せんせい,"<FONT size=18 face=""MS ゴシック"">せんせい<BR>ばんざーい！","<FONT size=18 face=""MS ゴシック"">老师<BR>万岁——！"
7-12.txt,189,津名川セリフ◇それは,それはちょっと,那有点･･････
7-12.txt,213,透花セリフ◇いきなりで,いきなりで<BR>大丈夫なんですか？,突然这样<BR>没关系吗？
7-12.txt,219,津名川セリフ◇同じ,いきなりでもずっと先でも<BR>多分同じだよ,不管是突然还是很久以后<BR>大概都一样吧
7-12.txt,225,津名川セリフ◇たまには,"たまには休暇が<BR>.あってもいいだろ<BR>,僕にも　..お前達にもね",偶尔有个假期<BR>也没什么不好吧<BR>我也是･･････你们也是
7-12.txt,229,エマセリフ◇何着て,"何着て<BR>..いこうっかな～！,<BR>えっへー","穿什么<BR>･･････去好呢〜！,<BR>嘿嘿〜"
7-12.txt,247,津名川セリフ◇今は,今は忙しいから..<BR>仕事が空いた日にしよう,现在很忙･･････<BR>等工作空闲的日子再去吧
7-12.txt,251,エマセリフ◇ええ～,<TYPE interval=40>ええ～っ,<TYPE interval=40>诶——
7-12.txt,258,エマセリフ◇そんなん,<TYPE interval=45>そんなんじゃ<BR><RUBY text=' いつ '>何時</RUBY>になるか<BR>わかんないニャ！,<TYPE interval=45>照那样的话<BR>根本不知道要到什么时候<BR>了喵！
7-12.txt,262,沙友セリフ◇うにゃ,"<FONT size=18 face=""MS ゴシック\>うにゃぁ～","<FONT size=18 face=""MS ゴシック\>呜喵〜"
7-12.txt,268,透花セリフ◇ご主人様,ご主人様を<BR>困らせちゃ..だめだよ<TYPE interval=45>･･･,不可以让主人<BR>为难･･････哦<TYPE interval=45>･･････
7-12.txt,295,津名川セリフ◇ふむ,"ふむ<TYPE interval=45>･･････</TYPE>　,できるだけ<BR>..早めに時間をとるから　..さ",嗯<TYPE interval=45>･･････</TYPE>　，我会尽量<BR>･･････早点抽出时间的 ･･････啦
7-12.txt,301,沙友セリフ◇うん,うん<TYPE interval=45>･･････,嗯<TYPE interval=45>･･････
7-12.txt,306,エマセリフ◇もう～,もう～,真是的〜
7-12.txt,311,透花セリフ◇沈黙,<TYPE interval=45>･･････,<TYPE interval=45>･･････
7-13.txt,10,透花セリフ◇いい,いいんですか？,真的可以吗？
7-13.txt,23,津名川セリフ◇いいんだ,いいんだ,可以啊。
7-13.txt,27,エマセリフ◇なんだか,なんだか..悪いことしてる<BR>みたいでドキドキするね,总觉得･･････<BR>像是在做坏事一样，心跳得好快呢。
7-13.txt,33,沙友セリフ◇ぁは～,ぁは～,啊哈〜
7-14.txt,11,エマセリフ◇わぁ,わぁ<TYPE interval=60>･･････,哇<TYPE interval=60>･･････
7-14.txt,16,透花セリフ◇こんな,こんな所があるんですね,原来还有这样的地方啊
7-14.txt,21,津名川セリフ◇うん,うん...<BR>変わらないな　..ここは,嗯･･････<BR>一点都没变啊･･････这里
7-14.txt,25,沙友セリフ◇かわいい,かわいい<BR>おはなさんですぅ～,好可〜爱<BR>的花花呀〜
7-14.txt,30,沙友セリフ◇ちょうちょ,ちょうちょも<BR>とんでる！,还有蝴蝶<BR>在飞呢！
7-14.txt,56,エマセリフ◇綺麗,綺麗<TYPE interval=60>･･････,真漂亮<TYPE interval=60>･･････
7-14.txt,62,津名川セリフ◇昔は,昔はさ　.この草をたくさん摘んで<BR>..箱の中の品物の隙間に<BR>クッションとして詰めてたらしいね,以前啊･･････会摘很多这种草<BR>･･････填进箱子里物品的缝隙中<BR>当作减震物呢
7-14.txt,66,津名川セリフ◇それで,それで　.白詰草って云うんだ,所以･･････才叫它白三叶草啊
7-14.txt,70,透花セリフ◇シロツメ,<FONT size=15>シロツメクサ<TYPE interval=40>･･････,<FONT size=15>白三叶草<TYPE interval=40>･･････
7-14.txt,91,津名川セリフ◇ちょっと,ちょっと前までは<BR>..いろんな所に群生していた<BR>らしんだけどね,就在不久之前<BR>･･････到处都成片生长着<BR>据说是这样的呢
7-14.txt,95,津名川セリフ◇今,今じゃあんまり<BR>..見かけない,现在却很少<BR>･･････能见到了
7-14.txt,119,沙友セリフ◇だぁれ,だぁれの<BR>おはか？,是谁的<BR>坟墓呀？
7-14.txt,125,津名川セリフ◇昔の,昔の友達<TYPE interval=60>･･････,以前的朋友<TYPE interval=60>･･････
7-14.txt,148,透花セリフ◇残念,残念ですね,真遗憾呢
7-14.txt,154,津名川セリフ◇うん,うん,嗯
7-14.txt,189,エマセリフ◇で,でも　..こうやって時々でも<BR>会いにきてくれる人がいるから<BR>..寂しくないと思うよ,但是･･････像这样偶尔<BR>也会有人来看望<BR>･･････想必也不会寂寞吧
7-14.txt,195,津名川セリフ◇うん,<TYPE interval=60>･･･<TYPE interval=80>そうかもね,<TYPE interval=60>･･････<TYPE interval=80>也许吧
7-14.txt,214,津名川セリフ◇この人,この人が死んだのが<BR>....ここを去る理由だったかもな,这个人的死<BR>･･････或许就是我离开这里的理由吧
7-14.txt,233,津名川セリフ◇もう誰も,<TYPE interval=77>もう誰もいないのか<TYPE interval=40>･･････,<TYPE interval=77>已经谁都不在了吗<TYPE interval=40>･･････
7-14.txt,254,津名川セリフ◇この部屋,<TYPE interval=60>･･････</TYPE>この部屋が<BR>..僕が居た部屋,<TYPE interval=60>･･････</TYPE>这个房间<BR>･･････就是我以前住的房间
7-14.txt,258,エマセリフ◇綺麗,"ほんと？,<BR>そうなんだ<TYPE interval=60>･･････",真的吗？<BR>这样啊<TYPE interval=60>･･････
7-14.txt,264,透花セリフ◇残念,ここに　..昔の<BR>ご主人様が<TYPE interval=60>･･････,这里･･････以前的<BR>主人<TYPE interval=60>･･････
7-14.txt,271,沙友セリフ◇なんにも,なんにもないね<BR>..せんせい,什么都没有呢<BR>･･････老师
7-14.txt,298,津名川セリフ◇もう誰も,"そうだね,..<BR>この手の病院っていうのは<BR>..そういうところだからね",是啊･･････<BR>这类医院就是<BR>･･････这样的地方嘛
7-14.txt,304,津名川セリフ◇沈黙,<TYPE interval=60>･･････,<TYPE interval=60>･･････
7-14.txt,319,エマセリフ◇綺麗,ココを出て<BR>..古痕に入ったの？,离开这里之后<BR>･･････就进了古痕吗？
7-14.txt,325,津名川セリフ◇そう,そう,嗯
7-14.txt,344,津名川セリフ◇あのとき,<TYPE interval=80>あのときの僕は<TYPE interval=60>･････････,<TYPE interval=80>那个时候的我<TYPE interval=60>･････････
7-14.txt,349,津名川セリフ◇なにか,<TYPE interval=80>なにか打ち込めるものが..<BR>必要だった,<TYPE interval=80>需要一个..<BR>能让我全心投入的目标
7-14.txt,367,津名川セリフ◇古痕,<TYPE interval=80>古痕に入ってすぐ,<TYPE interval=80>刚进入古痕没多久
7-14.txt,374,津名川セリフ◇人工,<TYPE interval=80>さっきのクローバーの葉を<BR>...人工的に４枚以上にする<BR>....という研究を開始した。,<TYPE interval=80>就把刚才说的三叶草叶子<BR>...用人工的方法变成四片以上<BR>....开始了这项研究。
7-14.txt,388,津名川セリフ◇楽しい,<TYPE interval=90>楽しい毎日だったね。,<TYPE interval=90>每天都过得很快乐呢。
7-14.txt,393,津名川セリフ◇それ,<TYPE interval=80>ソレまでの病院暮らしからすれば..<BR>何事も新鮮でね。,<TYPE interval=80>和之前在医院里的生活相比..<BR>无论什么事都很新鲜。
7-14.txt,407,津名川セリフ◇研究,<TYPE interval=80>研究は簡単だった。,<TYPE interval=80>研究非常简单。
7-14.txt,425,津名川セリフ◇５枚,<TYPE interval=80>５枚のクローバーは..<BR>すぐに出来た。,<TYPE interval=80>五片叶子的三叶草..<BR>马上就做出来了。
7-14.txt,430,津名川セリフ◇命の,<TYPE interval=80>命のプログラムを自由に操れるという<BR>....まるで神様になったような気分だったよ。,<TYPE interval=80>能够自由掌控生命的程序<BR>....那种感觉，简直就像自己变成了神明一样。
7-14.txt,442,津名川セリフ◇僕らは,<TYPE interval=80>僕らはさらに遺伝子を<BR>プログラムしつづけた。,<TYPE interval=80>我们开始不断地<BR>对基因进行修改与编写。
7-14.txt,447,津名川セリフ◇自然界,<TYPE interval=80>自然界では1904年に<BR>..１６枚葉が見つかっているから<BR>....まずはそれを目指していたんだ。,<TYPE interval=80>因为在自然界中，1904年<BR>..曾经发现过16片叶子的三叶草<BR>....所以我们首先以此为目标。
7-14.txt,464,津名川セリフ◇そのうち,そのうち<BR>...１６枚葉もクリア<TYPE interval=60>･･････,没过多久<BR>･･････16叶的目标也攻克了<TYPE interval=60>･･････
7-14.txt,469,津名川セリフ◇８ヶ月,８ヶ月後には３３枚の葉を..<BR>つけるクローバーを作り上げた,仅仅8个月后，我们就培育出了<BR>长着33片叶子的三叶草。
7-14.txt,485,エマセリフ◇すごいね,すごいね,真厉害啊。
7-14.txt,491,津名川セリフ◇もはや,もはや他の植物といっていい<BR>状態だったよ,那状态･･････<BR>简直可以说已经是另一种植物了。
7-14.txt,497,津名川セリフ◇まちまち,まちまちの大きさの葉が<BR>ごっそり付いて自立も出来ない,杂乱地从生着大小不一的叶片<BR>沉重到连自立都做不到。
7-14.txt,501,津名川セリフ◇そこで,そこでこの研究は<BR>..終了した,于是，这项研究<BR>･･････就此终止了。
7-14.txt,526,津名川セリフ◇成果,成果となった株の<BR>..ほとんどは廃棄したんだが<BR>....一株だけこっそり持って帰ってね,"作为成果的植物,<BR>..绝大多数都处理掉了,<BR>....但我只偷偷带了一棵回家呢"
7-14.txt,533,津名川セリフ◇それから,それからしばらく<BR>..育ててみたんだ,"从那以后的一段时间里,<BR>..我试着养了养它"
7-14.txt,538,津名川セリフ◇見て,どんな花が咲くのか<BR>...見てみたくなったんだな,"因为我想看看,<BR>...它到底会开出什么样的花呢"
7-14.txt,557,津名川セリフ◇少し,"少し育ててみて<TYPE interval=60>･･････</TYPE>,<BR>いろんな事を思うようになった","试着养了一阵子后<TYPE interval=60>･･････</TYPE>,<BR>我开始思考起各种事情来。"
7-14.txt,562,津名川セリフ◇遺伝,ずっと　..遺伝子を<BR>いじるだけで,因为我一直･･････<BR>都只是在摆弄基因。
7-14.txt,567,津名川セリフ◇ずっと,育てるって事を...あまりやった<BR>ことがなかったからね,几乎没怎么真正去<BR>“培育”过什么。
7-14.txt,587,津名川セリフ◇弱い,"<TYPE interval=80>弱い植物でね,.<BR>ちょっとしたことで<BR>すぐに枯れそうになる","<TYPE interval=80>它是个很弱小的植物呢,<BR>哪怕出一点点状况,<BR>马上就会枯死"
7-14.txt,592,津名川セリフ◇それでも,<TYPE interval=80>それでも毎日霧をかけてやって<BR>..日向に鉢をおいてやって<TYPE interval=60>･･････,"<TYPE interval=80>可我还是每天给它喷水,<BR>..把花盆放在阳光下<TYPE interval=60>･･････"
7-14.txt,597,津名川セリフ◇そんな,<TYPE interval=80>そんな事もまた　....素晴らしい<BR>仕事だと思うようになった,<TYPE interval=80>渐渐地，我觉得这种事 ....也是一项很美好的<BR>工作了
7-14.txt,615,津名川セリフ◇そして,<TYPE interval=90>そして　..ある日<BR>..花が咲いた,<TYPE interval=90>然后 ..有一天<BR>..花开了
7-14.txt,622,津名川セリフ◇33枚,<TYPE interval=85>33枚の葉を持つクローバーの<BR>花は..どんなだと思う？,"<TYPE interval=85>你觉得拥有33片叶子的三叶草,<BR>开出的花..会是什么样？"
7-14.txt,640,透花セリフ◇沈黙,<TYPE interval=60>･･････,<TYPE interval=60>･･････
7-14.txt,647,津名川セリフ◇僕は,"<TYPE interval=90>僕は　..それを見て<BR>..そう<TYPE interval=60>･･････</TYPE>,　とても<TYPE interval=60>･･････<BR>,</TYPE>罪悪感にかられた","<TYPE interval=90>当我看到它的那一刻<BR>･･････是啊<TYPE interval=60>･･････</TYPE>，我感到了<TYPE interval=60>･･････<BR>,</TYPE>非常强烈的罪恶感。"
7-14.txt,665,津名川セリフ◇僕が,"<TYPE interval=90>僕がやってきた<TYPE interval=60>･･････</TYPE>,<BR>そういうことってのは一体.<BR>..何なのだろうってね","<TYPE interval=90>我所做的一切<TYPE interval=60>･･････</TYPE>,<BR>那种行为究竟<BR>･･････算什么呢。"
7-14.txt,673,沙友セリフ◇せんせ,<TYPE interval=95><FONT size=15>せんせ<TYPE interval=60>･･････,<TYPE interval=95><FONT size=15>老师<TYPE interval=60>･･････
7-14.txt,695,津名川セリフ◇その花,<TYPE style=Fade interval=90>その花は色素を持たない<BR>....透明な花だった,"<TYPE style=Fade interval=90>那朵花没有任何色素,<BR>....是一朵透明的花"
7-14.txt,700,津名川セリフ◇生殖,<TYPE interval=90>生殖能力も持たない<TYPE style=Fade interval=60>･･････</TYPE>,<TYPE interval=90>它也没有生育能力<TYPE style=Fade interval=60>･･････</TYPE>
7-14.txt,705,津名川セリフ◇退化,<TYPE style=Fade interval=90>退化しためしべだけが..<BR>付いた花だ,<TYPE style=Fade interval=90>是一朵只长着..<BR>退化花蕊的花
7-14.txt,723,津名川セリフ◇ごめんな,<TYPE style=Fade interval=80>ごめんな<TYPE interval=60>･･････,<TYPE style=Fade interval=80>对不起<TYPE interval=60>･･････
7-14.txt,741,沙友セリフ◇どうして,どうして<BR>あやまるです？,为什么･･････<BR>要道歉呀？
7-14.txt,747,透花セリフ◇わたし,わたし　..ご主人様に<BR>作ってもらえて<BR>..嬉しいです,我･･････<BR>能被主人做出来･･････<BR>･･････好开心
7-14.txt,751,エマセリフ◇あたし,あたしも<BR>..宗慈さんのこと<BR>好きだから平気！,我也･･････<BR>･･････因为喜欢宗慈<BR>所以没关系！
7-14.txt,829,津名川セリフ◇ふ,ふ<TYPE style=Fade interval=60>････････････,呼<TYPE style=Fade interval=60>･･････
7-14.txt,836,津名川◇僕は,<TYPE style='Fade'>僕はまた..同じ過ちを<BR>繰り返している,<TYPE style='Fade'>我又･･････<BR>在重蹈覆辙
7-15.txt,6,津名川セリフ◇誰の,"<FONT color=""#ffffff""><FONT size=18><TYPE style=Fade interval=90>誰のDNAを使うのか。","<FONT color=""#ffffff""><FONT size=18><TYPE style=Fade interval=90>要使用谁的DNA。"
7-15.txt,8,津名川セリフ◇僕に,"<FONT color=""#ffffff""><FONT size=18><TYPE style=Fade interval=90>僕にとっては、<BR>..とても難しい問題だった。","<FONT color=""#ffffff""><FONT size=18><TYPE style=Fade interval=90>对我来说,<BR>..是个非常困难的问题。"
7-15.txt,10,津名川セリフ◇エクストラ,"<FONT color=""#ffffff""><FONT size=18><TYPE style=Fade interval=90>エクストラの能力は、....<BR>その遺伝子的資質に大きく左右される。","<FONT color=""#ffffff""><FONT size=18><TYPE style=Fade interval=90>特殊个体的能力，....<BR>很大程度上取决于其基因条件。"
7-15.txt,30,津名川セリフ◇エレン,"<FONT color=""#ffffff""><FONT size=18><TYPE style=Fade interval=90>エレンは..最も優秀な遺伝子を<BR>採用したらしい。","<FONT color=""#ffffff""><FONT size=18><TYPE style=Fade interval=90>艾伦她..似乎选择了最优秀的基因。"
7-15.txt,32,津名川セリフ◇しかし,"<FONT color=""#ffffff""><FONT size=18><TYPE style=Fade interval=90>しかし本当に..遺伝子的資質だけで....<BR>遺伝子を選んでしまってよいのだろうか。","<FONT color=""#ffffff""><FONT size=18><TYPE style=Fade interval=90>可真的能只看..基因条件....<BR>就来决定选择哪种基因吗。"
7-15.txt,34,津名川セリフ◇僕は,"<FONT color=""#ffffff""><FONT size=18><TYPE style=Fade interval=90>僕ははたしてそのエクストラを...<BR>“人”...として扱えるだろうか。","<FONT color=""#ffffff""><FONT size=18><TYPE style=Fade interval=90>我到那个时候，真的能把那个特殊个体...<BR>当成“人”...来对待吗。"
7-15.txt,56,津名川セリフ◇僕は命,<TYPE style=Fade interval=80>僕は命をもてあそんでいるだけ<BR>なのかもしれない,<TYPE style=Fade interval=80>也许我只是在玩弄生命<BR>而已。
7-16.txt,15,津名川セリフ◇僕は,僕は一体....　何を..<BR>やっているんだろう,我到底･･････在･･････<BR>做些什么啊
7-17.txt,9,倉巳セリフ◇沈黙,<TYPE interval=60>････････････,<TYPE interval=60>･･････
7-18.txt,15,上代セリフ◇基本的に,基本的に刀身は..<BR>ハイカーボン鋼ダマスカス<BR>なんだけど,简单来说，刀身用的是･･････<BR>高碳钢大马士革<BR>材质哦
7-18.txt,17,上代セリフ◇このブレード,このブレードは部分によって..<BR>焼き入れの硬さやカーボンの<BR>含有率を変えてあるのよね,这把刀根据不同部位･･････<BR>调整了淬火硬度和碳<BR>含量呢
7-18.txt,19,上代セリフ◇恐ろしい,恐ろしい切れ味を持って..<BR>圧倒的に歯こぼれに強く...<BR>それでいてしなやかで折れない,锋利度极其可怕･･････<BR>抗崩刃能力更是压倒性的･･････<BR>同时又柔韧无比、绝不折断
7-18.txt,21,上代セリフ◇ここまで,ここまで素晴らしいものを<BR>作れる職人が..何人いると思って？,能打造出如此杰作的<BR>手艺人･･････你觉得天下有几个？
7-18.txt,23,上代セリフ◇本当なら,本当なら使わないで<BR>飾りたいくらい価値のあるもの<BR>なんだから<TYPE interval=45>･･････,"这东西珍贵到让人根本舍不得用,<BR>只想直接收藏起来<BR>呢<TYPE interval=45>･･････"
7-18.txt,65,津名川セリフ◇へえ,へえ　..凄いんだな,哦･･････真厉害啊
7-18.txt,70,上代セリフ◇だから,だから　..ちょっと<BR>タダでは渡せないわね,所以･･････可不能<BR>白白给你哦
7-18.txt,87,津名川セリフ◇それは,<TYPE interval=40>それはおまえのものなのか？,<TYPE interval=40>那是你的东西吗？
7-18.txt,93,津名川セリフ◇まあ,<TYPE interval=60>･･････</TYPE>まあ　..聞くだけ<BR>聞いてやるか,<TYPE interval=60>･･････</TYPE>算了･･････就<BR>破例回答你一次吧
7-18.txt,97,上代セリフ◇み,<TYPE interval=60>･･･</TYPE>み<TYPE interval=60>･･･</TYPE>ぎが<BR>..みたい<TYPE interval=60>･･････,<TYPE interval=60>･･････</TYPE>泳<TYPE interval=60>･･････</TYPE>泳装<BR>･･････想看<TYPE interval=60>･･････
7-18.txt,117,津名川セリフ◇は！？,<FONT size=18>は！？,<FONT size=18>哈！？
7-18.txt,124,上代セリフ◇だから,<TYPE interval=40>だから　..み　..水着姿が<BR>見たいって言ってるンだヨ！,<TYPE interval=40>所以啊･･････我、<BR>我是说想看泳装的样子啦！
7-18.txt,136,上代セリフ◇あの子達,<TYPE interval=40>あの子達が自慢してたのを<BR>見たいんだよ～！,"<TYPE interval=40>那些丫头显摆的,<BR>我也想看看嘛〜！"
7-18.txt,141,上代セリフ◇いい,<TYPE interval=35>いいじゃないかぁ～！！..<BR>悪かったなぁっ！,<TYPE interval=35>想看看有什么不好的嘛〜！！･･････<BR>我错了还不行吗！
7-18.txt,146,上代セリフ◇こ,<TYPE interval=40>こんなこと<BR>..言わせるなよ馬鹿！,<TYPE interval=40>别逼我说出这种话啊<BR>笨蛋！
7-18.txt,161,津名川セリフ◇わかった,<TYPE interval=60>･･････</TYPE>わかったよ,<TYPE interval=60>･･････</TYPE>知道了
7-18.txt,167,津名川セリフ◇今度,今度写真<BR>..撮ってきてやるよ<TYPE interval=60>･･････,下次去给你<BR>･･････拍照片就是了<TYPE interval=60>･･････
7-18.txt,171,上代セリフ◇やった,やったね～！,太棒啦〜！
7-18.txt,178,上代セリフ◇な,なるべく早くね☆,尽量快点哦☆
7-18.txt,182,津名川セリフ◇幸せ,<TYPE interval=60>･･････</TYPE>幸せなヤツ,<TYPE interval=60>･･････</TYPE>幸福的家伙
7-19.txt,22,津名川セリフ◇家族か,<TYPE style=Fade interval=90>家族か<TYPE interval=45>･･････,<TYPE style=Fade interval=90>家人吗<TYPE interval=45>･･････
7-19.txt,32,津名川セリフ◇母は,"<FONT color=""#ffffff""><FONT size=18><TYPE style=Fade interval=90>母は今　..何をしているのだろう。","<FONT color=""#ffffff""><FONT size=18><TYPE style=Fade interval=90>妈妈现在 ..在做什么呢。"
7-19.txt,36,津名川セリフ◇父は,"<FONT color=""#ffffff""><FONT size=18><TYPE style=Fade interval=90>父は今　..どこで.働いているのだろう。","<FONT color=""#ffffff""><FONT size=18><TYPE style=Fade interval=90>爸爸现在 ..在哪里工作呢。"
7-19.txt,40,津名川セリフ◇生きて,"<FONT color=""#ffffff""><FONT size=18><TYPE style=Fade interval=90>生きているのだろうか。<BR>..それとも死んでいるのだろうか。","<FONT color=""#ffffff""><FONT size=18><TYPE style=Fade interval=90>还活着吗？<BR>..还是已经死了呢。"
7-19.txt,53,津名川セリフ◇もはや,"<FONT color=""#ffffff""><FONT size=18><TYPE style=Fade interval=90>もはや自分とはまったく...<BR>関係のない人達だが<TYPE interval=60>･･････","<FONT color=""#ffffff""><FONT size=18><TYPE style=Fade interval=90>明明已经是和自己完全...<BR>毫无关系的人了<TYPE interval=60>･･････"
7-19.txt,57,津名川セリフ◇それでも,"<FONT color=""#ffffff""><FONT size=18><TYPE style=Fade interval=90>それでもたまに<BR>...気になることがある。","<FONT color=""#ffffff""><FONT size=18><TYPE style=Fade interval=90>可偶尔还是<BR>...会在意。"
7-19.txt,68,津名川セリフ◇もう,"<FONT color=""#ffffff""><FONT size=18><TYPE style=Fade interval=90>もう<TYPE interval=45>･･････<TYPE interval=90><BR>...顔も思い出せない<TYPE interval=45>･･････","<FONT color=""#ffffff""><FONT size=18><TYPE style=Fade interval=90>已经<TYPE interval=45>･･････<TYPE interval=90><BR>...连长相都想不起来了<TYPE interval=45>･･････"
7-19.txt,72,津名川セリフ◇なのに,"<FONT color=""#ffffff""><FONT size=18><TYPE style=Fade interval=90>なのに　..なぜ涙が出るのだろう。","<FONT color=""#ffffff""><FONT size=18><TYPE style=Fade interval=90>可是 ..为什么还会流眼泪呢。"
7-19.txt,76,津名川セリフ◇この冷たい,"<FONT color=""#ffffff""><FONT size=18><TYPE style=Fade interval=90>この冷たい涙は<BR>..どこから溢れ出してくるのか。","<FONT color=""#ffffff""><FONT size=18><TYPE style=Fade interval=90>这冰冷的眼泪<BR>..是从哪里流出来的呢。"
7-19.txt,99,沙友セリフ◇せーんせ,せーんせ<BR>..どーしたの？,老〜师<BR>･･････怎么啦？
7-19.txt,106,津名川セリフ◇いや,いや　..なんでも<BR>ないよ,没･･････<BR>没什么。
7-19.txt,125,沙友セリフ◇せんせ,せんせ,老师
7-19.txt,134,津名川セリフ◇沙友,沙友<TYPE interval=45>･･････,沙友<TYPE interval=45>･･････
7-19.txt,150,津名川セリフ◇そうだ,そうだ　..今の僕にはこの子達がいる,是啊･･････现在的我，还有这些孩子在。
7-19.txt,157,津名川セリフ◇血も,血も繋がっていない<TYPE interval=60>･･･</TYPE><BR>人間でもない彼女達だけど<TYPE interval=60>･･･,虽然没有血缘关系<TYPE interval=60>･･････</TYPE><BR>甚至不是人类的她们<TYPE interval=60>･･････
7-19.txt,162,津名川セリフ◇この子,"この子達が僕の“家族”<BR>,僕は満たされているのだ<TYPE interval=45>･･････",这些孩子就是我的“家人”<BR>我已经很满足了<TYPE interval=45>･･････
7-19.txt,179,津名川セリフ◇でも,"<FONT color=""#ffffff""><FONT size=18><TYPE style=Fade interval=90>でも･･････,　この感覚はなんだろう。,..<BR>心臓がすっぽりと抜け落ちてしまった<BR>ような..そんな感覚。","<FONT color=""#ffffff""><FONT size=18><TYPE style=Fade interval=90>可是･･････, 这种感觉是什么呢。,..<BR>就像心脏整个掉落了出去<BR>一样的..那种感觉。"
7-19.txt,183,津名川セリフ◇ずっと,"<FONT color=""#ffffff""><FONT size=18><TYPE style=Fade interval=90>ずっと前から感じている　..虚ろな感覚。,..<BR>いったい何が問題だというのか<TYPE interval=80>･･････","<FONT color=""#ffffff""><FONT size=18><TYPE style=Fade interval=90>很久以前就感受到的 ..空虚的感觉。,..<BR>到底哪里出了问题呢<TYPE interval=80>･･････"
7-21.txt,25,沙友セリフ◇あ,<FONT size=18>あ　..しなふーじ<BR>..さんだー,<FONT size=18>啊･･････品藤<BR>･･････小姐〜
7-21.txt,32,透花セリフ◇こんにちは,こんにちは<BR>..品藤さん,你好<BR>･･････品藤小姐
7-21.txt,52,品藤セリフ◇は,<FONT size=15><TYPE interval=30>はぁはぁはぁ,<FONT size=15><TYPE interval=30>哈啊哈啊哈啊
7-21.txt,54,品藤セリフ◇はは,<FONT size=15><TYPE interval=30>はぁはぁはぁ,<FONT size=15><TYPE interval=30>哈啊哈啊哈啊
7-21.txt,56,品藤セリフ◇はぁ,<FONT size=15><TYPE interval=30>はぁはぁはぁ,<FONT size=15><TYPE interval=30>哈啊哈啊哈啊
7-21.txt,72,津名川セリフ◇どうした,どうしたんだい？...<BR>君が走るなんて<BR>..めずらしいね,怎么了？･･････<BR>你居然会跑起来<BR>･･････真稀奇啊
7-21.txt,86,品藤セリフ◇逃げる,<FONT size=18><TYPE interval=40>逃げるのよ　..<BR>津名川君！,<FONT size=18><TYPE interval=40>快逃･･････<BR>津名川君！
7-21.txt,93,品藤セリフ◇あなたと,<TYPE interval=40>あなたたちの<BR>命が狙われているの,<TYPE interval=40>你们的<BR>性命被盯上了哦
7-21.txt,98,津名川セリフ◇！？,<FONT size=18><TYPE interval=0>！？,<FONT size=18><TYPE interval=0>！？
7-21.txt,111,エマセリフ◇イノチ,い　..イノチ<TYPE interval=60>･･･</TYPE>？,生･･････生命<TYPE interval=60>･･････</TYPE>？
7-21.txt,118,品藤セリフ◇とにかく,<TYPE interval=45>とにかく<BR>..305番通用口から逃げて<BR>....私はあとから行くわ,<TYPE interval=45>总之<BR>･･････从305号后勤通道逃出去<BR>･･････我随后就到
7-21.txt,123,津名川セリフ◇わかった,わかった,知道了
7-22.txt,16,津名川セリフ◇ここが,ここが<BR>..305番通用口だな,这里就是<BR>･･････305号通用出入口啊
7-22.txt,37,兎セリフ◇どこに,<TYPE interval=80>どこにお出かけだい？,<TYPE interval=80>这是要去哪儿啊？
7-22.txt,39,兎セリフ◇ショウ,<TYPE interval=80>ショウはまだ..<BR>これからだというのに,<TYPE interval=80>好戏才刚要･･････<BR>开始呢
7-22.txt,42,津名川セリフ◇んっ,んっ<TYPE interval=60>･･･,嗯？<TYPE interval=60>･･････
7-22.txt,72,エマセリフ◇敵,敵<TYPE interval=60>･･･,敌人<TYPE interval=60>･･････
7-22.txt,79,津名川セリフ◇軍の,<TYPE interval=70>軍のエージェントか,<TYPE interval=70>军方的特工吗
7-22.txt,93,兎セリフ◇エイプリルも,<TYPE interval=65>エイプリルも<BR>余計なことをする,<TYPE interval=65>艾普丽尔也<BR>净干些多此一举的事
7-22.txt,97,兎セリフ◇おかげで,<TYPE interval=65>おかげで少し仕事が<BR>めんどうになった<BR>じゃないか,<TYPE interval=65>害得我工作<BR>变得麻烦起来了<BR>不是吗
7-22.txt,101,津名川セリフ◇エイプリル,エイプリル？,艾普丽尔？
7-22.txt,116,兎セリフ◇ははっ,ははっ<BR>..<TYPE interval=65>そうか知らないんだったな<BR>..すまないすまない,哈哈<BR>･･････<TYPE interval=65>对啊，你还不知道呢<BR>･･････抱歉抱歉
7-22.txt,122,兎セリフ◇さっきまで,<TYPE interval=75>さっきまで<BR>..会っていたじゃないか,<TYPE interval=75>刚才不是还<BR>･･････见过面吗
7-22.txt,126,津名川セリフ◇品藤？,<TYPE interval=60>･･･</TYPE>品藤？,<TYPE interval=60>･･････</TYPE>品藤？
7-22.txt,131,兎セリフ◇ああ,<TYPE interval=65>ああ　..そんな名前<BR>..だったかな,<TYPE interval=65>啊 ･･････好像叫这个名字<BR>･･････来着
7-22.txt,142,津名川セリフ◇品藤と,<TYPE interval=50>品藤とお前のような軍の犬に..<BR>どんな関係があるっていうんだ,<TYPE interval=50>品藤和你们这种军方的走狗･･････<BR>能有什么关系
7-22.txt,146,兎セリフ◇まぁ,"<TYPE interval=60>まぁ　..そうだな<BR>,同級生みたいなものさ",<TYPE interval=60>嘛 ･･････这么说吧<BR>算是同学之类的吧
7-22.txt,158,沙友セリフ◇どーきう,<TYPE interval=70><FONT size=18>どーきう<BR>..せい<TYPE interval=60>･･･</TYPE>？？？,<TYPE interval=70><FONT size=18>同〜<BR>･･････学<TYPE interval=60>･･････</TYPE>？？？
7-22.txt,165,兎セリフ◇オレも,<TYPE interval=65>オレも忙しいんでね　..<BR>さっさと仕事を<BR>..済まさせてもらうよ,<TYPE interval=65>我也很忙啊 ･･････<BR>就让我赶紧把活儿<BR>･･････干完吧
7-22.txt,176,透花セリフ◇あぶない,<FONT size=18>ご主人様<BR>..あぶない！,<FONT size=18>主人<BR>･･････危险！
7-22.txt,209,沙友セリフ◇わー,<FONT size=18><TYPE interval=45>わー　..<BR>まんまるになてるー,<FONT size=18><TYPE interval=45>哇———･･････<BR>眼睛睁得老大——
7-22.txt,214,透花セリフ◇すごい,<TYPE interval=80>す　..すごい<TYPE interval=60>･･･,<TYPE interval=80>好 ･･････好厉害<TYPE interval=60>･･････
7-22.txt,230,兎セリフ◇ははは,<FONT size=20>ははは！,<FONT size=20>哈哈哈！
7-22.txt,238,兎セリフ◇どうだい,"どうだい？,<BR>いい腕だろう","怎么样？,<BR>身手不错吧"
7-22.txt,241,エマセリフ◇コイツ,コイツ<TYPE interval=60>･･･,这家伙<TYPE interval=60>･･････
7-22.txt,260,兎セリフ◇さて,さて,那么
7-22.txt,267,兎セリフ◇これは,<TYPE interval=60>これは<BR>避けられるかな？,<TYPE interval=60>这一下<BR>能躲开吗？
7-22.txt,284,沙友セリフ◇はわわ,<FONT size=14><TYPE interval=20>はわわわわ,<FONT size=14><TYPE interval=20>哇啊啊啊啊
7-22.txt,286,透花セリフ◇くぅ,<FONT size=15>くぅっっ,<FONT size=15>唔･･････
7-22.txt,316,兎セリフ◇ホウ,ホウ<TYPE interval=45>･･･</TYPE>....　スゴイスゴイ<BR>..たいしたものだ,嚯<TYPE interval=45>･･･</TYPE>.... 好厉害好厉害<BR>..真了不起
7-22.txt,322,兎セリフ◇これが,<TYPE interval=45>これがエクストラ<BR>..ってやつか,<TYPE interval=45>这就是所谓的Extra<BR>･･････吗
7-22.txt,326,兎セリフ◇だが,<TYPE interval=45>だがちょっと<BR>..期待ハズレだったかな,<TYPE interval=45>不过好像有点<BR>･･････让人失望呢
7-22.txt,339,兎セリフ◇さて,さて　..そろそろ<BR>..死んでもらうとするか,･･････好了<BR>･･････差不多该送你上路了。
7-22.txt,344,エマセリフ◇フン,<TYPE interval=30>フン！<BR>..カッコウつけないでヨ！,<TYPE interval=30>哼！<BR>･･････少在那儿装模作样了！
7-22.txt,360,兎セリフ◇おっと,おっと<TYPE interval=45>･･････,哎呀<TYPE interval=45>･･････
7-22.txt,362,兎セリフ◇どうやら,<TYPE interval=75>どうやら<BR>..ここまでのようだ,<TYPE interval=75>看来･･････<BR>･･････只能到此为止了。
7-22.txt,382,兎セリフ◇！？,<FONT size=20>！？,<FONT size=20>！？
7-22.txt,403,兎セリフ◇ぐぬぅ,ぐぬぅ<TYPE interval=60>･･･,唔唔･･････<TYPE interval=60>･･････
7-22.txt,412,エマセリフ◇なによぉ,なによぉ<BR>..たいしたこと<BR>..ないじゃなーい,什么嘛<BR>･･････根本<BR>没什么大不了的嘛——
7-22.txt,427,兎セリフ◇くっ,くっ　..くくくく<TYPE interval=60>･･･,切･･････呵呵呵呵<TYPE interval=60>･･････
7-22.txt,431,兎セリフ◇いいパンチ,<TYPE interval=55>いいパンチだ　..<BR>気に入ったよお嬢ちゃん,<TYPE interval=55>好拳啊 ･･････<BR>我中意你了，小姑娘。
7-22.txt,442,兎セリフ◇もう少し,<TYPE interval=55>もう少し遊びたいところだが　..<BR>あまり遊んでばかりいると<BR>上がうるさいんでね,"<TYPE interval=55>本来还想再陪你玩会儿的 ･･････<BR>但要是光顾着玩,<BR>上面的人又要多嘴了。"
7-22.txt,446,エマセリフ◇なぁに,<TYPE interval=65>なぁに<BR>..負け惜しみ？,<TYPE interval=65>干嘛<BR>･･････嘴硬？
7-22.txt,450,兎セリフ◇どうやら,"フフ<TYPE interval=45>･･････</TYPE>　,<TYPE interval=65>また会えるのを..<BR>楽しみにしてるよ",呵呵<TYPE interval=45>･･････</TYPE>　，<TYPE interval=65>我很期待･･････<BR>下次再会哦。
7-22.txt,463,エマセリフ◇ああん,<TYPE interval=65>ああん<BR>..逃げられちゃった<TYPE interval=45>･･････,<TYPE interval=65>啊啊<BR>･･････被他跑了<TYPE interval=45>･･････
7-22.txt,465,沙友セリフ◇もー,<TYPE interval=75>もー　..おふくが<BR>ぼろぼろに<BR>なちゃーたよぉ,<TYPE interval=75>真是的..衣服都<BR>变得破破烂烂的了<BR>嘛
7-22.txt,467,エマセリフ◇あいつ,<TYPE interval=70>あいつ　..品藤さんが<BR>同級生とか<BR>..言ってたわね,<TYPE interval=70>那家伙･･････品藤<BR>说是他的同学<BR>･･････来着呢。
7-22.txt,504,エマセリフ◇仲間,<TYPE interval=65>仲間<TYPE interval=45>･･････</TYPE>　って<BR>...ことかな<TYPE interval=45>･･････,<TYPE interval=65>同伴<TYPE interval=45>･･････</TYPE>　吗･･････<BR>･･････是这么回事吗<TYPE interval=45>･･････
7-22.txt,509,エマセリフ◇！？,<FONT size=18>！？,<FONT size=18>！？
7-22.txt,517,エマセリフ◇宗慈さん,"ご主人さま<BR>..すいません<TYPE interval=60>･････,･</TYPE><BR>私<TYPE interval=45>･･････","主人<BR>..对不起<TYPE interval=60>･････,･</TYPE><BR>我<TYPE interval=45>･･････"
7-22.txt,522,エマセリフ◇品藤が,<TYPE interval=55>品藤が<TYPE interval=45>･･･　..</TYPE><TYPE interval=70>そんな<TYPE interval=45>･･････</TYPE><BR><TYPE interval=70>まさか<TYPE interval=45>･･････,<TYPE interval=55>品藤<TYPE interval=45>･･････ ･･････</TYPE><TYPE interval=70>竟然<TYPE interval=45>･･････</TYPE><BR><TYPE interval=70>难道说<TYPE interval=45>･･････
7-23.txt,17,筒井セリフ◇ん,"ん　...やあ<BR>,どうしたんだい？....<BR>ボロボロじゃないか",嗯･･････哟<BR>这是怎么了？･･････<BR>弄得破破烂烂的啊。
7-23.txt,23,津名川セリフ◇すみません,すみません　..ここしか<BR>来られる場所が無くて<TYPE interval=60>･･･,抱歉･･････除了这里<BR>我实在无处可去了<TYPE interval=60>･･････
7-23.txt,29,筒井セリフ◇家に,家に戻れない事情でも<BR>あるのかい？,是有什么<BR>回不了家的苦衷吗？
7-23.txt,33,津名川セリフ◇それが,それが<TYPE interval=45>･･････,这个嘛<TYPE interval=45>･･････
7-23.txt,53,筒井セリフ◇事情は,事情はよく<BR>..わからないが<TYPE interval=45>･･････,具体内情我<BR>･･････不太清楚<TYPE interval=45>･･････
7-23.txt,70,筒井セリフ◇鎌倉,鎌倉に私の知り合いの<BR>住職がいてね,在镰仓有我熟识的<BR>住持呢
7-23.txt,77,筒井セリフ◇こいつが,こいつがまた<BR>くせのあるやつなんだ,这家伙也<BR>是个古怪的家伙啊
7-23.txt,81,筒井セリフ◇坊主,"坊さんのくせに<BR>聖書に傾倒しているんだよ,<BR>おかしいだろ","明明是个和尚<BR>却倾心于圣经哦,<BR>很奇怪吧"
7-23.txt,96,筒井セリフ◇筒井の,筒井の紹介だといって<BR>訪ねてみるといい,你就说是筒井介绍的<BR>去拜访他看看吧。
7-23.txt,100,津名川セリフ◇…,<TYPE interval=45>･･････,<TYPE interval=45>･･････
7-23.txt,107,津名川セリフ◇ありがとう,"ありがとうございます,<BR>筒井さん",真是太感谢您了<BR>筒井先生。
7-24.txt,12,筒井セリフ◇おや,おや　..倉巳君,哎呀･･････仓巳君
7-24.txt,18,倉巳セリフ◇いつ来て,いつ来ても<BR>客の居ない店ですね,不管什么时候来<BR>都是没有客人的店呢
7-24.txt,33,筒井セリフ◇しばらく,しばらくぶりなのに<BR>随分な物言いだな,明明好久不见<BR>说话却这么不客气啊
7-24.txt,39,倉巳セリフ◇いえ,いえ　..誉めてるんです,不･･････我是在夸您
7-24.txt,43,筒井セリフ◇そうかい,そうかい,是吗
7-24.txt,66,倉巳セリフ◇ここは,ここは　..店のようで<BR>店じゃない,这里･･････看似是家店<BR>其实并不是
7-24.txt,70,倉巳セリフ◇筒井さん,筒井さん<BR>...あなたの書斎を<BR>開放してるだけだ,筒井先生<BR>･･････只是把您的书房<BR>开放出来而已
7-24.txt,74,倉巳セリフ◇社会と,社会と自分を結ぶ何かが<BR>欲しいだけ<TYPE interval=60>･･････,只是想要某种<BR>将自己与社会联系起来的纽带罢了<TYPE interval=60>･･････
7-24.txt,87,倉巳セリフ◇儲けよう,儲けようなんて<BR>コレっぽっちも<BR>..考えてない,赚钱什么的<BR>我连一丁点儿<BR>･･････都没想过
7-24.txt,91,倉巳セリフ◇最初から,最初から　..目的は<BR>本を売ることじゃないんだ,从一开始･･････目的<BR>就不是卖书
7-24.txt,95,筒井セリフ◇なるほど,"なるほどね,<BR>君は面白い事を言うな","原来如此啊,<BR>你这家伙说话真有意思"
7-24.txt,110,倉巳セリフ◇筒井,<TYPE interval=60>･･････</TYPE>筒井さんにはなにか<BR>生きる目的ってありますか,<TYPE interval=60>･･････</TYPE>筒井先生有什么<BR>活着的“目的”吗
7-24.txt,116,筒井セリフ◇なにか,なにかあったのかい？,发生什么事了吗？
7-24.txt,120,倉巳セリフ◇思うところ,いえ　..ちょっと<BR>思うところがありまして,不･･････只是<BR>有些想法
7-24.txt,138,筒井セリフ◇目的,"目的ねぇ,.<BR>そんなご立派なものは無いね","目的啊,<BR>那种了不起的东西我可没有"
7-24.txt,142,筒井セリフ◇そういえば,そういえば君は前に..人生は<BR>賭けのチップみたいなもんだと<BR>言っていたな,说起来你之前..说过人生就像<BR>赌博的筹码一样<BR>呢
7-24.txt,146,倉巳セリフ◇ええ,ええ<TYPE interval=60>･･････</TYPE><BR>くだらないことにチップを<BR>使いたくないんです,是的<TYPE interval=60>･･････</TYPE><BR>我不想把筹码<BR>浪费在无聊的事情上
7-24.txt,150,倉巳セリフ◇だらだら,だらだら負けていくなんて<BR>耐えられない,我受不了<BR>慢吞吞地一直输下去
7-24.txt,165,筒井セリフ◇では,では<BR>..賭けの極意というものを<BR>知っているかね？,那么<BR>..你知道<BR>赌博的诀窍吗？
7-24.txt,169,倉巳セリフ◇それは,"""それは賭けをしない事だ""<BR>とでも？",“那就是不赌”<BR>之类的？
7-24.txt,173,筒井セリフ◇ははぁ,ははぁ<BR>..それは負けない為の<BR>..極意だろうが<BR>..楽しくも何とも無いだろう,哈哈<BR>･･････那确实是不输的<BR>･･････秘诀<BR>･･････但根本谈不上什么乐趣吧
7-24.txt,187,倉巳セリフ◇そうです,"そうです,..<BR>そんなのは逃げだ",没错･･････<BR>那不过是逃避
7-24.txt,191,倉巳セリフ◇勝とうが,勝とうが負けようが<BR>..誇りを持って　..信じる<BR>一箇所に張りたいんだ,无论输赢<BR>･･････我都想带着骄傲･･････押在<BR>自己相信的唯一之处
7-24.txt,195,筒井セリフ◇ふむ,ふむ　..だが<BR>..勝負をするからといって<BR>勝ちにこだわる必要もない,嗯･･････但是<BR>･･････既然要一决胜负<BR>也没必要非得执着于赢
7-24.txt,199,筒井セリフ◇賭けの,<TYPE interval=60>･･････</TYPE>賭けの極意とは<BR>..“負けることを楽しむ”事だ,<TYPE interval=60>･･････</TYPE>赌博的秘诀<BR>･･････是“享受输”
7-24.txt,218,倉巳セリフ◇詭弁,"<TYPE interval=60>･･････</TYPE>詭弁ですね<BR>,..勝たなくていいなら<BR>..なんのための賭けかわからない",<TYPE interval=60>･･････</TYPE>真是强词夺理啊<BR>･･････如果不求赢的话<BR>･･････都不知道是为了什么而赌了
7-24.txt,225,筒井セリフ◇そうかな,"そうかな？,<BR>勝とうと思うから<BR>..楽しめない","是吗？,<BR>正因为想着要赢<BR>･･････才无法享受"
7-24.txt,232,筒井セリフ◇手に入れ,手に入れようと思うから<BR>手放すことが辛くなる,正因为想要得到<BR>失去时才会感到痛苦
7-24.txt,236,筒井セリフ◇賭けと,賭けというのは..<BR>勝負事ではないのだよ,赌博这东西･･････<BR>并不是胜负之争啊
7-24.txt,253,筒井セリフ◇最初に,最初に持っている<BR>ことを楽しみ,去享受<BR>最初拥有时的乐趣吧
7-24.txt,257,筒井セリフ◇ゆ,ゆっくりと<BR>失うのを楽しみ,慢慢<BR>享受失去的乐趣
7-24.txt,261,筒井セリフ◇負ける,負ける過程を<BR>楽しむゲームだ,这是一场享受<BR>失败过程的游戏
7-24.txt,276,筒井セリフ◇そう思えば,そう思えば<BR>..楽しいものだよ,这么一想<BR>･･････也挺有趣的呢
7-24.txt,281,筒井セリフ◇そう,ギャンブルも<BR>..人生も,赌博也好<BR>･･････人生也罢
7-24.txt,286,倉巳セリフ◇沈黙,<TYPE interval=60>･･････,<TYPE interval=60>･･････
7-25.txt,12,エレンセリフ◇マーチ,マーチを引き上げ<BR>させたようね,看来你让“马奇”行动<BR>中止了呢
7-25.txt,19,スパッドセリフ◇ああ,ああ　..少し計画が<BR>変わってね,啊･･････计划稍微<BR>有些变动。
7-25.txt,23,スパッドセリフ◇ヤツは,ヤツはもう少し<BR>泳がせることにした,决定让那家伙<BR>再多游一会儿。
7-25.txt,36,エレンセリフ◇悪い芽は,悪い芽は早めに<BR>摘んでおいたほうが<BR>いいんじゃないかしら？,坏苗头还是早点<BR>掐掉比较好<BR>吧？
7-25.txt,40,スパッドセリフ◇悪い芽も,悪い芽も何かの<BR>役にはたつさ,坏苗头也能<BR>派上点用场。
7-25.txt,55,エレンセリフ◇グラハム,グラハムの方の<BR>動きは？,格拉汉姆那边<BR>有什么动静吗？
7-25.txt,59,スパッドセリフ◇相変わらず,相変わらずそ知らぬフリを<BR>決め込んでいるようだが,好像还是一如既往地<BR>装傻充愣啊。
7-25.txt,72,スパッドセリフ◇いずれ,いずれ尻尾をだす,迟早会露出尾巴的。
7-25.txt,76,スパッドセリフ◇知識,"知識欲というのは..脳の肉欲だよ<BR>,..我慢できるもんじゃない","知识欲这东西..可是大脑的肉欲哦<BR>,..可不是能忍得住的东西"
7-25.txt,80,エレンセリフ◇そうね,そうね,是啊。
7-25.txt,96,スパッドセリフ◇君の,君の方の研究は<BR>どうなんだい？,你那边的研究<BR>怎么样了？
7-25.txt,101,エレンセリフ◇もう最終,もう最終段階へ<BR>進んでいるわ,已经推进到<BR>最终阶段了。
7-25.txt,107,スパッドセリフ◇そうか,そうか　..楽しみだな,是吗･･････真让人期待啊。
7-25.txt,124,エレンセリフ◇･･･,<TYPE interval=55>･･････,<TYPE interval=55>･･････
7-26.txt,11,スパッドセリフ◇女という,女というのは<BR>..理解不能だな,女人这种东西啊<BR>･･････真是无法理解
7-26.txt,15,スパッドセリフ◇お前は,"お前はどう思う,<BR>..赤目","你怎么看,<BR>･･････赤目"
7-26.txt,19,？セリフ◇オレの,オレの仕事は..<BR>判断じゃありません,我的工作･･････<BR>不是做判断
7-26.txt,28,スパッドセリフ◇そうだな,そうだな,也是啊
7-26.txt,32,スパッドセリフ◇あと,"あと２週間<BR>.,微妙な期間だ",还有两周<BR>真是个微妙的时期
7-26.txt,36,？セリフ◇やるなら,やるなら全部一気に<BR>..やりたいもんですが･･･,要干的话就想一口气全部解决<BR>･･････真想这么干啊･･････
7-27.txt,15,セリフ◇古痕,古痕に来て..最初に声を<BR>かけてくれたのは品藤だった,来到古痕后･･････最先跟我搭话的<BR>是品藤。
7-27.txt,20,セリフ◇彼女,彼女とは特に親しくしていた<BR>..わけではなかったが,虽说我和她并没有特别亲近<BR>･･････
7-27.txt,25,セリフ◇大事,大事なときにいつも<BR>..横にいてくれたのは彼女だった,但在关键时刻，总是陪伴在我身边的<BR>･･････也是她。
7-27.txt,39,セリフ◇彼女は,彼女は僕にとって...<BR>どういう存在なのだろう<TYPE interval=60>･･････,她对我来说･･････<BR>究竟是怎样的存在呢<TYPE interval=60>･･････
7-27.txt,45,セリフ◇職場,職場の仲間<TYPE interval=60>･･･</TYPE>　..親友<TYPE interval=60>･･･</TYPE>　..恋人<TYPE interval=60>･･･..　</TYPE><BR>..どれも違う,职场的同事<TYPE interval=60>･･･</TYPE>　..挚友<TYPE interval=60>･･･</TYPE>　..恋人<TYPE interval=60>･･･..　</TYPE><BR>..哪个都不对
7-27.txt,52,セリフ◇強いて,強いて言うなら<TYPE interval=45>･･････</TYPE>...　そう<BR>.....空気のような存在だった<BR>..のかもしれない,硬要说的话<TYPE interval=45>･･････</TYPE>･･････对･･････<BR>也许就像空气一样的存在吧･･････<BR>也说不定。
8-01.txt,10,津名川◇暑いな,暑いな<TYPE interval=40>･･･,好热啊<TYPE interval=40>･･････
8-01.txt,19,津名川◇筒井,筒井さんから紹介された寺は<BR>鎌倉のはずれだった,筒井先生介绍的那座寺庙<BR>位于镰仓的乡下
8-01.txt,23,津名川◇長く,"長く連なった石段,.<BR>頭上高く生い茂る木々,.<BR>その隙間からこぼれ落ちる陽の光","绵延的长石阶,<BR>头顶繁茂的树木,<BR>从枝叶缝隙间洒落的阳光"
8-01.txt,27,津名川◇東京,東京には無いもので<BR>埋め尽くされた空間,这片空间里<BR>满是东京没有的景致
8-01.txt,44,透花セリフ◇確かに,確かに..　ちょっと<BR>暑いですね,确实･･････ 有点<BR>热呢
8-01.txt,48,沙友セリフ◇さゆ,さゆ..<BR>あつくな～いよ？,沙友･･････<BR>不〜热哦？
8-01.txt,56,エマセリフ◇わたしは,<TYPE interval=90 style='Fade'>わたしもう駄目</TYPE><TYPE interval=40>･･･,<TYPE interval=90 style='Fade'>我不行了</TYPE><TYPE interval=40>･･････
8-01.txt,76,津名川◇はは,はは,哈哈
8-01.txt,81,津名川◇さ,もうちょっと<BR>だから頑張って,就差一点了<BR>再坚持一下
8-01.txt,85,透花◆はい,はい,嗯
8-01.txt,88,沙友◆は～い,は～い,好〜
8-01.txt,91,エマ◆はぁい,<TYPE style='Fade'>はぁい,<TYPE style='Fade'>好〜
8-01.txt,103,津名川◇沙友は,沙友は相変わらず元気だ,沙友还是一如既往地元气满满
8-01.txt,107,津名川◇透花も,透花もそんなに変化は無い,透花倒没什么变化
8-01.txt,111,津名川◇だが,だがエマは体調を崩していた,但艾玛却身体不适
8-01.txt,115,津名川◇おそらく,おそらくこの気温で<BR>体のバランスが<BR>崩れているのだろう,恐怕是因为这气温<BR>导致她身体<BR>失衡了吧
8-01.txt,125,選択肢◇もう少し,<FONT color=red><TYPE interval=0>もう少しの辛抱だよ,<FONT color=red><TYPE interval=0>再坚持一下哦
8-01.txt,126,選択肢◇ちょっと,<FONT color=red><TYPE interval=0>ちょっとだけ休もうか？,<FONT color=red><TYPE interval=0>稍微休息一下吧？
8-01.txt,127,選択肢◇エマ,<FONT color=red><TYPE interval=0>エマ<BR>大丈夫かい？,<FONT color=red><TYPE interval=0>艾玛<BR>你没事吧？
8-01.txt,165,津名川◇こんにち,こんにちわー,你好〜
8-01.txt,173,津名川◇沈黙,<TYPE interval=50>･･････,<TYPE interval=50>･･････
8-01.txt,184,津名川◇どなたか,どなたか<BR>居ませんかー！,有人<BR>在吗〜！
8-01.txt,188,沙友◇いーま,<FONT face=G>い～ませんかー,<FONT face=G>有〜没人吗〜
8-01.txt,206,津名川◇駄目だよ,"あ..　沙友,　駄目だよ..<BR>無断で入っちゃ",啊･･････ 沙友，不行哦･･････<BR>不能擅自进去
8-01.txt,220,津名川◇しょうが,しょうがないなあ<TYPE interval=40>･･･,真拿你没办法啊<TYPE interval=40>･･････
8-01.txt,236,坊主◇何か,何か用かね？,有什么事吗？
8-01.txt,260,津名川◇もう少し,さ..　もう少しの辛抱だよ,好啦･･････ 再坚持一下哦
8-01.txt,269,透花◇エマ,エマ..　大丈夫<TYPE interval=40>･･･？,艾玛･･････ 你没事<TYPE interval=40>･･････？
8-01.txt,282,エマ◇うん,<TYPE interval=40>･･････</TYPE>うん,<TYPE interval=40>･･････</TYPE>嗯
8-01.txt,302,津名川◇ちょっと,ちょっとだけ休もうか？,稍微休息一下吧？
8-01.txt,313,沙友◇やすみ,やすみゅ～,休〜息〜
8-01.txt,337,津名川◇エマ,エマ..<BR>大丈夫かい？,艾玛･･････<BR>没事吧？
8-01.txt,351,エマ◇うん,うん..　平気,嗯･･････ 没事
8-01.txt,355,エマ◇ごめん,ごめんなさい...<BR>宗慈さん,对不起･･････<BR>宗慈先生
8-02.txt,23,坊主◇なるほど,<TYPE interval=30>･･･</TYPE>なるほど,<TYPE interval=30>･･････</TYPE>原来如此
8-02.txt,27,坊主◇確かに,確かに筒井からは<BR>連絡を貰っているよ,筒井先生确实<BR>跟我联系过了
8-02.txt,31,津名川◇大丈夫,<TYPE interval=30>･･･</TYPE>大丈夫でしょうか？,<TYPE interval=30>･･････</TYPE>这样真的没问题吗？
8-02.txt,46,坊主◇私は,私は窮鳥を<BR>殺したりはしない,我绝不会<BR>对走投无路的飞鸟见死不救
8-02.txt,50,坊主◇それに,"彼からの紹介だ,..<BR>歓迎するよ",既然是他介绍的･･････<BR>我们自然欢迎
8-02.txt,54,坊主◇津名川,津名川君――...<BR>でよかったかな？,津名川君——･･････<BR>没叫错吧？
8-02.txt,66,津名川◇ええ,ええ..<BR>津名川宗慈です,是的･･････<BR>我是津名川宗慈
8-02.txt,70,津名川◇ありが,ありがとうございます..<BR>住職,非常感谢･･････<BR>住持
8-02.txt,84,坊主◇良い名,良い名だ,是个好名字啊
8-02.txt,101,坊主◇君達の,君達の住む場所は<BR>この部屋でいいかな,你们住的地方<BR>就安排在这个房间可以吗
8-02.txt,105,坊主◇何も,何も無い所だが.<BR>広さだけはある,虽然没什么家具。<BR>但胜在宽敞
8-02.txt,109,津名川◇充分,充分です,足够了
8-02.txt,123,坊主◇あとは,それから食事に<BR>関してだが<TYPE interval=40>･･･,然后是吃饭<BR>方面的问题<TYPE interval=40>･･････
8-02.txt,127,津名川◇あ,あ..　台所を貸して頂ければ.<BR>それはこちらで,啊･･････ 如果能借地方做饭的话。<BR>我们自己来解决
8-02.txt,137,坊主◇うむ,うむ...<BR>そうしてもらえると<BR>ありがたい,嗯･･････<BR>能这样的话<BR>就帮大忙了
8-02.txt,141,坊主◇ここには,ここには<RUBY text='てんぞ'>典座</RUBY>がいないので.<BR>いつもは自分でやっている<BR>のだが<TYPE interval=30>･･･,"因为这里没有典座,<BR>所以平时都是自己做<BR>的<TYPE interval=30>･･･"
8-02.txt,146,坊主◇断食,私は先日から.<BR>二週間の断食の行に<BR>入ったのでね,"我从前几天开始,<BR>进入了为期两周的断食修行<BR>呢"
8-02.txt,162,坊主◇君も,君もやってみるかね,你要不要也试试
8-02.txt,164,津名川◇興味,興味はありますが<TYPE interval=40>･･･</TYPE>...<BR>とても無理です,虽然很感兴趣<TYPE interval=40>･･････</TYPE>･･････<BR>但我实在做不到
8-02.txt,168,津名川◇断食,断食ですか？,断食？
8-02.txt,172,坊主◇よくある,珍しくは無いよ<BR>世界中何処でもやっている,这并不稀奇<BR>世界各地都有人在修行
8-02.txt,209,透花◇しばらく,しばらくここで<BR>生活するんですね,接下来要在这里<BR>生活一阵子了呢
8-02.txt,213,津名川◇そうだよ,そうだよ,是啊
8-02.txt,217,沙友◇わー,<FONT size=20 face='MS ゴシック'><TYPE style='Wave'>わー..ひろ～ぃ,<FONT size=20 face='MS ゴシック'><TYPE style='Wave'>哇･･････好宽敞〜
8-02.txt,235,エマ◇どこに,どこに荷物を置けば<BR>いいかなあ？,行李放在哪里<BR>比较好呢？
8-02.txt,247,津名川◇うん,うん...<BR>とりあえず隅の方にでも<BR>まとめておこう,嗯･･････<BR>先暂时集中放在<BR>角落里吧
8-02.txt,251,津名川◇今日から,今日からここで<BR>四人で過ごすんだしね,毕竟从今天起<BR>我们四个人要在这里生活
8-02.txt,255,三人◇はーい,<FONT size=30 face='MS ゴシック'><TYPE style='Wave' speed=500>はーい,<FONT size=30 face='MS ゴシック'><TYPE style='Wave' speed=500>好——
8-02.txt,280,津名川◇それが,"<FONT size=22><TYPE style='Fade'>それが“いつまで”続くのか...<BR>この子達は聞いてこなかった。,,","<FONT size=22><TYPE style='Fade'>这会持续到“什么时候”呢...<BR>这些孩子并没有问过。,,"
8-02.txt,284,津名川◇それが２,"<FONT size=22><TYPE style='Fade'>僕を思ってのことだろうか<TYPE interval=40 style='Fade'>･･････</TYPE>。,....<BR>たぶんそうだろう。</TYPE>","<FONT size=22><TYPE style='Fade'>是在为我着想吧<TYPE interval=40 style='Fade'>･･････</TYPE>。,....<BR>大概就是这样吧。</TYPE>"
8-02.txt,294,津名川◇彼女達,"<FONT size=22><TYPE style='Fade'>彼女達の心は..人間のそれと同じ,..","<FONT size=22><TYPE style='Fade'>她们的心..和人类是一样的,.."
8-02.txt,298,津名川◇彼女達2,"<FONT size=22><TYPE style='Fade'>他人を理解し、..自分で判断する。,,","<FONT size=22><TYPE style='Fade'>理解他人，..并自己做出判断。,,"
8-02.txt,302,津名川◇彼女達3,"<FONT size=22><TYPE style='Fade'>自分のやり方は間違いではなかったと思える。,...","<FONT size=22><TYPE style='Fade'>我觉得自己的做法并没有错。,..."
8-02.txt,306,津名川◇彼女達4,"<FONT size=22><TYPE style='Fade'>喜ぶべき事のはずだ。,,<BR><BR>だが僕は<TYPE interval=40>･･････</TYPE></TYPE>","<FONT size=22><TYPE style='Fade'>这本该是值得高兴的事。,,<BR><BR>但我却<TYPE interval=40>･･････</TYPE></TYPE>"
8-03.txt,8,坊主◇これから,どうするのかね？<BR>これから･･･,你打算怎么办？<BR>接下来･･････
8-03.txt,10,津名川◇沈黙,<TYPE interval=40>･･････,<TYPE interval=40>･･････
8-03.txt,12,坊主◇ここには,ここには別に.<BR>どれだけいても<BR>構わないが,待在这里倒也无妨。<BR>想待多久<BR>都可以。
8-03.txt,14,坊主◇いつまで,いつまでもここにいる<BR>わけにもいくまい,但你总不能<BR>一直待在这里吧。
8-03.txt,16,津名川◇ええ,<TYPE interval=30>･･････</TYPE>ええ,<TYPE interval=30>･･････</TYPE>嗯。
8-03.txt,52,坊主◇何か,何か悩みでも？,有什么烦心事吗？
8-03.txt,67,津名川◇悩み,悩みだらけです,烦恼多得数不清。
8-03.txt,71,津名川◇自分,自分が埋もれて<BR>しまうくらいに,多到快要<BR>把自己吞没。
8-03.txt,82,坊主◇よかったら,"そうか･･･,<BR>話すのは嫌かね？",是吗･･････<BR>不想说说吗？
8-03.txt,86,坊主◇関係,無関係な者の助言が<BR>役に立つこともある,无关人员的建议<BR>有时也会派上用场
8-03.txt,90,津名川◇そうです,そうですね<TYPE interval=40>･･････,也是呢<TYPE interval=40>･･････
8-03.txt,102,津名川◇単純,単純に言えば･･････..<BR>自分がこれまでやってきたことは<BR>何だったのだろうかということです,"简单来说･･････<BR>自己迄今为止所做的一切,<BR>究竟算什么呢。"
8-03.txt,106,津名川◇何の為,何の為に行動し..<BR>何の為に欲しがったのか,究竟是为了什么而行动･･････<BR>又是为了什么而渴求。
8-03.txt,129,津名川◇昔,信用していた人が<BR>自分のことを<BR>裏切っていた――,"深信不疑的人,<BR>竟然<BR>背叛了自己——"
8-03.txt,133,津名川◇いや,"いや..　かもしれない,<BR>というだけの事ですが",不･･････也许只是<BR>我这么觉得罢了。
8-03.txt,144,津名川◇それを,"全てを知り･･････,, <BR>自分の行動原理を<BR>見失ってしまった",知晓了一切･･････ <BR>却迷失了<BR>自己的行动准则。
8-03.txt,148,津名川◇わから,わからなくて<TYPE interval=40>･･････</TYPE>....<BR>そして動けないのです,想不明白<TYPE interval=40>･･････</TYPE>･･････<BR>也就无法前进了。
8-03.txt,167,坊主◇人が,人が人を裏切る<BR>ということは,人背叛人<BR>这件事，
8-03.txt,171,坊主◇それほど,それほど<BR>簡単でもなければ.<BR>難しくも無い,"并没有那么<BR>简单,<BR>但也并不困难。"
8-03.txt,175,坊主◇嫌い,誰も全てを平等には<BR>愛せないものだ,毕竟没有人能<BR>平等地爱着一切。
8-03.txt,179,坊主◇嫌いｂ,"守るものがある人間は<BR>その為に他の愛を,捨てることもある","有想要守护之物的人,<BR>有时也会为此舍弃其他的爱。"
8-03.txt,192,坊主◇だから,その人が..君のことを<BR>裏切ったというならば,如果那个人･･････<BR>真的背叛了你，
8-03.txt,196,坊主◇それだけ,..それだけの理由が<BR>あったのだろう,･･････那想必也有<BR>相应的理由吧。
8-03.txt,200,坊主◇それに,なにか心当たりは<BR>あるかね？,你有<BR>什么头绪吗？
8-03.txt,212,津名川◇ある,あるような気もしますし<TYPE interval=40>･･････</TYPE>....<BR>全く関係ないのかもしれません,感觉好像有点头绪<TYPE interval=40>･･････</TYPE>･･････<BR>但也可能完全无关。
8-03.txt,216,津名川◇僕は,今は<TYPE interval=30>･･･</TYPE>..自分自身の言葉さえ<BR>上の空のように聞こえます,"现在<TYPE interval=30>･･････</TYPE>･･････连自己的声音,<BR>听起来都像是心不在焉。"
8-03.txt,220,津名川◇素直に,どんな言葉にも<BR>真実など無い気がする,"感觉无论什么话语,<BR>都毫无真实可言。"
8-03.txt,235,坊主◇君は,君は今.“わかったつもり”で<BR>いるのかもしれない,你现在，或许只是<BR>“自以为明白了”而已。
8-03.txt,237,坊主◇禅,禅の世界には<BR>公案というものがある,"禅宗的世界里,<BR>有一种叫做“公案”的东西。"
8-03.txt,239,坊主◇公案,公案は修行中の僧が<BR><RUBY text='しけ'>師家</RUBY>から与えられる<BR>問題のようなものだ,公案就像是修行中的僧人<BR>从师家那里被赋予的<BR>问题一样的东西
8-03.txt,271,坊主◇その問題,その問題というのが..<BR>なかなかに曲者でな,所谓那个问题啊･･････<BR>可是个相当棘手的难题呢。
8-03.txt,275,坊主◇解く,解くまでにえらく<BR>時間がかかる,要解开它，可是要耗费<BR>相当长的时间的。
8-03.txt,279,坊主◇正確,正確には..公案に.答えなど<BR>無いのだがね,"准确地说･･････公案这种东西,<BR>本来就没有什么标准答案。"
8-03.txt,291,坊主◇まあ,まあそうして生活の全てを<BR>その公案についやし...<BR>考えに考え抜いたとき――,嘛，就这样把生活的全部精力<BR>都倾注在那道公案上･･････<BR>当你绞尽脑汁、深思熟虑到了极点的时候——
8-03.txt,295,坊主◇ようやく,"ようやく<BR>自分なりの答えが得られる,,.<BR>そういうものだ",才能终于得出<BR>属于你自己的答案･･････<BR>就是这么个道理。
8-03.txt,299,坊主◇ゆっくり,ゆっくり考えなくては<BR>..良い答えは出んよ,不静下心来慢慢思考的话･･････<BR>是想不出好答案的哦。
8-03.txt,303,坊主◇それは,それは.. 君の悩みにも<BR>通じるはずだ,这道理･･････想必也适用于<BR>你现在的烦恼。
8-03.txt,318,津名川◇その過程,その過程...　その思索の深さが<BR>大事――というわけですか,也就是说･･････那个过程，以及思索的深度<BR>才是最重要的——是这个意思吗？
8-03.txt,322,坊主◇それが,それが“わかったつもり”<BR>というわけだよ,这正是所谓的“自以为懂了”<BR>啊。
8-03.txt,326,坊主◇公案は,"公案はそういった,<BR>言葉に置換えられるもの<BR>ではないのだ","公案这种东西,<BR>可不是能用言语<BR>简单归纳的。"
8-03.txt,330,津名川◇はあ,はあ<TYPE interval=40>･･････,这样啊<TYPE interval=40>･･････
8-03.txt,356,坊主◇こんな,こんな言葉がある,有这么一句话。
8-03.txt,360,坊主◇野の,"野の花を見よ,<BR>働きも紡ぎもしないのに..<BR>神はソロモンの栄華にまさる<BR>装いを花にさせている","看看那野地的花朵吧,<BR>它们既不劳作，也不纺织･･････<BR>神却赐予它们<BR>胜过所罗门王极盛荣华的衣裳。"
8-03.txt,364,坊主◇空の,"空の鳥を見よ,<BR>蒔かず.刈らず.蓄えもしないのに..<BR>神はそれを養い給う,..<BR>お前はなぜ..　何を食べ..<BR>何を着ようと思い煩うのか","看看天空的飞鸟吧,<BR>它们既不播种，也不收割，也不在仓里积蓄･･････<BR>神尚且养活它们･･････<BR>你又何必･･････何必忧虑吃什么、<BR>穿什么呢？"
8-03.txt,368,津名川◇何の,何の言葉ですか？,这是什么话？
8-03.txt,387,坊主◇聖書,聖書だよ,是“圣经”里的话哦。
8-03.txt,391,坊主◇ゆっくり,ここでゆっくりと<BR>考えるといい,你就在这里，静下心来<BR>好好想想吧。
8-03.txt,395,坊主◇ただし,くれぐれも<BR>性急に知ろうとは<BR>しないことだ,切记･･････<BR>千万不要急于<BR>去寻求答案。
8-03.txt,409,坊主◇知ろう,知ろうとすれば..<BR>必ず後に後悔を得る,若是急于求成･･････<BR>日后必定会招致后悔。
8-03.txt,413,坊主◇焦らず,焦らず..ゆっくりとな,别着急･･････慢慢来吧。
8-03.txt,417,津名川◇心得,<TYPE interval=30>･･･</TYPE>心得ました,<TYPE interval=30>･･････</TYPE>我明白了。
8-03.txt,421,津名川◇ありが,ありがとうございます..<BR>住職,非常感谢您･･････<BR>住持。
8-04.txt,12,津名川セリフ◇それから,それから僕達は...<BR>その寺の片隅で暮らし始めた,从那以后，我们･･････<BR>便在这座寺庙的角落里开始了生活。
8-04.txt,17,津名川セリフ◇エクストラ,彼女たちの食事には<BR>持ち出してきた栄養剤と<BR>各種のゲル食品があったが,"她们的食物,<BR>有带出来的营养剂和<BR>各种凝胶食品，"
8-04.txt,22,津名川セリフ◇エクストラ2,"節約するため<BR>,時々お粥程度の代用物を与えた,,<BR>彼女達はこれがえらく気に入り..<BR>毎日欲しがった","为了节约<BR>,有时会给她们像粥一样的代替品,,<BR>她们非常中意这个..<BR>每天都想要"
8-04.txt,38,津名川セリフ◇沙友は1,"沙友は.相変わらず元気だ,..<BR>毎日僕を誘い...山などで遊びたがる,..<BR>まったく無邪気な子供.そのままだ",沙友还是那么有精神･･････<BR>每天都来找我･･････想去山里之类的地方玩･･････<BR>完全还是那个天真无邪的孩子，一点都没变。
8-04.txt,46,津名川セリフ◇沙友は2,"沙友は視力が良いので　..ここでの夜空は格別だろう,..<BR>僕ですら多くみえる星空だが　..おそらく沙友には<BR>星雲までもが見えているに違いない,..","因为沙友视力很好 ..这里的夜空一定很特别吧,..<BR>虽说是连我都觉得繁星密布的星空，但 ..恐怕对沙友来说<BR>连星云都一定看得清清楚楚吧,.."
8-04.txt,51,津名川セリフ◇わー,<FONT face='ＭＳ ゴシック'>わー　..いぱ～い<BR>みえゆよ～,<FONT face='ＭＳ ゴシック'>哇—— ･･････好〜多<BR>都能看到哟〜
8-04.txt,56,津名川セリフ◇よく,よくそういっては<BR>首が疲れるまで<BR>空を眺めている,她总是这么说<BR>然后一直仰望天空<BR>直到累了为止
8-04.txt,79,津名川セリフ◇透花も,"透花も相変わらずおとなしい,..<BR>彼女は住職と仲が良いようで<BR>..よく話をしている姿を見る","透花也一如既往地温顺,..<BR>她似乎和住持的关系很好<BR>..经常能看到她们交谈的身影"
8-04.txt,84,津名川セリフ◇何の,何の話をしていたか彼女に聞くと<BR>..どうやら仏教の基礎知識のようなものを<BR>教えてもらっているらしい,"我问她在聊些什么,<BR>･･････好像是在请住持教她<BR>一些佛教的基础知识。"
8-04.txt,89,津名川セリフ◇まあ,まあ　..なんにでも興味をもつのは<BR>悪いことではない,嘛･･････对什么都感兴趣<BR>也不是什么坏事。
8-04.txt,108,津名川セリフ◇だが,"だが,エマは次第に飽きて<BR>きているようだった",但是，艾玛似乎渐渐<BR>感到腻了。
8-04.txt,113,津名川セリフ◇自分,僕のような性格にはこの退屈さも<BR>楽しむことが出来るが..<BR>エマにはそうもいかないようだ,像我这样的性格，连这种无聊也能<BR>当作享受，但･･････<BR>艾玛似乎就做不到这样了。
8-04.txt,118,津名川セリフ◇つまんない,「つまらない」...と<BR>よく愚痴をこぼす,经常<BR>抱怨说“真无聊”...
8-05.txt,9,透花セリフ◇なに,なにしょんぼり<BR>しているの　..エマ？,怎么没精打采的<BR>･･････艾玛？
8-05.txt,13,エマセリフ◇また,<FONT size=14>また.宗慈さんに<BR>はぐらかされた<TYPE interval=30>･･･,<FONT size=14>又被宗慈先生<BR>给敷衍过去了<TYPE interval=30>･･････
8-05.txt,17,透花セリフ◇御主人,"御主人様にも考えがあるのよ,..<BR>ゆっくりと待たないと",主人也有自己的考量･･････<BR>得耐心等待才行。
8-05.txt,28,エマセリフ◇もう待つ,もう待つのタイクツー,等得我都无聊了——
8-05.txt,32,沙友セリフ◇たいくつ1,<FONT face='G'>たいくつ～,<FONT face='G'>好无聊〜
8-05.txt,36,沙友セリフ◇たいくつ2,<FONT face='G'>たいくつ～,<FONT face='G'>好无聊〜
8-05.txt,40,沙友セリフ◇たいくつ3,<FONT face='G'>たいくつ<TYPE style='Spring' speed=500>～,<FONT face='G'>好无聊<TYPE style='Spring' speed=500>〜
8-05.txt,44,透花セリフ◇え,え　..沙友も退屈なの？,咦･･････沙友也觉得无聊吗？
8-05.txt,48,沙友セリフ◇たいくつー,<FONT face='G'>た.い.く.つ.ーてーなにー？,<FONT face='G'>无——聊——是——什——么——？
8-05.txt,52,透花セリフ◇沈黙,<TYPE interval=30>･･･,<TYPE interval=30>･･････
8-05.txt,71,エマセリフ◇おうち,おうち帰りたいなあ<TYPE interval=30>･･･,好想回家啊<TYPE interval=30>･･････
8-05.txt,78,透花セリフ◇今,今うちはきっと<BR>見張られてるって<BR>御主人様いってたよ,主人说过<BR>现在家里肯定<BR>被人监视着呢。
8-05.txt,82,透花セリフ◇だから,だから駄目だよ<TYPE interval=30>･･･</TYPE>エマ,所以不行哦<TYPE interval=30>･･････</TYPE>艾玛。
8-05.txt,86,エマセリフ◇沈黙,<TYPE interval=30>･･･,<TYPE interval=30>･･････
8-05.txt,102,透花セリフ◇それに,"それに　..ここも馴れれば<BR>楽しいと思うよ,..<BR>ね,　沙友もそうでしょ？",而且･･････这里待习惯了<BR>也会觉得有趣的哦･･････<BR>对吧，沙友也是这样想的吧？
8-05.txt,110,沙友セリフ◇さゆも,<FONT size=24 face='G'>さゆもそー,<FONT size=24 face='G'>沙友也这——样——
8-05.txt,114,エマセリフ◇沈黙,<TYPE interval=30>･･･,<TYPE interval=30>･･････
8-05.txt,125,エマセリフ◇なんで,なんで<TYPE interval=30>･･････</TYPE>こんなことを<BR>透花たちは楽しめるの？,为什么<TYPE interval=30>･･････</TYPE>透花她们<BR>能乐在其中呢？
8-05.txt,130,透花セリフ◇なんで,<TYPE interval=40>･･････</TYPE>...エマは<BR>楽しくないの？,<TYPE interval=40>･･････</TYPE>･･････艾玛<BR>觉得不开心吗？
8-05.txt,134,エマセリフ◇･･･,<TYPE interval=50>･･････,<TYPE interval=50>･･････
8-05.txt,138,エマセリフ◇わかんない,わかんない<TYPE interval=30>･･････</TYPE>...<BR>わかんないの<TYPE interval=30>･･････,我不明白<TYPE interval=30>･･････</TYPE>･･････<BR>我就是不明白<TYPE interval=30>･･････
8-05.txt,158,坊さんセリフ◇あの,あのエマという子は..かなり<BR>ストレスが溜っているようだね,那个叫艾玛的孩子･･････<BR>似乎积累了不少压力呢。
8-05.txt,162,津名川セリフ◇ええ,ええ　..もともとあまり<BR>我慢強い子では<BR>ありませんでしたから<TYPE interval=60>･･････,是的<BR>･･････她本来就不是<BR>个很有耐心的孩子<TYPE interval=60>･･････
8-05.txt,166,坊さんセリフ◇まあ,まあ確かに..<BR>ここほど退屈な場所も無いからね..<BR>子供には辛いだろう,嘛，确实･･････<BR>这里也算得上是最无聊的地方了･･････<BR>对小孩子来说确实难熬。
8-05.txt,177,津名川セリフ◇すみません,"すみません,..<BR>お気を使わせてしまって",抱歉･･････<BR>让您费心了。
8-05.txt,181,坊さんセリフ◇段々と,君が謝る必要は無い,你没必要道歉。
8-05.txt,185,坊さんセリフ◇だが,"だが　..あの子には一言<BR>いっておくといい,..<BR>子の<RUBY text='しつけ'>躾</RUBY>は親の責任だからね","不过<BR>..最好去对那孩子说一声,..<BR>因为管教孩子是父母的责任呢"
8-05.txt,189,津名川セリフ◇ええ,ええ<TYPE interval=30>･･････,好的<TYPE interval=30>･･････
8-06.txt,20,津名川セリフ◇エマ,エマ,艾玛
8-06.txt,28,エマセリフ◇・・・,<TYPE interval=30>･･･,<TYPE interval=30>･･････
8-06.txt,32,津名川セリフ◇退屈,退屈かい？,觉得无聊了吗？
8-06.txt,36,エマセリフ◇はい,",<TYPE interval=100>はい</TYPE><TYPE interval=50>･･･",",<TYPE interval=100>嗯</TYPE><TYPE interval=50>･･････"
8-06.txt,50,津名川セリフ◇でも,でも...もうあの家に<BR>戻るわけには.いかない,可是･･････我已经不能<BR>回到那个家了。
8-06.txt,54,津名川セリフ◇お前,お前達がいれば..<BR>戻ることは出来るだろうが　..<BR>あのまま暮らすことは<BR>.もう無理だろう,只要有你们在･･････<BR>虽然能回去，但･･････<BR>像以前那样生活<BR>已经不可能了吧。
8-06.txt,58,津名川セリフ◇それは,それはわかるよね？,这点你们也明白吧？
8-06.txt,62,エマセリフ◇沈黙,･.･.･.,･･････
8-06.txt,76,津名川セリフ◇沙友,"沙友も透花も<BR>我慢してくれているんだ,..<BR>エマも,もうちょっとだけ<BR>我慢してくれないか？",沙友和透花<BR>也都在努力忍耐啊･･････<BR>艾玛，能不能也<BR>再稍微忍耐一下呢？
8-06.txt,81,SSP◆はい,<TYPE interval=0><FONT color=blue >･･････はい,<TYPE interval=0><FONT color=blue >･･････嗯
8-06.txt,88,SSP◆わたしは,<TYPE interval=0><FONT color=blue >わたしは･･････,<TYPE interval=0><FONT color=blue >我･･････
8-06.txt,112,エマセリフ◇はい,<TYPE interval=30>･･････</TYPE>はい,<TYPE interval=30>･･････</TYPE>嗯
8-06.txt,116,エマセリフ◇わかりました,"わかりました,..<BR>もう少し我慢してみます",我明白了･･････<BR>我会再试着忍耐一下的。
8-06.txt,120,津名川セリフ◇うん,うん<TYPE interval=30>･･･</TYPE>もう少し<TYPE interval=30>･･･</TYPE><BR>もう少ししたら必ず<TYPE interval=30>･･･,嗯<TYPE interval=30>･･････</TYPE>再稍微<TYPE interval=30>･･････</TYPE><BR>再稍微过一段时间就一定<TYPE interval=30>･･････
8-06.txt,147,エマセリフ◇わたしは,<TYPE interval=30>わたしは..<BR>沙友や透花とは違う！,<TYPE interval=30>我･･････<BR>和沙友、透花不一样！
8-06.txt,161,津名川セリフ◇エマ,<TYPE interval=30>･･･</TYPE>エマ<TYPE interval=30>･･･,<TYPE interval=30>･･････</TYPE>艾玛<TYPE interval=30>･･････
8-06.txt,173,エマセリフ◇わたし,<TYPE interval=50>わたし　....沙友よりも..透花よりも<BR>能力低いし..我慢も出来ない<TYPE interval=30>･･･,<TYPE interval=50>我･･････比沙友･･････比透花･･････<BR>能力差，也･･････做不到忍耐<TYPE interval=30>･･････
8-06.txt,177,エマセリフ◇宗慈,"宗慈さん<TYPE interval=30>･･････</TYPE><BR>,なんで<TYPE interval=30>･･････</TYPE>...なんで.<BR>わたしだけ弱いの<TYPE interval=30>･･････",宗慈先生<TYPE interval=30>･･････</TYPE><BR>为什么<TYPE interval=30>･･････</TYPE>･･････为什么･･････<BR>只有我这么弱<TYPE interval=30>･･････
8-06.txt,181,エマセリフ◇良い子に,わたしだって宗慈さんの<BR>役に立ちたいし　..<BR>良い子になりたいよ<TYPE interval=30>･･･,我也想帮上宗慈先生的<BR>忙啊･･････<BR>想做个好孩子啊<TYPE interval=30>･･････
8-06.txt,193,エマセリフ◇でも,"<FONT size=24><TYPE interval=30>･･･</TYPE>でも駄目なの！<BR>,..<TYPE interval=30>駄目なんだもん！！！",<FONT size=24><TYPE interval=30>･･････</TYPE>但是不行啊！<BR>･･････<TYPE interval=30>就是不行嘛！！！
8-06.txt,197,エマセリフ◇駄目,"駄..目<TYPE interval=30>･･････,</TYPE>な..の<TYPE interval=30>･･････",不･･････行<TYPE interval=30>･･････</TYPE>为･･････什么<TYPE interval=30>･･････
8-06.txt,203,選択肢◆エマ・・・,<TYPE interval=0><FONT color=red >エマ･･･,<TYPE interval=0><FONT color=red >艾玛･･････
8-06.txt,204,選択肢◆僕の責任,<TYPE interval=0><FONT color=red >それは僕の責任だ,<TYPE interval=0><FONT color=red >那是我的责任
8-06.txt,205,選択肢◆頑張って,<TYPE interval=0><FONT color=red >エマは頑張っているよ・・・<BR>それは僕が一番知っている,<TYPE interval=0><FONT color=red >艾玛很努力哦・・・<BR>这一点我是最清楚的
8-06.txt,224,津名セリフ◆頑張って,エマは頑張っているよ<TYPE interval=40>･･･</TYPE><BR>...それは僕が一番知っている,艾玛已经很努力了<TYPE interval=40>･･････</TYPE><BR>･･････这一点我最清楚
8-06.txt,234,津名セリフ◆エマ・・・,エマ･･･,艾玛･･････
8-06.txt,244,津名セリフ◆僕の責任,それは僕の責任だ,那是我的责任
8-06.txt,250,エマセリフ◇沈黙,<TYPE interval=50>･･････,<TYPE interval=50>･･････
8-07.txt,7,透花セリフ◇さま,<TYPE interval=30>･･･</TYPE>さま,<TYPE interval=30>･･････</TYPE>主人
8-07.txt,11,透花セリフ◇ご主人,<TYPE interval=30>･･････ご主人さま？</TYPE>,<TYPE interval=30>･･････主人？</TYPE>
8-07.txt,15,津名川セリフ◇う,"う<TYPE interval=30>･･･</TYPE>,ん<TYPE interval=30>･･･</TYPE>？",唔<TYPE interval=30>･･････</TYPE>，嗯<TYPE interval=30>･･････</TYPE>？
8-07.txt,36,津名川セリフ◇おはよう,"おはよう<TYPE interval=30>･･･,</TYPE>透花<BR>,..どう<TYPE interval=30>･･･</TYPE>したんだい？",早安<TYPE interval=30>･･････</TYPE>透花<BR>･･････怎么<TYPE interval=30>･･････</TYPE>了？
8-07.txt,52,透花セリフ◇エマが,エマがいません,艾玛不在。
8-07.txt,56,津名川セリフ◇えっ！？,<TYPE interval=0>えっ！？,<TYPE interval=0>诶！？
8-07.txt,61,津名川セリフ◇エマが,エマがいない？,艾玛不在？
8-07.txt,65,透花セリフ◇置手紙,置手紙に.<BR>“ちょっとだけ.<BR>　家に帰ってきます”...<BR>　　って,"她留了张字条。<BR>“我回趟家,<BR>　很快就回来”･･････<BR>　　上面是这么写的。"
8-07.txt,69,津名川セリフ◇沈黙,･･････,･･････
8-07.txt,86,透花セリフ◇どうします,どうしましょう,怎么办才好呢。
8-07.txt,90,津名川セリフ◇急いで,"<TYPE interval=30>･･････</TYPE>僕の責任だ,..<BR>今は何時だい？",<TYPE interval=30>･･････</TYPE>是我的责任･･････<BR>现在几点了？
8-07.txt,94,透花セリフ◇８時,８時です,8点了。
8-07.txt,98,津名川セリフ◇始発,"始発電車に乗ったとしたら<BR>,もう着いてる頃か<TYPE interval=30>･･･</TYPE>,<BR>,..行くのは　...僕一人でいい","要是坐了首班车的话<BR>现在应该已经快到了<TYPE interval=30>･･････</TYPE>,<BR>･･････去找她･･････我一个人去就行。"
8-07.txt,102,透花セリフ◇はい,<TYPE interval=0>はい</TYPE>　..ご主人様,<TYPE interval=0>好的</TYPE>　･･････主人。
8-08.txt,13,エマセリフ◇だあれも,",,だあれもいない,よね,..<BR>やっぱり",，谁都不在，对吧･･････<BR>果然
8-08.txt,23,エマセリフ◇宗慈さん,",宗慈さん<TYPE interval=30>･･････",宗慈先生<TYPE interval=30>･･････
8-08.txt,28,エマセリフ◇なんで,"なんで<TYPE interval=30>･･････</TYPE>,.わたしだけ<TYPE interval=30>･･････</TYPE><BR>こんな身体なの<TYPE interval=30>･･････",为什么<TYPE interval=30>･･････</TYPE>，只有我<TYPE interval=30>･･････</TYPE><BR>会变成这种身体<TYPE interval=30>･･････
8-08.txt,42,グラハムセリフ◇エマ,"<TYPE interval=30>･･････</TYPE>,エマ,.,.",<TYPE interval=30>･･････</TYPE>，艾玛。
8-08.txt,46,エマセリフ◇！,<FONT size=16><TYPE interval=0>！？,<FONT size=16><TYPE interval=0>！？
8-08.txt,51,エマセリフ◇だれ,<FONT size=24><TYPE interval=0>だれ！？,<FONT size=24><TYPE interval=0>谁！？
8-08.txt,70,グラハムセリフ◇ひさし,"久しぶりだね<TYPE interval=30>　</TYPE>エマ,..",好久不见了呢<TYPE interval=30>　</TYPE>艾玛･･････
8-08.txt,73,エマセリフ◇グラハム,"グラハム･･････<BR>,さ.ん.！？",格拉汉姆･･････<BR>先。生。！？
8-08.txt,101,エマセリフ◇なんで,"なんで<TYPE interval=30>･･･,</TYPE><BR>グラハムさんがここにいるの？",为什么<TYPE interval=30>･･････</TYPE><BR>格拉汉姆先生会在这里？
8-08.txt,105,グラハムセリフ◇人生に,人生に偶然は<BR>つきものだよ,人生嘛，偶然总是<BR>难免的
8-08.txt,109,グラハムセリフ◇もっとも,もっとも　..偶然はいつも<BR>神がもたらすとは限らないがね,不过 ･･････偶然并不总是<BR>由神带来的就是了
8-08.txt,115,エマセリフ◇神様,"神様なんて,いないもん",神什么的，根本不存在嘛
8-08.txt,130,グラハムセリフ◇神は,神はいつも..エマを<BR>見守っているよ,神一直在･･････注视着艾玛<BR>哦
8-08.txt,134,エマセリフ◇ふーん,"ふーん　,..神様って<BR>ヒマなのね",呼— ･･････神什么的<BR>还真是闲呢
8-08.txt,138,グラハムセリフ◇ふふ,ふふ　..そうかもしれん,呵呵 ･･････也许吧
8-08.txt,151,エマセリフ◇ああ,ああ神様　..私をもっと<BR>強くしてよ<TYPE interval=300 speed=300 style='Spring'>ぉ,啊啊神啊 ･･････让我变得<BR>更强一点吧<TYPE interval=300 speed=300 style='Spring'>〜
8-08.txt,155,グラハムセリフ◇エマ,"<TYPE interval=30>･･･</TYPE>エマはどうして,<BR>強く,なりたいのかね？","<TYPE interval=30>･･････</TYPE>艾玛为什么,<BR>想要变，强呢？"
8-08.txt,159,エマセリフ◇透花や,透花や沙友に負けるなんて<BR>嫌なんだもん！,我才不想输给透花和沙友<BR>呢！
8-08.txt,163,エマセリフ◇私の,私の方がぜ<TYPE interval=500 speed=500 style='Spring'>ー</TYPE>ったい<BR>スゴイはずなのにぃ,明明我绝<TYPE interval=500 speed=500 style='Spring'>〜</TYPE>对<BR>比她们厉害得多嘛
8-08.txt,180,グラハムセリフ◇はははは,はははは　..<BR>負けず嫌いなんだな,哈哈哈 ･･････<BR>真是不服输啊
8-08.txt,184,エマセリフ◇むぅ,<FONT size=24 face='ＭＳ ゴシック'>むぅ,<FONT size=24 face='ＭＳ ゴシック'>唔
8-08.txt,189,グラハムセリフ◇エマは,"エマは,,津名川が<BR>好きかい？",艾玛，喜欢津名川<BR>吗？
8-08.txt,193,エマセリフ◇沈黙,<TYPE interval=30>･･･,<TYPE interval=30>･･････
8-08.txt,201,グラハムセリフ◇なら,なら　..きっとそれが<BR>すべてなんじゃないかね,那样的话 ･･････那一定<BR>就是一切了吧
8-08.txt,218,津名川セリフ◇エマ！,<FONT size=24>エマ！,<FONT size=24>艾玛！
8-08.txt,223,エマセリフ◇！,！？,！？
8-08.txt,226,エマセリフ◇宗慈さん,<FONT size=24><TYPE interval=30>宗慈さん！,<FONT size=24><TYPE interval=30>宗慈先生！
8-08.txt,239,津名川セリフ◇よかった,"よかった<BR>,..無事だったんだね",太好了<BR>･･････你没事啊
8-08.txt,243,エマセリフ◇あ,",,<TYPE style='OffCenter'>あ,<TYPE interval=30 style='Normal'>･･･私,･･･</FONT>私,･.･.･",，<TYPE style='OffCenter'>啊，<TYPE interval=30 style='Normal'>･･････我･･････</FONT>我･･････
8-09.txt,10,津名川◇どうして,どうして<TYPE interval=30>･･･</TYPE>あの子..<BR>エマを気にかけているのですか？,为什么<TYPE interval=30>･･････</TYPE>那孩子･･････<BR>您会那么在意艾玛呢？
8-09.txt,14,グラハム◇その,"その答えは簡単だ,..<BR>だが話すことは簡単ではない",答案很简单･･････<BR>但要说出口却没那么容易
8-09.txt,24,津名川◇聞かせて,聞かせてもらえますか？,能讲给我听听吗？
8-09.txt,28,グラハム◇聞かせる,聞かせるなら君が<BR>最初だと決めていたよ,既然要讲，我早就决定<BR>第一个听众就是你了
8-09.txt,43,グラハム◇昔,昔.私には妻がいた,过去，我曾有过一位妻子
8-09.txt,47,グラハム◇妻の,"妻の名はエルガ,<BR>私の最愛の人間だった","妻子名叫埃尔加,<BR>是我此生最爱的人"
8-09.txt,51,津名川◇沈黙,<TYPE interval=50>･･････,<TYPE interval=50>･･････
8-09.txt,72,グラハム◇知って,知ってのとおり.<BR>今は私の隣にいない,"如你所知,<BR>她如今已不在我身边"
8-09.txt,74,グラハム◇あの,あの白詰草墓地で.<BR>娘と一緒に眠っているのだ,"她在那片白三叶草墓地中,<BR>与女儿一同长眠"
8-09.txt,76,津名川◇娘,娘？,女儿？
8-09.txt,108,グラハム◇ああ,ああ,是啊
8-09.txt,112,グラハム◇心臓,心臓に重度の欠陥があり<BR>..たった39時間だけ生きて<BR>いることが出来た娘だ,"她患有严重的心脏缺陷,<BR>仅仅在这个世界上<BR>存活了39个小时"
8-09.txt,116,グラハム◇名は,名はステラ,她名叫斯特拉
8-09.txt,129,グラハム◇妻も,"妻もそのときに亡くなった,..<BR>私は愛すべきものを同時に<BR>二人も無くしたのだ,..<BR><BR>私は神に侮蔑の言葉を吐いた,..<BR>なぜか...　なぜこのような不条理が<BR>許されるのか,..<BR>理解しえども　..納得など到底<BR>出来なかった,..<BR><BR>私は神へ挑戦を誓った,..<BR>この世の不条理を駆逐したかった","妻子也在那个时候去世了,..<BR>我同时<BR>失去了两个挚爱之人,..<BR><BR>我对神道出了侮蔑之词,..<BR>为什么... 为什么这种不合理的事<BR>会被许可,..<BR>虽然能够理解 ..但无论如何<BR>也无法释怀,..<BR><BR>我誓向神发起挑战,..<BR>我想要驱逐这个世界的不合理"
8-09.txt,146,グラハム◇私が,<FONT size=30 color='#604020'><B><TYPE interval=0>私が新しい神になる――,<FONT size=30 color='#604020'><B><TYPE interval=0>我要成为新的神——
8-09.txt,156,グラハム◇その結果,<FONT size=22>その結果――古痕ができ、..<BR>やがて君が来た。,<FONT size=22>其结果便是——古痕由此诞生...<BR>而后，你来到了这里。
8-09.txt,178,津名川◇僕に,僕にどんな役割を？,您打算让我承担怎样的角色？
8-09.txt,182,グラハム◇君には,君には私が数十年前に<BR>なくしたものの<BR>片割れを預けた,我将自己数十年前<BR>失去之物的<BR>另一半托付给了你
8-09.txt,186,津名川◇まさか,<TYPE interval=20>･･････</TYPE><TYPE interval=40>まさか！？,<TYPE interval=20>･･････</TYPE><TYPE interval=40>难道说！？
8-09.txt,198,グラハム◇そう,そう...　私の娘..ステラの<BR>遺伝子を受け継いだ子,没错･･････那是继承了我女儿･･････斯特拉<BR>基因的孩子
8-09.txt,202,グラハム◇それが,それが答えだ,这就是答案
8-09.txt,212,グラハム◇だが,だが私は.ただあの子の可能性を<BR>見てみたかったに過ぎない,但我，只是想看看那孩子<BR>究竟有怎样的可能性罢了
8-09.txt,216,グラハム◇花が,花が咲く前に拾われた種から<BR>咲くものが見たかっただけだ,"只是想看看，那颗在开花前被拾起的种子,<BR>究竟能盛开出怎样的花朵罢了"
8-09.txt,233,グラハム◇そして,そしてその願いは<BR>達成された,而如今，这个愿望<BR>已经实现了
8-09.txt,237,グラハム◇ありがとう,ありがとう...　君には<BR>本当に感謝しているのだよ,谢谢你･･････我<BR>打心底里感激你
8-09.txt,251,津名川◇いえ,いえ<TYPE interval=40>･･･</TYPE>...僕は<TYPE interval=30>･･･</TYPE>..自分のエゴで<BR>動いていただけです,不<TYPE interval=40>･･････</TYPE>･･････我<TYPE interval=30>･･････</TYPE>･･････只是出于一己私欲<BR>在行动罢了
8-09.txt,255,津名川◇感謝,感謝だなんて<TYPE interval=40>･･････,说什么感谢<TYPE interval=40>･･････
8-09.txt,270,津名川◇エマ,エマ<TYPE interval=40>･･･,艾玛<TYPE interval=40>･･････
8-09.txt,274,グラハム◇聞いて,聞いていたのかい？,你都听到了吗？
8-09.txt,278,エマ◇うん,<TYPE interval=30>･･････</TYPE>うん,<TYPE interval=30>･･････</TYPE>嗯
8-09.txt,289,グラハム◇そうか,そうか<TYPE interval=40>･･･,这样啊<TYPE interval=40>･･････
8-09.txt,293,グラハム◇君の,君の身体は<BR>ステラが持っていた<BR>欠陥を抱えている,你的身体里<BR>承载着斯特拉曾有的<BR>缺陷
8-09.txt,297,グラハム◇だから,だから苦しいし...<BR>力が出ないこともある,所以你会感到痛苦･･････<BR>有时也会使不上力气
8-09.txt,309,グラハム◇彼は,"彼は悪くないのだ,<BR>恨むなら私を恨みなさい<TYPE interval=30>･･･","他没有错,<BR>如果要恨，就恨我吧<TYPE interval=30>･･････"
8-09.txt,313,エマ◇恨む,恨む<TYPE interval=40>･･･</TYPE>..なんて<TYPE interval=40>･･････,恨<TYPE interval=40>･･････</TYPE>･･････什么的<TYPE interval=40>･･････
8-09.txt,324,グラハム◇沈黙,<TYPE interval=50>･･････,<TYPE interval=50>･･････
8-09.txt,326,エマ◇沈黙,<TYPE interval=50>･･････,<TYPE interval=50>･･････
8-09.txt,347,グラハム◇ステ,ステ<TYPE interval=30>･･･</TYPE>...いや..エマ<TYPE interval=30>･･･</TYPE>....<BR>津名は君のことを<BR>本当に大事に思っている,斯特<TYPE interval=30>･･････</TYPE>･･････不･･････艾玛<TYPE interval=30>･･････</TYPE>･･････<BR>津名他<BR>是真的非常珍惜你
8-09.txt,351,グラハム◇そこには,そこには順序や大きさなど<BR>存在しない,这其中没有先后<BR>与轻重之分
8-09.txt,355,グラハム◇ただ,ただそれだけの<BR>純粋な想いだ,只是如此<BR>纯粹的感情罢了
8-09.txt,367,グラハム◇彼を,彼を大事にするんだ,好好珍惜他
8-09.txt,371,グラハム◇彼の,彼の手となり.<BR>足となりなさい,"成为他的手,<BR>成为他的脚"
8-09.txt,380,グラハム◇そう,そうすれば君にも.<BR>きっと祝福が与えられる,如此一来，你也一定<BR>会得到祝福
8-09.txt,384,グラハム◇神,神ではなく...<BR>人からの祝福が,不是来自神明･･････<BR>而是来自人类的祝福
8-09.txt,388,エマ◇はい,<TYPE interval=30>･･････</TYPE>はい<TYPE interval=40>･･･,<TYPE interval=30>･･････</TYPE>嗯<TYPE interval=40>･･････
8-10.txt,10,津名川◇それでは,"それでは――僕は<BR>鎌倉に戻ります,",那么——我要<BR>回镰仓了，
8-10.txt,14,グラハム◇君が,君の新しい家と生活に..<BR>幸福のあることを祈るよ,祈愿你的新家与新生活･･････<BR>幸福美满
8-10.txt,18,グラハム◇古痕,古痕はいずれ滅ぶ...,古痕终将灭亡･･････
8-10.txt,30,グラハム◇大きく,大きくなりすぎた動物が<BR>端々から壊死していくように...<BR>古痕もまた死のうとしている,就像体型过大的动物<BR>从手足末端开始坏死一样･･････<BR>古痕也正走向死亡
8-10.txt,34,グラハム◇だが,だが..　私の我侭で<BR>始めたこの組織だ,但是･･････ 这是我出于一己之私<BR>创立的组织
8-10.txt,38,グラハム◇私,私の責任で終わらせねば<BR>なるまい――,必须由我亲自负责<BR>将它终结——
8-10.txt,59,グラハム◇君は,彼女達を大切に,好好珍惜她们
8-10.txt,63,グラハム◇それが,それが最後の命令だ,这是我最后的命令
8-10.txt,67,津名川◇はい,はい――,是——
8-10.txt,73,エマ◇沈黙,<TYPE interval=50>･･････,<TYPE interval=50>･･････
8-10.txt,91,津名川◇エマ,エマ――,艾玛——
8-10.txt,95,エマ◇あ,あ..　ちょっと待って<BR>....宗慈さん,啊･･････ 等一下<BR>･･････宗慈先生
8-10.txt,119,エマ◇感謝の言葉,<TYPE style='Fade' interval=90><FONT size=20>“････････････”,<TYPE style='Fade' interval=90><FONT size=20>“...”
8-10.txt,143,エマ◇はい,"うん,　それじゃ...<BR>戻りましょ.　宗慈さん",嗯，那･･････<BR>回去吧。宗慈先生
8-10.txt,147,津名川◇あ,あ...　ああ,啊･･････ 啊啊
8-10.txt,171,津名川◇エマ,エマ...　グラハムさんに<BR>なにか言ったのか？,艾玛･･････ 你跟格拉汉姆先生<BR>说了什么吗？
8-10.txt,175,エマ◇うん,うん,嗯
8-10.txt,190,エマ◇感謝の,<TYPE interval=80>“感謝の言葉”をね,<TYPE interval=80>说了“感谢的话”哦
8-10.txt,213,津名川◇そうか,そうか<TYPE interval=40>･･････</TYPE>,这样啊<TYPE interval=40>･･････</TYPE>
8-10.txt,216,エマ◇宗慈さん,宗慈さん<TYPE interval=40>･･････</TYPE>,宗慈<TYPE interval=40>･･････</TYPE>
8-10.txt,219,津名川◇ん？,ん？,嗯？
8-10.txt,222,エマ◇帰る,帰る前に<TYPE interval=40>･･････<BR>えっちしたい<TYPE interval=40>･･････</TYPE>,回去之前<TYPE interval=40>･･････<BR>想和你做<TYPE interval=40>･･････</TYPE>
8-10.txt,235,津名川◇エマ,エマ<TYPE interval=40>･･････</TYPE>,艾玛<TYPE interval=40>･･････</TYPE>
8-10.txt,238,エマ◇今,<TYPE interval=40>･･････</TYPE>今　..凄く宗慈さんと<BR>えっちしたいの<TYPE interval=40>･･････</TYPE>,<TYPE interval=40>･･････</TYPE>现在 ･･････非常想和宗慈<BR>做呢<TYPE interval=40>･･････</TYPE>
8-10.txt,244,選択肢◇ここに,<TYPE interval=0><FONT color=red>ここにあまり長居するのは<BR>良くないよ</FONT>,<TYPE interval=0><FONT color=red>在这里待太久<BR>可不好哦</FONT>
8-10.txt,245,選択肢◇僕も,<TYPE interval=0><FONT color=red>僕もそう思ってたよ</FONT>,<TYPE interval=0><FONT color=red>我也这么觉得</FONT>
8-10.txt,259,津名川◇ここに,ここにあまり長居するのは<BR>良くないよ,在这里待太久<BR>可不好哦
8-10.txt,262,エマ◇うん,<TYPE interval=40>･･････</TYPE>うん<TYPE interval=40>･･････</TYPE>...<BR>そう<TYPE interval=40>･･････</TYPE>だよね,<TYPE interval=40>･･････</TYPE>嗯<TYPE interval=40>･･････</TYPE>･･････<BR>是啊<TYPE interval=40>･･････</TYPE>呢
8-10.txt,265,津名川◇ごめん,<TYPE interval=40>･･････</TYPE>ごめんな,<TYPE interval=40>･･････</TYPE>对不起
8-10.txt,288,津名川◇僕も,僕もそう思ってたよ,我也这么觉得
8-10.txt,291,エマ◇宗慈,"宗慈さん<TYPE interval=40>･･････</TYPE>！<BR>,大好き！",宗慈<TYPE interval=40>･･････</TYPE>！<BR>最喜欢你了！
8-10.txt,294,津名川◇愛し,<TYPE interval=40>･･････</TYPE>愛してるよ　..エマ,<TYPE interval=40>･･････</TYPE>我爱你哦 ･･････艾玛
8-12.txt,11,津名川◇これから,"これからどうするか<TYPE interval=40>･･･</TYPE>,<BR>か<TYPE interval=40>･･････","接下来该怎么做<TYPE interval=40>･･････</TYPE>,<BR>还是说<TYPE interval=40>･･････"
8-12.txt,19,津名川◇ここに,ここにいる間..　ずっと<BR>問い続けてきた問題だ,待在这里的期间･･････ 我一直<BR>在反复追问自己这个问题。
8-12.txt,24,津名川◇古痕,古痕...　そして軍,古痕･･････ 还有军队
8-12.txt,29,津名川◇両方から,両方から追われれば..<BR>いずれどこかで追い詰め<BR>られるだろう,若被双方同时追捕･･････<BR>迟早会在某处<BR>被逼入绝境吧。
8-12.txt,42,津名川◇だが,"だが　それでもいいのかもしれない,..<BR>彼女たちを戦わせないための戦いなのだ",但是，也许那样也无妨･･････<BR>毕竟这是为了让她们免于战斗的战斗啊。
8-12.txt,51,津名川◇その,<TYPE interval=30>･･････</TYPE>その選択に<BR>悔いはないだろうか,"<TYPE interval=30>･･････</TYPE>对于那个选择,<BR>真的不会后悔吗？"
8-12.txt,60,津名川◇自分の,自分の立場...　自分の望み....<BR>自分のなすべき事<TYPE interval=40>･･････,自己的立场･･････ 自己的愿望･･････<BR>自己该做的事<TYPE interval=40>･･････
8-12.txt,64,津名川◇また,また<TYPE interval=40>･･･</TYPE>..<BR>どうどうめぐりか<TYPE interval=40>･･････,又<TYPE interval=40>･･････</TYPE>･･････<BR>在原地打转吗<TYPE interval=40>･･････
8-12.txt,80,津名川◇ん,ん？,嗯？
8-12.txt,84,津名川◇こんな,こんな寺に誰だろうか...<BR>住職の知り合いかな<TYPE interval=40>･･････</TYPE>？,这种寺庙会有谁来呢･･････<BR>是住持的熟人吗<TYPE interval=40>･･････</TYPE>？
8-12.txt,105,津名川◇そうだ,そうだ<TYPE interval=40>･･････</TYPE>,对啊<TYPE interval=40>･･････</TYPE>
8-12.txt,108,津名川◇あの子,あの子達に対する責任と..<BR>自分の立場を秤にかけちゃ<BR>いけないんだ,绝不能把对那群孩子的责任<BR>和自己的立场放在天平上<BR>去衡量啊。
8-12.txt,111,津名川◇あの子達,あの子達のために,为了那群孩子
8-13.txt,10,津名川◇荒山,<TYPE interval=30>･･････</TYPE>荒山,<TYPE interval=30>･･････</TYPE>荒山
8-13.txt,12,荒山◇ああ,ああ　..あの時以来だな<BR>....津名川宗慈,啊･･････自从那时起就没见过了呢<BR>･･････津名川宗慈
8-13.txt,14,津名川◇なんで,<TYPE interval=40>なんでこんなところに</TYPE><TYPE interval=20>･･･,<TYPE interval=40>为什么会在这种地方</TYPE><TYPE interval=20>･･････
8-13.txt,42,荒山◇それに,それにしても<BR>暢気なものだな<TYPE interval=30>･･･,不过话说回来<BR>你还真是天真啊<TYPE interval=30>･･････
8-13.txt,46,津名川◇お前が,なんでお前が<TYPE interval=30>･･･,为什么你会<TYPE interval=30>･･････
8-13.txt,50,荒山◇決着,決着をつけに来た――...<BR>とでも言ったら？,是来一决胜负的——･･････<BR>打算这么对我说吗？
8-13.txt,54,津名川◇断る,"<TYPE interval=30>――断る</TYPE>,　あの子達と<BR>戦わせるつもりは無い",<TYPE interval=30>——我拒绝</TYPE>，我没打算让那些孩子<BR>去战斗
8-13.txt,68,荒山◇嘘,嘘だな...　津名川宗慈,开玩笑的吧･･････津名川宗慈
8-13.txt,72,津名川◇何が,<FONT size=20><TYPE interval=40>何が！？,<FONT size=20><TYPE interval=40>什么！？
8-13.txt,82,荒山◇お前,お前にはちゃんと戦う理由が<BR>あるっていうことさ,我是说，你确实有着<BR>必须战斗的理由
8-13.txt,84,荒山◇そして,"そして俺の方にも<BR>戦う理由がある<BR>,同じ理由でな",而我这边<BR>也有战斗的理由<BR>而且是同样的理由
8-13.txt,86,津名川◇沈黙,<TYPE interval=50>･･････,<TYPE interval=50>･･････
8-13.txt,88,荒山◇さあ,さあ　..あの子達を呼んで来い,好了･･････去把那些孩子叫过来
8-13.txt,90,荒山◇手足,お前の手足たる<BR>あの子達を,那些作为你手足的<BR>孩子们
8-14.txt,55,エマ◇荒山,荒山<TYPE interval=30>･･･,荒山<TYPE interval=30>･･････
8-14.txt,59,透花◇なぜ,<TYPE interval=50>なぜわたし達の<BR>邪魔をするの？,<TYPE interval=50>为什么要妨碍<BR>我们？
8-14.txt,63,荒山◇約束,約束だからな,因为这是约定。
8-14.txt,76,津名川◇約束？,約束？,约定？
8-14.txt,80,荒山◇まあ,まあそれも<BR>どうでもいいことだ,算了，那也<BR>无关紧要了。
8-14.txt,91,荒山◇行くぞ,<FONT size=26><B><TYPE interval=30>行くぞ！,<FONT size=26><B><TYPE interval=30>上吧！
8-14.txt,93,沙友◇くぅ,くぅ！,唔！
8-14.txt,122,透花◇沙友！,<FONT size=22>沙友！,<FONT size=22>沙友！
8-14.txt,124,エマ◇この,この！,你这家伙！
8-14.txt,160,エマ◇はあ,<FONT size=22>はぁぁぁぁ！,<FONT size=22>哈啊啊啊！
8-14.txt,193,荒山◇ふっ,ふっ<TYPE interval=30>･･･</FONT>..<BR>話にならんな,哼<TYPE interval=30>･･････</FONT>･･････<BR>真是不够格啊
8-14.txt,197,荒山◇お前,<TYPE interval=50>お前が追い求めてきた<BR>ものはこの程度か,<TYPE interval=50>你苦苦追求<BR>的东西就这点程度吗？
8-14.txt,208,津名川◇僕は,<TYPE interval=40>僕はお前のように<BR>力を追い求めてきた<BR>わけじゃない！,<TYPE interval=40>我才不像你那样<BR>一味地追求<BR>力量！
8-14.txt,212,荒山◇そんな,そんなのは<BR>言い訳に過ぎん,那不过是<BR>借口罢了。
8-14.txt,216,荒山◇行き,行き着くところは同じさ,最终的结果都是一样的。
8-14.txt,220,津名川◇沈黙,<TYPE interval=40>･･････,<TYPE interval=40>･･････
8-14.txt,234,エマ◇ふん,ふん<TYPE interval=30>･･･</TYPE>..なによ...　自分が<BR>実験に失敗したからって,哼<TYPE interval=30>･･････</TYPE>･･････说什么呢･･････ 只不过是因为自己<BR>实验失败了而已。
8-14.txt,238,エマ◇単なる,<TYPE interval=40>単なる負け惜しみ<BR>じゃない,<TYPE interval=40>这不就是单纯的<BR>嘴硬吗？
8-14.txt,251,透花◇私達,<TYPE interval=40>わたし達は.<BR>あなたみたいには<BR>ならない,<TYPE interval=40>我们。<BR>绝不会变成<BR>你那样。
8-14.txt,253,沙友◇さゆは,<TYPE interval=50>さゆはさゆだもん,<TYPE interval=50>因为沙友就是沙友嘛。
8-14.txt,286,荒山◇おもしろい,おもしろい,真有趣。
8-14.txt,288,荒山◇これが,これがお前の答えか...<BR>津名川宗慈,这就是你的答案吗･･････<BR>津名川宗慈。
8-14.txt,308,荒山◇そもそも,<TYPE interval=50>いいか...　お前達はエクストラを<BR>単なる強化された人間と<BR>思っているようだが,<TYPE interval=50>听好了･･････ 你们似乎把Extra<BR>仅仅当作<BR>被强化的人类，
8-14.txt,310,荒山◇その,<TYPE interval=50>その捉え方は<BR>まるで的外れだ,<TYPE interval=50>那种认知<BR>简直大错特错。
8-14.txt,312,荒山◇エクストラ,<TYPE interval=50>エクストラにはエクストラ<BR>にしかない感覚がある,<TYPE interval=50>Extra有着<BR>只有Extra才具备的知觉。
8-14.txt,344,荒山◇私は,<TYPE interval=50>私は元々人間だったからこそ<BR>気づくことができた,<TYPE interval=50>正因为我原本是人类<BR>才能察觉到这一点。
8-14.txt,346,荒山◇エクストラの,<TYPE interval=50>エクストラの特殊な知覚の前に..<BR>従来の考え方など無意味なのだ,<TYPE interval=50>在Extra的特殊知觉面前･･････<BR>以往的常识根本毫无意义。
8-14.txt,348,荒山◇この,<TYPE interval=50>この知覚を生かせば<BR>最大限に力を引き出せる,<TYPE interval=50>只要善用这种知觉<BR>就能将力量发挥到极致。
8-14.txt,384,荒山◇わかる,<TYPE interval=50>わかるか？,<TYPE interval=50>明白了吗？
8-14.txt,388,荒山◇お前達,<TYPE interval=50>お前達と私とでは<BR>それほど能力に差はない,<TYPE interval=50>你们和我之间的<BR>能力并没有多大差距。
8-14.txt,414,荒山◇目で,<TYPE interval=40>目で追うな,<TYPE interval=40>别用眼睛去追
8-14.txt,418,荒山◇空間,<TYPE interval=40>空間を見ろ,<TYPE interval=40>去感知空间
8-14.txt,446,沙友◇驚き,<TYPE interval=30>･･････</TYPE>！,<TYPE interval=30>･･････</TYPE>！
8-14.txt,455,荒山◇物理,<TYPE interval=40>物理的な感覚は捨てろ,<TYPE interval=40>抛弃物理感官
8-14.txt,459,荒山◇力の,<TYPE interval=40>力の密度を感じるんだ,<TYPE interval=40>去感受力量的密度
8-14.txt,463,荒山◇そうすれば,<TYPE interval=50>そうすれば.　ずっとマシに<BR>動けるはずだ！,<TYPE interval=50>只要这样。 就能<BR>更自如地行动了！
8-14.txt,481,津名川◇なぜ,<TYPE interval=40>一体何が言いたい！,<TYPE interval=40>你到底想说什么！
8-14.txt,488,荒山◇レクチャー,レクチャーだよ,这是在指导你们啊
8-14.txt,492,荒山◇お前,お前達のふがいない姿を<BR>見ていると.　品藤が哀れに<BR>思えてな,看着你们<BR>这副没出息的样子<BR>反倒让我觉得品藤可怜了
8-14.txt,503,荒山◇まあいい,まあいい..　今日はこの辺に<BR>しといてやろう,算了･･････ 今天就先<BR>到此为止吧
8-14.txt,507,荒山◇古痕,古痕の最後も.見届けねば<BR>ならんからな,毕竟古痕的终局，我也必须<BR>亲眼见证才行
8-14.txt,511,津名川◇なんだと,なんだと？,你说什么？
8-14.txt,532,荒山◇とうとう,とうとう軍が動き始めた<BR>のだぞ..　津名川宗慈,军队终于开始行动了<BR>啊･･････ 津名川宗慈
8-14.txt,536,荒山◇お前が,お前がくだらんことで<BR>悩んでいるうちに,就在你为那些无聊琐事<BR>烦恼的时候
8-14.txt,540,荒山◇もはや,もはや.誰もが引き返せない道へ<BR>入っていったということだ,这意味着，所有人都已经<BR>踏上了一条无法回头的路
8-14.txt,553,荒山◇その責任,その責任を<BR>お前はどうとる？,这份责任<BR>你打算怎么负？
8-14.txt,557,津名川◇沈黙,<TYPE interval=50>･･････,<TYPE interval=50>･･････
8-14.txt,570,荒山◇ここまで,"わからんか,<BR>哀れなやつだ","还不明白吗,<BR>真是个可怜的家伙"
8-14.txt,574,荒山◇ならば,"ならば自分の目で見るといい,..<BR>古い痕が身体から消える瞬間を",那就亲眼去见证吧･･････<BR>见证古痕从身体上消失的瞬间
8-16.txt,9,沙友◇ふぃー,ふぃー..おもろかたー,呼〜･･････真好玩〜
8-16.txt,23,透花◇もぅ,もぅ..　沙友ったら<TYPE interval=30>･･･,真是的･･････沙友你啊<TYPE interval=30>･･････
8-16.txt,27,透花◇荒山さん,あの人..　私たちに何か教えて<BR>くれようとしてたみたい,那个人･･････好像想<BR>告诉我们些什么
8-16.txt,31,透花◇悪い,悪い人じゃないのかも,也许不是个坏人
8-16.txt,35,沙友◇かもー,かもー,也许吧〜
8-16.txt,54,透花◇それに,"それにしても..古痕が<BR>どうとかって･･････<BR>,.ご主人様？",话说回来･･････古痕<BR>什么的･･････<BR>主人？
8-16.txt,60,津名川◇ああ,<TYPE interval=30>･･････</TYPE>あ..<BR>ああ<TYPE interval=40>･･････,<TYPE interval=30>･･････</TYPE>啊･･････<BR>啊啊<TYPE interval=40>･･････
8-16.txt,71,津名川◇古痕,古痕の最後？,古痕的终结？
8-16.txt,87,荒山◇ならば,ならば自分の目で見るといい....<BR>古い痕が身体から消える瞬間を,那就用自己的双眼去见证吧･･････<BR>见证古痕从身体上消散的瞬间
8-16.txt,95,津名川◇あの,荒山の言葉が本当だとすれば<BR>確かめに戻らなくてはいけない,如果荒山说的是真的<BR>我就必须回去确认一下
8-16.txt,97,津名川◇それには,"それには危険が伴うだろう,.<BR>自分にも...　そしてこの子達にも","那一定会伴随危险吧,<BR>对我自己･･････ 对这些孩子们也是"
8-16.txt,129,沙友◇せんせ,<TYPE interval=40>せんせ！,<TYPE interval=40>老师！
8-16.txt,135,沙友◇さゆ,<TYPE interval=40>さゆがんばる<BR>..つよくなる,<TYPE interval=40>沙友会加油的<BR>･･････变得更强
8-16.txt,139,透花◇わ,<TYPE interval=40>わ　..私も..<BR>もっと強くなります,<TYPE interval=40>我 ･･････我也･･････<BR>会变得更加坚强
8-16.txt,145,エマ◇ああ,<TYPE interval=40>ああ　もう,<TYPE interval=40>啊啊 真是的
8-16.txt,151,エマ◇もう,<TYPE interval=40>私が一番<BR>強くなるんだからぁ,<TYPE interval=40>我才是<BR>会变得最强的呢
8-16.txt,171,津名川◇ははは,ははは<TYPE interval=30>･･･</TYPE>..ありがとう,哈哈哈<TYPE interval=30>･･････</TYPE>･･････谢谢你们
8-16.txt,175,津名川◇だけど,だけど僕は..お前達を<BR>荒山のようにはしたくないんだ,但是我･･････不想让你们<BR>变成荒山那样
8-17.txt,57,品藤セリフ◇どうした,<B><FONT size=18>どうしたの！？,<B><FONT size=18>怎么回事！？
8-17.txt,62,スタッフAセリフ◇軍です,"軍です！　,軍が地下車庫側<BR>エレベーターから<TYPE interval=30>･･･",是军队！军队从地下车库侧<BR>的电梯攻进来了<TYPE interval=30>･･････
8-17.txt,70,スタッフAセリフ◇あっ,あっ　..今東側格納庫も<BR>破られました！,啊･･････东侧格纳库现在也<BR>被攻破了！
8-17.txt,92,品藤セリフ◇どうやら,どうやらとうとう軍は　..私達に<BR>見切りをつけたようね<TYPE interval=80>･･･,看来军队终究还是･･････<BR>对我们死心了呢<TYPE interval=80>･･････
8-17.txt,96,品藤セリフ◇各ブロック,各ブロックの警備員はCクラス装備<BR>その他の研究員達は身近な<BR>シェルターに避難を指示しなさい,各区块的警卫换装C级装备<BR>其余研究员指示他们<BR>前往就近的避难所避难
8-17.txt,102,オペレータセリフ◇はい,<TYPE interval=0>はっ,<TYPE interval=0>是！
8-17.txt,106,品藤セリフ◇避難の,避難の指示が済み次第<BR>..ここも破棄,避难指示下达完毕后<BR>･･････这里也要放弃
8-17.txt,112,品藤セリフ◇後は,後は私の代理として<BR>赤月を立てますので<BR>..彼の指示に従うこと,之后我会<BR>让赤月作为我的代理<BR>･･････你们要听从他的指示
8-17.txt,137,赤月セリフ◇品藤部長,<FONT size=18><B>品藤部長は！？,<FONT size=18><B>品藤部长呢！？
8-17.txt,141,品藤セリフ◇私は,私はグラハム氏を<BR>保護しに行きます,我去保护<BR>格拉汉姆先生
8-17.txt,145,品藤セリフ◇３人,３人ほどついてきなさい,带三个人跟我来
8-17.txt,149,スタッフセリフ◇はい,はい,是
8-17.txt,169,赤月セリフ◇わかりました,"分かりました　,.お気をつけて<BR>,.５０５シェルターで会いましょう",明白了，请多加小心<BR>･･････我们在505避难所汇合
8-17.txt,173,品藤セリフ◇ええ,<TYPE interval=30>･･･</TYPE>ええ,<TYPE interval=30>･･････</TYPE>嗯
8-18.txt,30,倉巳セリフ◇何が,何が..起こったって<BR>言うんだ<TYPE interval=20>･･･</TYPE>？,到底･･････发生了什么事<BR>你说<TYPE interval=20>･･････</TYPE>？
8-19.txt,25,部下セリフ◇品藤,品藤部長　..こっちは<BR>グラハム氏の部屋の方では<BR>無いようですが<TYPE interval=30>……,品藤部长･･････这边<BR>好像不是<BR>格拉汉姆先生的房间<TYPE interval=30>･･････
8-19.txt,30,部下セリフ◇ええ,"ええ　,そうよ",是的，没错。
8-19.txt,34,部下セリフ◇えっ,えっ<TYPE style=OffCenter>？,诶<TYPE style=OffCenter>？
8-19.txt,62,兎セリフ◇こんな時,"おさんぽかい？,<BR>部長さん","出来散步吗,<BR>部长。"
8-19.txt,73,品藤セリフ◇こんな時,こんな時に冗談は止めて<BR>マーチ,这种时候就别开玩笑了<BR>玛奇
8-19.txt,77,兎セリフ◇まあ,"まあいいさ<BR>,さて.グラハムは何処だい？",算了。<BR>话说，格拉汉姆在哪？
8-19.txt,90,品藤セリフ◇いつもの,"いつもの部屋にいると思う,..<BR>第７層の一番奥の部屋","应该在平时的房间,<BR>第7层最里面的那间。"
8-19.txt,94,品藤セリフ◇だけど,だけど勘が鋭い人だから<BR>..私の離反にも気付いているだろうし<BR>..もういないかもしれない,"不过他直觉敏锐,<BR>应该已经察觉到我的叛离了,<BR>可能已经不在那了。"
8-19.txt,103,兎セリフ◇君が,君が逃がしたというわけ<BR>ではないだろうね,又不是你把他放跑的<BR>吧。
8-19.txt,108,品藤セリフ◇馬鹿,馬鹿言わないで,别胡扯了
8-19.txt,112,兎セリフ◇結構,結構,行吧。
8-19.txt,129,兎セリフ◇さて,さて　..君はどうする,话说回来，你打算怎么办？
8-19.txt,133,品藤セリフ◇聞く,聞くまでも無い<BR>ことでしょう,这<BR>还用问吗。
8-19.txt,137,品藤セリフ◇必要な,必要な荷物をまとめて<BR>..軍に戻るわ,"收拾好必要的行李,<BR>回军队。"
8-19.txt,150,兎セリフ◇それなら,それならいい,那就好。
8-19.txt,154,兎セリフ◇それに,"それにしても<BR>あっさりしているね,..エイプリル<BR>,..長年勤めたここを裏切るというのに","不过你还真是干脆啊,<BR>艾普丽尔,<BR>明明要背叛效力多年的地方。"
8-19.txt,158,品藤セリフ◇沈黙,<TYPE interval=30>･･････,<TYPE interval=30>･･････
8-19.txt,191,兎セリフ◇複雑な,<TYPE interval=30>･･･</TYPE>複雑な気分だろうなぁ<BR>..仮とはいえ自分の“家”が<BR>なくなるのはな,<TYPE interval=30>･･････</TYPE>心情应该很复杂吧。<BR>就算是名义上的，自己的“家”<BR>要没了啊。
8-19.txt,195,品藤セリフ◇そんなん,そんなんじゃないわ,才不是那样。
8-19.txt,199,兎セリフ◇そうかい,そうかい？,是吗？
8-19.txt,212,兎セリフ◇まぁ,まぁいい　..オレはオレの<BR>仕事をするだけだ,算了，我只是做<BR>我的工作而已。
8-19.txt,216,品藤セリフ◇忙しい,忙しいのね,你很忙呢。
8-19.txt,235,兎セリフ◇まだ,まだ色々と仕事が<BR>残っているもんでね,还有很多工作<BR>没做完呢。
8-19.txt,239,兎セリフ◇この分,この分だとしばらく休暇は<BR>もらえそうに無い,照这样下去，恐怕暂时<BR>休不了假了。
8-19.txt,243,品藤セリフ◇私たち,"私たちには最初から,..<BR>休暇なんて無いわ",我们从一开始，就<BR>没有休假这种东西。
8-19.txt,247,兎セリフ◇そうだな,そうだな,也是。
8-19.txt,262,品藤セリフ◇ま,"ま　..今日くらいは貰うけどね,..",不过今天还是会休一下的。
8-19.txt,266,品藤セリフ◇それじゃ,"それじゃ　..マーチ<BR>,..　また後で","那，马奇,<BR>回头见。"
8-19.txt,270,品藤セリフ◇ああ,ああ　..またな,啊，回头见。
8-20.txt,13,品藤セリフ◇最後の,最後の大仕事<TYPE interval=30>･･･</TYPE>か<TYPE interval=30>･･･,最后的大任务<TYPE interval=30>･･････</TYPE>吗<TYPE interval=30>･･････
8-20.txt,46,品藤セリフ◇覚悟は,<FONT size=20>覚悟は<TYPE interval=30>･･･...</TYPE>ずっと前からできている,<FONT size=20>觉悟<TYPE interval=30>･･･...</TYPE>早就已经做好了
8-20.txt,50,品藤セリフ◇これが,"<FONT size=20>これがおそらく,最後になるだろう,..",<FONT size=20>这大概，就是最后一次了吧...
8-20.txt,55,品藤セリフ◇だけど良い,"<FONT size=20>だけど良い　..,もう私には,時間さえも<BR>残されていないのだから",<FONT size=20>但这样也好  ...我已经，连时间都<BR>所剩无几了
8-20.txt,72,品藤セリフ◇ぐっ,ぐっ･･･,唔･･････
8-20.txt,79,品藤セリフ◇急がないと,･･････急がないとね,･･････得抓紧了呢
8-20.txt,102,品藤セリフ◇さて,"さて行くわよ　,品藤聡美",好了，出发吧，品藤聪美
8-20.txt,106,品藤セリフ◇エイプリル,エイプリルは今日<BR>お休みなんだからね,艾普丽尔今天<BR>休息哦
8-21.txt,13,スパッドセリフ◇最後の,"お休みに　..最後の大仕事か<TYPE interval=30>･･････,</TYPE><BR>皮肉のつもりかな？",休假时 ･･････最后的大任务吗<TYPE interval=30>･･････</TYPE><BR>是在讽刺我吗？
8-21.txt,17,兎セリフ◇いえ,彼女なら　..そうかも<BR>しれませんね,如果是她的话 ･･････也许<BR>会呢。
8-21.txt,28,スパッドセリフ◇それに,それにしても惜しいな<TYPE interval=30>.･.･.･,话说回来，真可惜啊<TYPE interval=30>･･････
8-21.txt,32,兎セリフ◇それは,"それは.エージェントとしてですかね<BR>,.それとも･･･,<BR>女としてですかね",那是。作为特工呢<BR>还是说･･････<BR>作为女人呢？
8-21.txt,43,スパッドセリフ◇愚問,"愚問だな,..<BR>両方だよ",真是蠢问题啊･･････<BR>两者都是。
8-21.txt,47,兎セリフ◇ハハハ,ハハハ,哈哈哈
8-21.txt,51,兎セリフ◇それでは,それでは　..私は<BR>仕事にかかります,那么 ･･････我<BR>要开始工作了。
8-21.txt,64,スパッドセリフ◇期待,期待していいかな....　マーチ,可以期待吗･･････ 马奇
8-21.txt,68,兎セリフ◇それこそ,それこそ問うまでも<BR>ないでしょう,那更是无需多问<BR>了吧。
8-22.txt,39,津名川セリフ◇どうやら,"どうやら,<BR>誰もいないようだな","看来,<BR>没人啊。"
8-22.txt,51,透花セリフ◇こっちに,こっちにも<BR>いませんでした,这边也<BR>没找到人。
8-22.txt,56,沙友セリフ◇さゆ,<FONT face='G'>さゆのみたとこも,<FONT face='G'>沙友看的地方也
8-22.txt,61,エマセリフ◇一階,一階にも誰も,一楼也谁都没有
8-22.txt,79,津名川セリフ◇そうか,そうか,这样啊
8-22.txt,83,津名川セリフ◇じゃ,"じゃ、みんな,..<BR>荷物を詰めなさい",那么，大家･･････<BR>收拾行李吧
8-22.txt,87,津名川セリフ◇じゃ2,そうしたらここを<BR>本格的に出るからね,收拾完我们就<BR>正式离开这里
8-22.txt,100,沙友セリフ◇もー,<FONT face='G'>もーここには<BR>こないーんですか<TYPE style=Jump>？,<FONT face='G'>那、那以后就<BR>不回来了吗<TYPE style=Jump>？
8-22.txt,104,津名川セリフ◇そうだね,"そうだね<BR>,..ここも良い場所だったけど..,<BR>もうここには住めないだろうね","是啊,<BR>･･････这里虽然是个好地方･･････<BR>但已经不能再住下去了呢"
8-22.txt,115,透花セリフ◇残念,残念ですね<TYPE interval=30>･･････,真遗憾呢<TYPE interval=30>･･････
8-22.txt,122,エマセリフ◇でも,でも　..次の場所も<BR>楽しみじゃない？,不过･･････下一个地方<BR>不也很让人期待吗？
8-22.txt,129,沙友セリフ◇さゆは,<FONT face='G'>さゆはたのしみ<TYPE style=Spring interval=500 speed=500>ー,<FONT face='G'>沙友好期待<TYPE style=Spring interval=500 speed=500>〜
8-22.txt,133,透花セリフ◇もう,もう<TYPE interval=30>･･････</TYPE>エマと沙友は<BR>情緒ってものが<BR>ないのかしら<TYPE interval=30>･･････？,真是的<TYPE interval=30>･･････</TYPE>艾玛和沙友<BR>难道一点<BR>感伤的情绪都没有吗<TYPE interval=30>･･････？
8-22.txt,155,エマセリフ◇なーい,<FONT size=20><B>なーいもーん,<FONT size=20><B>没有就是没有
8-22.txt,159,沙友セリフ◇ない,<FONT size=20 face='G'>ないもんー,<FONT size=20 face='G'>没有嘛〜
8-22.txt,163,透花セリフ◇沈黙,<TYPE interval=50>･･････,<TYPE interval=50>･･････
8-22.txt,171,津名川セリフ◇あはは,あはははは<TYPE interval=30>･･････,啊哈哈哈哈<TYPE interval=30>･･････
8-22.txt,203,津名川セリフ◇誰だ,<TYPE interval=30>･･････</TYPE>誰だろう？,<TYPE interval=30>･･････</TYPE>是谁？
8-23.txt,15,津名川セリフ◇誰だ,誰だ？,谁啊？
8-23.txt,20,品藤セリフ◇津名川,"津名川君？,<BR><TYPE interval=40>やっぱりそこにいたのね？",津名川君？<BR><TYPE interval=40>果然你在那儿啊？
8-23.txt,34,津名川セリフ◇品藤,<TYPE interval=20>品藤！？,<TYPE interval=20>品藤！？
8-23.txt,38,津名川セリフ◇大丈夫か,"<TYPE interval=40>大丈夫か！？,.<BR>いまどこにいるんだ！？,<BR>古痕が<TYPE interval=30>･･･</TYPE>軍に攻撃を<BR>受けているらしいじゃないか！",<TYPE interval=40>你没事吧！？<BR>你现在在哪儿！？<BR>古痕好像<TYPE interval=30>･･････</TYPE>遭到<BR>军队的攻击了！
8-23.txt,55,品藤セリフ◇渡したい,<TYPE interval=40>渡したいものがあるの<BR>..1時間後に第18番格納庫前に来て,<TYPE interval=40>我有东西要交给你<BR>･･････1小时后到第18号格纳库前面来
8-23.txt,59,津名川セリフ◇渡したい,渡したいもの?,要给我的东西？
8-23.txt,63,品藤セリフ◇時間が,"<B><FONT size=18>時間が無いのよ,..<BR>早く！","<B><FONT size=18>没时间了,<BR>快点！"
8-23.txt,67,津名川セリフ◇あ,"あ　..ああ<BR>,.わかったよ　..品藤",啊･･････啊<BR>我知道了･･････品藤。
8-23.txt,84,品藤セリフ◇それじゃ,それじゃ　..また後で...<BR>そのときに詳しく話しましょう,那･･････回头见･･････<BR>到时候再详细说吧。
8-23.txt,88,津名川セリフ◇あ,ああ　..それじゃ,嗯･･････那就这样。
8-23.txt,118,沙友セリフ◇しなふじ,<FONT face='G'>しなふじさんー<BR>だたーんですかー,<FONT face='G'>品藤小姐〜<BR>是去见她吗〜
8-23.txt,122,津名川セリフ◇あ,あ　..ああ<TYPE interval=30>･･････,啊･･････嗯<TYPE interval=30>･･････
8-23.txt,134,透花セリフ◇それじゃ,それじゃ,那走吧。
8-23.txt,139,透花セリフ◇今から,今から..品藤さんに<BR>会いに行くんですか？,现在开始..<BR>要去见品藤先生吗？
8-23.txt,143,津名川セリフ◇ああ,"うん...　ちょっと急ぎのようだ,.<BR>さ　..みんなも用意して",嗯･･････好像挺急的。<BR>大･･････大家也准备一下。
8-23.txt,166,エマセリフ◇そーじ,"そーじさん,..<BR>用意なんて無いと思うよ","宗慈先生,<BR>我觉得没什么好准备的哦。"
8-23.txt,170,津名川セリフ◇あっ,あっ　..そうだね,啊･･････也是呢。
8-23.txt,174,津名川セリフ◇それじゃ,それじゃ行こうか,那走吧。
8-23.txt,188,３人セリフ◇はーい,<FONT size=26 face=G>はーい,<FONT size=26 face=G>好〜
8-24.txt,11,赤目◇品藤,品藤,品藤
8-24.txt,42,品藤◇津名,<TYPE interval=40>津名<TYPE interval=20>･･･</TYPE>か<TYPE interval=30>･･･</TYPE>！？</TYPE>,<TYPE interval=40>津名<TYPE interval=20>･･････</TYPE>吗<TYPE interval=30>･･････</TYPE>！？</TYPE>
8-24.txt,53,品藤◇マーチ,マーチ<TYPE interval=40>･･･,马奇<TYPE interval=40>･･････
8-24.txt,98,品藤◇ぐ,<TYPE style='Fade'>ぐっ<TYPE interval=30>･･･</TYPE>...あ<TYPE interval=30>･･･</TYPE>..う<TYPE interval=30>･･･</TYPE>,<TYPE style='Fade'>唔<TYPE interval=30>･･････</TYPE>･･････啊<TYPE interval=30>･･････</TYPE>･･････呜<TYPE interval=30>･･････</TYPE>
8-24.txt,114,赤目◇ご苦労,ご苦労さん,辛苦了
8-24.txt,118,品藤◇なぜ,<FONT size=14><TYPE style='Fade'>なぜ<TYPE interval=40>･･････,<FONT size=14><TYPE style='Fade'>为什么<TYPE interval=40>･･････
8-24.txt,122,赤目◇最後の,“最後の大仕事”ってやつさ,这就是所谓的“最后的大事业”啊
8-24.txt,126,赤目◇全てを,全てを消すんだよ...<BR>君の大好きな津名川くんのね,要把一切都抹除哦･･････<BR>把你最心爱的津名川给抹除掉哦
8-24.txt,140,品藤◇くっ,<FONT size=14><TYPE style='Fade'>くっ<TYPE interval=30>･･･</TYPE></TYPE>,<FONT size=14><TYPE style='Fade'>呜<TYPE interval=30>･･････</TYPE></TYPE>
8-24.txt,144,赤目◇惜しい,惜しい<TYPE interval=30>･･･</TYPE>....<BR>本当に惜しいよ,真可惜<TYPE interval=30>･･････</TYPE>･･････<BR>真是太可惜了
8-24.txt,148,赤目◇オレ,オレも君はお気に入り<BR>だったんだ,我也曾<BR>挺中意你的
8-24.txt,159,赤目◇だが,だが君は自分勝手に<BR>動きすぎた,但你却太过<BR>自作主张了
8-24.txt,163,赤目◇お人形,お人形はお人形のままで<BR>いればよかったんだ,人偶就该乖乖<BR>当个人偶就好了
8-24.txt,189,津名川◇品藤,<FONT face='G' size=26>品藤！,<FONT face='G' size=26>品藤！
8-24.txt,201,兎◇ふふふ,<FONT size=16>ふ</FONT><FONT size=18>ふ</FONT><FONT size=20>ふ</FONT><TYPE interval=30>･･････</TYPE>....<BR><FONT size=24>ははは！！！,<FONT size=16>呵</FONT><FONT size=18>呵</FONT><FONT size=20>呵</FONT><TYPE interval=30>･･････</TYPE>･･････<BR><FONT size=24>哈哈哈！！！
8-24.txt,219,赤目◇おっと,おっと..　ようやく主賓が<BR>到着したようだね<TYPE interval=40>･･････,哎呀･･････主宾终于<BR>到了呢<TYPE interval=40>･･････
8-25.txt,8,沙友◇しなふじ,しなふじ<TYPE interval=30>･･･</TYPE>さん,品藤<TYPE interval=30>･･････</TYPE>小姐
8-25.txt,10,エマ◇血,血..　血が<TYPE interval=30>･･･,血･･････ 血･･････<TYPE interval=30>･･････
8-25.txt,12,透花◇ひどい,ひどい<TYPE interval=40>･･････,太残忍了<TYPE interval=40>･･････
8-25.txt,46,品藤◇津名,<FONT size=14><TYPE style='Fade'>津名<TYPE interval=30>･･･</TYPE>川<TYPE interval=30>･･･</TYPE>くん....<BR>ご<TYPE interval=30>･･･</TYPE>めん<TYPE interval=30>･･･</TYPE>な<TYPE interval=30>･･･</TYPE>さい<TYPE interval=30>･･･</TYPE></TYPE>,<FONT size=14><TYPE style='Fade'>津名<TYPE interval=30>･･････</TYPE>川<TYPE interval=30>･･････</TYPE>君･･････<BR>对<TYPE interval=30>･･････</TYPE>不<TYPE interval=30>･･････</TYPE>起<TYPE interval=30>･･････</TYPE>了<TYPE interval=30>･･････</TYPE></TYPE>
8-25.txt,51,津名川◇品藤,<TYPE interval=30>品藤..　喋るな,<TYPE interval=30>品藤･･････ 别说了
8-25.txt,55,品藤◇私,"<FONT size=14><TYPE style='Fade'>私<TYPE interval=30>･･･</TYPE>..あなたを騙してた,..<BR>だけど<TYPE interval=40>･･････</TYPE>.もう<TYPE interval=40>･･････",<FONT size=14><TYPE style='Fade'>我<TYPE interval=30>･･････</TYPE>･･････ 一直骗了你･･････<BR>但是<TYPE interval=40>･･････</TYPE>･･････ 已经<TYPE interval=40>･･････
8-25.txt,72,津名川◇なんで,なんで<TYPE interval=30>･･･</TYPE>こんなこと<TYPE interval=30>･･･,为什么<TYPE interval=30>･･････</TYPE>会变成这样<TYPE interval=30>･･････
8-25.txt,76,品藤◇ガン,<FONT size=14><TYPE style='Fade'><TYPE interval=30>･･･</TYPE>ガンなの<TYPE interval=30>･･･,<FONT size=14><TYPE style='Fade'><TYPE interval=30>･･････</TYPE>是癌症<TYPE interval=30>･･････
8-25.txt,81,品藤◇どうせ,<FONT size=14><TYPE style='Fade'><TYPE interval=30>･･････</TYPE>どうせもう<BR>長くないのよ<TYPE interval=40>･･･,<FONT size=14><TYPE style='Fade'><TYPE interval=30>･･････</TYPE>反正也<BR>没多少日子了<TYPE interval=40>･･････
8-25.txt,102,品藤◇やっと,"<FONT size=14><TYPE style='Fade'>やっとわかったの<BR>,..100年も100日も<BR>変わらないのよ",<FONT size=14><TYPE style='Fade'>我终于明白了<BR>･･････ 无论是100年还是100天<BR>都不会改变的
8-25.txt,107,品藤◇終わり,<FONT size=14><TYPE style='Fade'>終わりの日を考えて生きれば<TYPE interval=40>･･････</TYPE>....<BR>痛いほど今の大事さがわかるの<TYPE interval=40>･･････,<FONT size=14><TYPE style='Fade'>如果想着终焉之日而活下去<TYPE interval=40>･･････</TYPE>･･････<BR>就会痛切地体会到当下有多么珍贵<TYPE interval=40>･･････
8-25.txt,112,津名川◇品藤,品藤<TYPE interval=40>･･････</TYPE><BR>もう<TYPE interval=40>･･････</TYPE>,品藤<TYPE interval=40>･･････</TYPE><BR>已经<TYPE interval=40>･･････</TYPE>
8-25.txt,125,品藤◇ふふ,<FONT size=14><TYPE style='Fade'>ふふ<TYPE interval=30>･･････</TYPE>....<BR>あなた..　自分がばかみたいに<BR>ロマンチストだって知ってる？,<FONT size=14><TYPE style='Fade'>呵呵<TYPE interval=30>･･････</TYPE>･･････<BR>你･･････知不知道<BR>自己像个傻瓜似的浪漫主义者？
8-25.txt,130,品藤◇普通,<FONT size=14><TYPE style='Fade'>普通の男は<BR>そんなじゃないのよ,<FONT size=14><TYPE style='Fade'>普通的男人<BR>可不会这样
8-25.txt,135,津名川◇無言,<TYPE interval=40>･･････,<TYPE interval=40>･･････
8-25.txt,154,品藤◇一緒に,<FONT size=14><TYPE style='Fade'>一緒にいても離れていても.<BR>どっちにしろ私は死んじゃうんだし,"<FONT size=14><TYPE style='Fade'>无论在一起还是分开,<BR>反正我都要死了"
8-25.txt,159,品藤◇それなら,<FONT size=14><TYPE style='Fade'>それなら　..辛い人が<BR>少ない方がいいなって思っ<TYPE interval=30>･･･</TYPE>.て,<FONT size=14><TYPE style='Fade'>既然如此･･････ 我就想着<BR>痛苦的人<TYPE interval=30>･･････</TYPE>･･････ 越少越好
8-25.txt,164,津名川◇そんな,<TYPE interval=30>･･････</TYPE>そんな事,<TYPE interval=30>･･････</TYPE>没那种事
8-25.txt,191,品藤◇どうした,<FONT size=14><TYPE style='Fade'><TYPE interval=30>･･････</TYPE>どうしたのよ..<BR>泣きそうな顔して<TYPE interval=30>･･････,<FONT size=14><TYPE style='Fade'><TYPE interval=30>･･････</TYPE>怎么了･･････<BR>一副快要哭出来的表情<TYPE interval=30>･･････
8-25.txt,198,津名川◇バカだよ,バカだよ<TYPE interval=30>･･･,你才是笨蛋<TYPE interval=30>･･････
8-25.txt,208,品藤◇すごく,<FONT size=14><TYPE style='Fade'>すごく<TYPE interval=40>･･････</TYPE>..<BR>考えたのよ<TYPE interval=40>･･････</TYPE>..これでも,<FONT size=14><TYPE style='Fade'>我可是<TYPE interval=40>･･････</TYPE>･･････<BR>认真考虑过的<TYPE interval=40>･･････</TYPE>･･････ 即便如此
8-25.txt,213,品藤◇感情,<FONT size=14><TYPE style='Fade'>感情にまかせて<BR>人を傷つけるのはもう嫌,<FONT size=14><TYPE style='Fade'>任由感情驱使<BR>去伤害别人，我已经受够了
8-25.txt,218,品藤◇理性,<FONT size=14><TYPE style='Fade'>理性で諦めるのも嫌,<FONT size=14><TYPE style='Fade'>用理性去放弃，我也讨厌
8-25.txt,223,品藤◇欲望,<FONT size=14><TYPE style='Fade'>欲望ですり替えて<BR>忘れてしまうのも<TYPE interval=40>･･････,<FONT size=14><TYPE style='Fade'>用欲望去掩盖<BR>然后将其遗忘，也<TYPE interval=40>･･････
8-25.txt,239,品藤◇だから,<FONT size=14><TYPE style='Fade'><TYPE interval=30>･･････</TYPE>だから私はあなたを<BR>ひっそり愛すの,<FONT size=14><TYPE style='Fade'><TYPE interval=30>･･････</TYPE>所以我选择<BR>默默地爱你
8-25.txt,244,品藤◇それで,<FONT size=14><TYPE style='Fade'>それでいいの,<FONT size=14><TYPE style='Fade'>这样就好了
8-25.txt,254,品藤◇誇り,<FONT size=14><TYPE style='Fade'>誇りを持って<BR>生きられるように<TYPE interval=40>･･････,<FONT size=14><TYPE style='Fade'>为了能够骄傲地<BR>活下去<TYPE interval=40>･･････
8-25.txt,256,品藤◇後悔,<FONT size=14><TYPE style='Fade'>後悔しないように.<BR>って思ったから<TYPE interval=40>･･････,"<FONT size=14><TYPE style='Fade'>为了不留下遗憾,<BR>我是这么想的<TYPE interval=40>･･････"
8-25.txt,258,品藤◇だから,<FONT size=14><TYPE style='Fade'>だから<TYPE interval=40>･･････</TYPE>..今　..そういう<BR>自分を好きになれるの,<FONT size=14><TYPE style='Fade'>所以<TYPE interval=40>･･････</TYPE>･･････ 现在的我<BR>能够喜欢上･･････ 这样的自己了
8-25.txt,287,品藤◇これを,<FONT size=14><TYPE style='Fade'>これを<TYPE interval=40>･･･,<FONT size=14><TYPE style='Fade'>把这个<TYPE interval=40>･･････
8-25.txt,309,品藤◇津名,"<FONT size=20 color=white><TYPE style='Fade' interval=80>津名川くん<TYPE interval=40>･･･</TYPE>...ありがとう<TYPE interval=40>･･･</TYPE>,<BR>最後にあなたに会えてよかった。","<FONT size=20 color=white><TYPE style='Fade' interval=80>津名川君<TYPE interval=40>...</TYPE>...谢谢你<TYPE interval=40>...</TYPE>,<BR>最后能见到你一面真是太好了。"
8-25.txt,317,品藤◇いろんな,"<FONT size=20 color=white><TYPE style='Fade' interval=80>いろんな事があったし<TYPE interval=40>･･････</TYPE>..<BR>いろんな人を愛したけど、,..<BR><FONT size=14>　</FONT><BR>津名川くん、...あなたと<TYPE interval=40>･･･</TYPE>会えたおかげで、..<BR>いま<TYPE interval=40>･･････</TYPE>、.いい人生だったって思える<TYPE interval=40>･･････</TYPE>。",<FONT size=20 color=white><TYPE style='Fade' interval=80>这一路经历了各种各样的事<TYPE interval=40>...</TYPE>...<BR>也爱过形形色色的人...<BR><FONT size=14> </FONT><BR>津名川君...正因为能和你<TYPE interval=40>...</TYPE>相遇...<BR>现在<TYPE interval=40>...</TYPE>我才能觉得<TYPE interval=40>...</TYPE>自己度过了美好的一生。
8-25.txt,325,品藤◇本当に,"<FONT size=20 color=white><TYPE style='Fade' interval=90>本当に<TYPE interval=40>･･････</TYPE>いい人生だった<TYPE interval=40>･･････</TYPE>って<TYPE interval=40>･･････</TYPE>。,..<BR>ありがと<TYPE interval=40>･･････</TYPE>、つなか<TYPE interval=40>･･････</TYPE>くん。",<FONT size=20 color=white><TYPE style='Fade' interval=90>真的<TYPE interval=40>...</TYPE>觉得这一生很美好<TYPE interval=40>...</TYPE>呢<TYPE interval=40>...</TYPE>...<BR>谢谢你<TYPE interval=40>...</TYPE>津名川<TYPE interval=40>...</TYPE>君。
8-25.txt,335,品藤◇ほんとう,<FONT size=20 color=white><TYPE style='Fade' interval=100>ほんとうに、..ありがとう<TYPE interval=50>･･････,<FONT size=20 color=white><TYPE style='Fade' interval=100>真的...谢谢你<TYPE interval=50>...
8-26.txt,15,津名川セリフ◇し,"し<TYPE interval=30>･･･</TYPE>な<TYPE interval=30>･･･,</TYPE>ふ<TYPE interval=30>･･･..</TYPE>じ<TYPE interval=30>.･.･.･",品<TYPE interval=30>･･････</TYPE>藤<TYPE interval=30>･･････</TYPE>小<TYPE interval=30>･･････</TYPE>姐<TYPE interval=30>･･････
8-26.txt,24,エマセリフ◇品藤,品藤さん<TYPE interval=30>･･･,品藤小姐<TYPE interval=30>･･････
8-26.txt,29,透花セリフ◇いやぁ,いやぁ,哎呀呀
8-26.txt,34,沙友セリフ◇沈黙,<TYPE interval=30>･･･,<TYPE interval=30>･･････
8-26.txt,42,兎セリフ◇お別れ,さて...<BR>　お別れは.すんだかい？,那么･･････<BR>　告别结束了吗？
8-26.txt,44,兎セリフ◇そんなに,"<TYPE interval=50>そんなに悲しまないでくれよ<BR>,.すぐに.同じ場所に.送ってあげるからさ",<TYPE interval=50>别那么伤心嘛<BR>马上就把你们送到同一个地方去
8-26.txt,60,津名川セリフ◇貴様,<FONT size=26>貴様ぁ！,<FONT size=26>你这家伙！
8-26.txt,102,兎セリフ◇はっ,はっ,呵
8-26.txt,105,兎セリフ◇はっ2,<TYPE interval=40>そんな君のへなちょこ弾なんて<BR>.　　あたらんさ,<TYPE interval=40>就凭你那种软绵绵的子弹<BR>可打不中我啊
8-26.txt,109,兎セリフ◇問題は,<TYPE interval=50>問題は.お嬢さん方だね,<TYPE interval=50>问题在于。那些大小姐们啊
8-26.txt,117,沙友セリフ◇しな,しなふじさぁぁぁん,品藤小姐啊啊啊
8-26.txt,121,透花セリフ◇なんなの,"なんなの<TYPE interval=30>･･･</TYPE>,..<BR>なんなのよ",搞什么啊<TYPE interval=30>･･････</TYPE>･･････<BR>搞什么嘛
8-26.txt,125,エマセリフ◇ゆ,ゆ<TYPE interval=30>･･･</TYPE>る<TYPE interval=30>･･･</TYPE>さない<TYPE interval=30>･･･,绝<TYPE interval=30>･･････</TYPE>不<TYPE interval=30>･･････</TYPE>原谅<TYPE interval=30>･･････
8-26.txt,131,兎セリフ◇くくく,"<TYPE interval=40>くくく･.･.･,久しぶりだね.<BR>お嬢さん方","<TYPE interval=40>库库库･.･.･,好久不见了啊.<BR>大小姐们"
8-26.txt,135,兎セリフ◇今回は,<TYPE interval=40>今回は.この前のようには<BR>いかないよ,<TYPE interval=40>这次可不会像上次那样<BR>轻易放过你们了
8-26.txt,143,エマセリフ◇許さない,<FONT size=12>許･.･.･さない･.･.･,<FONT size=12>绝･.･.･不原谅･.･.･
8-26.txt,146,エマセリフ◇許さない2,<FONT size=48><TYPE interval=0>許さない！,<FONT size=48><TYPE interval=0>绝不原谅！
8-26.txt,171,兎セリフ◇！？,<TYPE interval=30>･･･</TYPE>！？,<TYPE interval=30>･･･</TYPE>！？
8-26.txt,175,兎セリフ◇なんだ,な　..なんだ　..<TYPE interval=30>こんなのは<BR>聞いてないぞ<TYPE interval=30>･･･,怎、怎么回事　..<TYPE interval=30>这种事<BR>我可没听说过<TYPE interval=30>･･･
8-26.txt,183,エマセリフ◇ぅあ,<FONT size=32><TYPE interval=0>ぅああああ,<FONT size=32><TYPE interval=0>呜啊啊啊啊
8-26.txt,204,兎セリフ◇やばい,<TYPE interval=30>くっ<BR>.よけれ――,<TYPE interval=30>唔<BR>.躲开——
8-26.txt,225,兎セリフ◇ぐあ,<TYPE interval=0>ぐあっ！！！,<TYPE interval=0>咕啊！！！
8-26.txt,233,兎セリフ◇ぐ,ぐ<TYPE interval=30>･･････,咕<TYPE interval=30>･･････
8-26.txt,239,兎セリフ◇なるほど,<TYPE interval=100>なるほど　..<TYPE interval=30>これがあの方が<BR>言っていた力か<TYPE interval=30>･･･,<TYPE interval=100>原来如此 ..<TYPE interval=30>这就是那位大人<BR>所说的力量吗<TYPE interval=30>･･･
8-26.txt,245,兎セリフ◇ならば,<TYPE interval=30>ならば.わざわざ<BR>.あの方に手間を掛けさせる<BR>事は無い　..か,<TYPE interval=30>既然如此.倒也不用特意<BR>.去给那个人添麻烦<BR>了 ..吧
8-26.txt,248,兎セリフ◇ここで,<TYPE interval=30>･･････ここで.始末しとこう,<TYPE interval=30>･･････就在这里.解决掉吧
8-26.txt,267,透花セリフ◇はぁっ,<FONT size=32><TYPE style=Stretch interval=70 speed=100>はぁあああ！！,<FONT size=32><TYPE style=Stretch interval=70 speed=100>哈啊啊啊！！
8-26.txt,273,兎セリフ◇はっ,はっ,呵
8-26.txt,277,兎セリフ◇所詮,所詮は力だけ――,到头来也只有点傻劲儿——
8-26.txt,298,エマセリフ◇た,<FONT size=32>たああっ！,<FONT size=32>呀啊啊啊！
8-26.txt,303,兎セリフ◇！,<FONT size=32>！,<FONT size=32>！
8-26.txt,325,兎セリフ◇ぐはっ,<FONT size=24>ぐはぁっ！,<FONT size=24>咕哈啊！
8-26.txt,332,兎セリフ◇く,くっ,唔･･････
8-26.txt,376,選択肢◆エマ,<FONT color=red size=24>エマ！,<FONT color=red size=24>艾玛！
8-26.txt,377,選択肢◆透花,<FONT color=red size=24>透花！,<FONT color=red size=24>透花！
8-26.txt,378,選択肢◆沙友,<FONT color=red size=24>沙友！,<FONT color=red size=24>沙友！
8-26.txt,393,津名◇選択,<FONT size=28>エマ！,<FONT size=28>艾玛！
8-26.txt,402,兎セリフ◇ふふ,ふ.ふ.<TYPE interval=30>･･････,呵。呵。<TYPE interval=30>･･････
8-26.txt,408,Xセリフ◇ふふ,<FONT size=24>クゥッ！,<FONT size=24>唔啊！
8-26.txt,434,津名◇選択,<FONT size=28>透花！,<FONT size=28>透花！
8-26.txt,443,兎セリフ◇ふふ,ふ.ふ.<TYPE interval=30>･･････,呵。呵。<TYPE interval=30>･･････
8-26.txt,449,Xセリフ◇ふふ,<FONT size=24>クゥッ！,<FONT size=24>唔啊！
8-26.txt,475,津名◇選択,<FONT size=28>沙友！,<FONT size=28>沙友！
8-26.txt,484,兎セリフ◇ふふ,ふ.ふ.<TYPE interval=30>･･････,呵。呵。<TYPE interval=30>･･････
8-26.txt,490,Xセリフ◇ふふ,<FONT size=24>クゥッ！,<FONT size=24>唔啊！
8-26.txt,514,兎セリフ◇あ,"<TYPE interval=30>ぐ,あ.ぁぁっ･･････",<TYPE interval=30>咕，啊。啊啊啊･･････
8-26.txt,526,選択肢◆止める,<TYPE interval=0><FONT color=red size=24>“もう充分だっ･･･”,<TYPE interval=0><FONT color=red size=24>“已经足够了･･･”
8-26.txt,527,選択肢◆止めない,<TYPE interval=0><FONT color=red size=12>“･･･”,<TYPE interval=0><FONT color=red size=12>“･･･”
8-26.txt,592,兎セリフ◇ごぁ,<FONT size=32><TYPE interval=0 style=OffCenter>ごぁぁぁっ,<FONT size=32><TYPE interval=0 style=OffCenter>嘎啊啊啊
8-26.txt,606,兎セリフ◇ぐぁ,"..ぐふっ<TYPE interval=30>･･･,</TYPE>ごっ<TYPE interval=30>･･･",..咕呜<TYPE interval=30>･･･</TYPE>咯<TYPE interval=30>･･･
8-26.txt,609,兎セリフ◇くくく,"くくく<TYPE interval=30>･･･,</TYPE>だが　..,もう<TYPE interval=30>･･･</TYPE>,<BR>すべては<TYPE interval=30>･･･,</TYPE>終わっている･･････<BR>,..<TYPE interval=30>終わっているのさ<TYPE interval=30>･･････","呵呵呵<TYPE interval=30>･･･,</TYPE>不过  ..,已经<TYPE interval=30>･･･</TYPE>,<BR>一切都<TYPE interval=30>･･･,</TYPE>结束了･･････<BR>,..<TYPE interval=30>已经结束了<TYPE interval=30>･･････"
8-26.txt,620,兎セリフ◇く,<TYPE interval=0>ぐ･･･ぁ,<TYPE interval=0>咕･･･啊
8-26.txt,650,津名セリフ◇品藤,品藤<TYPE interval=30>･･･,品藤<TYPE interval=30>･･･
8-26.txt,655,荒山セリフ◇バカ,..バカな女だ<TYPE interval=30>･･･,..真是个蠢女人<TYPE interval=30>･･･
8-26.txt,670,津名セリフ,荒山･･････,荒山･･････
8-26.txt,675,荒山セリフ◇哀れな,"哀れな姿だな,..<BR>こんなものがお前の望んだ<BR>エクストラの姿か","真是副可怜的姿态啊,..<BR>这就是你所期望的<BR>Extra的姿态吗"
8-26.txt,679,荒山セリフ◇結局,結局　..お前のやってきたことも<BR>俺と変わっていなかったということだ,到头来  ..你所做的一切<BR>也和我没什么两样啊
8-26.txt,692,津名川セリフ◇沈黙,<TYPE interval=30>････････････,<TYPE interval=30>････････････
8-26.txt,696,荒山セリフ◇だがな,"だがな　,..そんなことは<BR>俺にはどうでもいいことだ","不过啊  ,..那种事<BR>对我来说根本无所谓"
8-26.txt,717,津名川セリフ◇やめる,"やめるんだ！<BR>,..そんなヤツ　..殺す価値も無い･･･","住手！<BR>,..那种家伙  ..连被杀的资格都没有･･･"
8-26.txt,723,兎セリフ◇ぐっ,"ぐっ･..･..･,トドメをささないのか",唔･･････不给个痛快吗
8-26.txt,739,津名川セリフ◇僕は,僕は･･･.お前たちとは違う,我･･････和你们不一样
8-26.txt,743,兎セリフ◇くくく,"く.く.く･･･,バカなやつだ,..<BR>オレ達と,お前たち･.･..･,<BR>何が違うっていうんだ",呵。呵。呵･･････真是个蠢货･･････<BR>我们，和你们･･････<BR>到底有什么区别
8-26.txt,755,兎セリフ◇生命,"命をもてあそび,<BR>幾多の生を奪いつづける","玩弄生命,<BR>不断夺走无数生灵的性命。"
8-26.txt,759,兎セリフ◇お前の,"お前のその３人も,<BR>多くの犠牲から生まれた鬼子.だ","你身边的这三个,<BR>也是踏着无数牺牲诞生的孽种。"
8-26.txt,763,兎セリフ◇そんな,"そんなお前達が,<BR>幸せになれると思ったか","像你们这样的,<BR>还以为能获得幸福吗？"
8-26.txt,776,津名川セリフ◇沈黙,･･････,･･････
8-26.txt,783,兎セリフ◇オレは,"<FONT size=20>オレは,そういう偽善ぶる<BR>ヤツが.大嫌いなんだ","<FONT size=20>我最讨厌的,<BR>就是那种装模作样的伪善之徒。"
8-26.txt,822,兎セリフ◇ごぁ,<FONT size=32><TYPE interval=0 style=OffCenter>ごぁぁぁっ,<FONT size=32><TYPE interval=0 style=OffCenter>嘎啊啊啊
8-26.txt,835,荒山セリフ◇フン,フン　..おまえ達のような<BR>寄生虫と一緒にされては困るな,哼･･････别把我们和你们这种<BR>寄生虫混为一谈。
8-26.txt,837,荒山セリフ◇そういう,そういうお前が<BR>一番偽善者なんだよ,你这种人才是<BR>最大的伪善者。
8-26.txt,863,兎セリフ◇公安,"こ,　..公安の･･･荒山か･･･,<BR>お前が,一番わかっているハズだ･･････,<BR>古痕の大罪を･･････","公, ..公安的･･･荒山吗･･･,<BR>你应该,是最清楚的才对･･････,<BR>关于古痕的大罪･･････"
8-26.txt,870,兎セリフ◇だから,だからこそお前は<BR>古痕を抜けたのだろう･･････,正因如此你才会<BR>退出古痕的吧･･････
8-26.txt,880,荒山セリフ◇俺も,"俺もそう思っていた,..<BR>･･･だが　..決断するのは<BR>まだ早いらしい",我也曾这么想过･･････<BR>･･････但看来现在<BR>下结论还太早了。
8-26.txt,884,兎セリフ◇何を,何を･･･.･.･.･<BR>待つというのだ････.･.･,等什么･･････<BR>你到底在等什么･･････
8-26.txt,888,荒山セリフ◇お前に,お前が知る必要は無い,你没必要知道。
8-26.txt,934,荒山セリフ◇くだらん,"<TYPE interval=80>くだらん茶番だな,<BR>津名川宗慈","<TYPE interval=80>真是场无聊的闹剧,<BR>津名川宗慈。"
8-26.txt,938,津名川セリフ◇荒山,<TYPE interval=100>荒山</TYPE>･･････,<TYPE interval=100>荒山</TYPE>･･････
8-26.txt,970,セリフ1,"考えろ,津名川",好好想想吧，津名川。
8-26.txt,975,セリフ2,"おのれが今,<BR>何を為すべきなのか","现在的你,<BR>究竟该做些什么。"
8-26.txt,979,セリフ3,"何を守り,　何を滅ぼさなければ<BR>いけないのか",该守护什么，又必须<BR>毁灭什么。
8-26.txt,992,セリフ1,"だが,　その選択は,<BR>この女がくれたものだという<BR>ことを忘れるな","但是, 不要忘记, 那个选择是<BR>这个女人给予你的<BR>这件事"
8-26.txt,996,セリフ2,絶対に<BR>この女のことは忘れるなよ,千万<BR>不要忘记那个女人。
8-26.txt,1000,セリフ3,"それが,品藤への<BR>唯一のたむけだと思え",就把它当作<BR>献给品藤的唯一祭礼吧。
8-26.txt,1015,セリフ1,"また会おう　,津名川宗慈<BR>,次はバベル.でな","再会了，津名川宗慈,<BR>下次就在巴别见了。"
8-26.txt,1019,セリフ2,･.･.･.･･･バベル？,･･････巴别？
8-26.txt,1030,セリフ1,<TYPE interval=40>バベルとは一体何だ！....荒山！,<TYPE interval=40>巴别到底是什么！･･････荒山！
8-26.txt,1034,セリフ2,古痕が犯そうとしていた愚の一つ,那是古痕曾企图犯下的愚行之一。
8-26.txt,1038,セリフ3,"そして今は軍がそれを利用している,<BR>何をする気かは知らんがな","而现在军方正在加以利用,<BR>至于他们意欲何为，我就不得而知了。"
8-26.txt,1063,セリフ4,そこがおそらく<BR>最後の場所となる,那里恐怕就是<BR>最终的决战之地。
9-01.txt,10,津名川セリフ◇古痕,"古痕に一体,<BR>何が<TYPE interval=45><TYPE interval=45>･･････</TYPE></TYPE>","古痕到底,<BR>发生了什么<TYPE interval=45><TYPE interval=45>･･････</TYPE></TYPE>"
9-01.txt,29,津名川セリフ◇荒山,"荒山の言っていたことが本当ならば,<BR>一度...　戻らないといけないだろう","如果荒山所言非虚,<BR>恐怕得回去一趟･･････"
9-01.txt,37,津名川セリフ◇戻って,戻ってそれを...<BR>確かめなくては<TYPE interval=45>･･････</TYPE>,必须回去･･････<BR>确认一下<TYPE interval=45>･･････</TYPE>
9-01.txt,57,エマセリフ◇宗慈,宗慈さん<TYPE interval=45>･･････</TYPE>,宗慈先生<TYPE interval=45>･･････</TYPE>
9-01.txt,65,津名川セリフ◇ど,<FONT size=17><TYPE interval=30>どうしたんだ！？...<BR>エマ！,<FONT size=17><TYPE interval=30>怎么了！？･･････<BR>艾玛！
9-01.txt,89,沙友セリフ◇せ,<FONT size=14>せんせ<TYPE interval=45>･･････</TYPE>,<FONT size=14>老师<TYPE interval=45>･･････</TYPE>
9-01.txt,91,エマセリフ◇き,"<FONT size=14>きもち<TYPE interval=45>･･････</TYPE>,<BR>わる<TYPE interval=45>･･････</TYPE>ぃ<TYPE interval=45>･･････</TYPE>","<FONT size=14>难受<TYPE interval=45>･･････</TYPE>,<BR>不舒<TYPE interval=45>･･････</TYPE>服<TYPE interval=45>･･････</TYPE>"
9-01.txt,128,津名川セリフ◇大丈夫,大丈夫か！？,没事吧！？
9-01.txt,135,透花セリフ◇は,<FONT size=14>はぁはぁ<TYPE interval=45>･･････</TYPE>,<FONT size=14>呼哧呼哧<TYPE interval=45>･･････</TYPE>
9-01.txt,157,津名川セリフ◇さ,<TYPE interval=45>さっきの銃弾か<TYPE interval=35>･･････</TYPE>,<TYPE interval=45>是刚才的子弹吗<TYPE interval=35>･･････</TYPE>
9-01.txt,164,津名川セリフ◇こ,<TYPE interval=50>この様子だと<BR>...毒かもしれない,"<TYPE interval=50>看这情况,<BR>･･････可能是毒"
9-01.txt,168,津名川セリフ◇この,<TYPE interval=55>この子達の耐性なら...<BR>しばらくは大丈夫だと..<BR>思うが<TYPE interval=45>･･････</TYPE>,<TYPE interval=55>以这些孩子的抗性来看･･････<BR>暂时应该没大碍･･････<BR>我是这么想的<TYPE interval=45>･･････</TYPE>
9-01.txt,172,津名川セリフ◇治療,"治療道具<TYPE interval=45>･･････</TYPE><BR>,<TYPE interval=30>くそっ　.....家に置いてきたか","治疗工具<TYPE interval=45>･･････</TYPE><BR>,<TYPE interval=30>可恶･･････忘在家里了吗"
9-01.txt,193,津名川セリフ◇治療,もう一度あそこに<BR>...戻るしかないな<TYPE interval=45>･･････,只能･･････<BR>再回那里一趟了<TYPE interval=45>･･････
9-01.txt,218,エマセリフ◇宗慈,ご主人さま<TYPE interval=45>･･････</TYPE>,主人<TYPE interval=45>･･････</TYPE>
9-01.txt,226,津名川セリフ◇ど,<FONT size=17><TYPE interval=30>どうしたんだ！？...<BR>透花！,<FONT size=17><TYPE interval=30>怎么了！？･･････<BR>透花！
9-01.txt,250,沙友セリフ◇せ,<FONT size=14>せんせ<TYPE interval=45>･･････</TYPE>,<FONT size=14>老师<TYPE interval=45>･･････</TYPE>
9-01.txt,252,エマセリフ◇き,"<FONT size=14>きもち<TYPE interval=45>･･････</TYPE>,<BR>わる<TYPE interval=45>･･････</TYPE>ぃ<TYPE interval=45>･･････</TYPE>","<FONT size=14>难受<TYPE interval=45>･･････</TYPE>,<BR>不舒<TYPE interval=45>･･････</TYPE>服<TYPE interval=45>･･････</TYPE>"
9-01.txt,289,津名川セリフ◇大丈夫,大丈夫か！？,没事吧！？
9-01.txt,296,透花セリフ◇は,<FONT size=14>はぁはぁ<TYPE interval=45>･･････</TYPE>,<FONT size=14>呼哧呼哧<TYPE interval=45>･･････</TYPE>
9-01.txt,318,津名川セリフ◇さ,<TYPE interval=45>さっきの銃弾か<TYPE interval=35>･･････</TYPE>,<TYPE interval=45>是刚才的子弹吗<TYPE interval=35>･･････</TYPE>
9-01.txt,325,津名川セリフ◇こ,<TYPE interval=50>この様子だと<BR>...毒かもしれない,"<TYPE interval=50>看这情况,<BR>･･････可能是毒"
9-01.txt,329,津名川セリフ◇この,<TYPE interval=55>この子達の耐性なら...<BR>しばらくは大丈夫だと..<BR>思うが<TYPE interval=45>･･････</TYPE>,<TYPE interval=55>以这些孩子的抗性来看･･････<BR>暂时应该没大碍･･････<BR>我是这么想的<TYPE interval=45>･･････</TYPE>
9-01.txt,333,津名川セリフ◇治療,"治療道具<TYPE interval=45>･･････</TYPE><BR>,<TYPE interval=30>くそっ　.....家に置いてきたか","治疗工具<TYPE interval=45>･･････</TYPE><BR>,<TYPE interval=30>可恶･･････忘在家里了吗"
9-01.txt,354,津名川セリフ◇治療,もう一度あそこに<BR>...戻るしかないな<TYPE interval=45>･･････,只能･･････<BR>再回那里一趟了<TYPE interval=45>･･････
9-01.txt,378,エマセリフ◇宗慈,せんせ<TYPE interval=45>･･････</TYPE>,老师<TYPE interval=45>･･････</TYPE>
9-01.txt,386,津名川セリフ◇ど,<FONT size=17><TYPE interval=30>どうしたんだ！？...<BR>沙友,<FONT size=17><TYPE interval=30>怎么了！？･･････<BR>沙友
9-01.txt,412,沙友セリフ◇せ,<FONT size=14>せんせ<TYPE interval=45>･･････</TYPE>,<FONT size=14>老师<TYPE interval=45>･･････</TYPE>
9-01.txt,414,エマセリフ◇き,"<FONT size=14>きもち<TYPE interval=45>･･････</TYPE>,<BR>わる<TYPE interval=45>･･････</TYPE>ぃ<TYPE interval=45>･･････</TYPE>","<FONT size=14>难受<TYPE interval=45>･･････</TYPE>,<BR>不舒<TYPE interval=45>･･････</TYPE>服<TYPE interval=45>･･････</TYPE>"
9-01.txt,449,津名川セリフ◇大丈夫,大丈夫か！？,没事吧！？
9-01.txt,456,透花セリフ◇は,<FONT size=14>はぁはぁ<TYPE interval=45>･･････</TYPE>,<FONT size=14>呼哧呼哧<TYPE interval=45>･･････</TYPE>
9-01.txt,478,津名川セリフ◇さ,<TYPE interval=45>さっきの銃弾か<TYPE interval=35>･･････</TYPE>,<TYPE interval=45>是刚才的子弹吗<TYPE interval=35>･･････</TYPE>
9-01.txt,485,津名川セリフ◇こ,<TYPE interval=50>この様子だと<BR>...毒かもしれない,"<TYPE interval=50>看这情况,<BR>･･････可能是毒"
9-01.txt,489,津名川セリフ◇この,<TYPE interval=55>この子達の耐性なら...<BR>しばらくは大丈夫だと..<BR>思うが<TYPE interval=45>･･････</TYPE>,<TYPE interval=55>以这些孩子的抗性来看･･････<BR>暂时应该没大碍･･････<BR>我是这么想的<TYPE interval=45>･･････</TYPE>
9-01.txt,493,津名川セリフ◇治療,"治療道具<TYPE interval=45>･･････</TYPE><BR>,<TYPE interval=30>くそっ　.....家に置いてきたか","治疗工具<TYPE interval=45>･･････</TYPE><BR>,<TYPE interval=30>可恶･･････忘在家里了吗"
9-01.txt,514,津名川セリフ◇治療,もう一度あそこに<BR>...戻るしかないな<TYPE interval=45>･･････,只能･･････<BR>再回那里一趟了<TYPE interval=45>･･････
9-02.txt,27,セリフ◇見,<TYPE interval=45>･･････</TYPE><TYPE interval=70>見張られて..<BR>いる――か,<TYPE interval=45>･･････</TYPE><TYPE interval=70>被监视着･･････<BR>是吗——
9-02.txt,51,セリフ◇これ,"これじゃあ,<BR>こっそり戻るのは.<BR>無理そうだな<TYPE interval=45>･･････</TYPE>","这样一来,<BR>想偷偷回去<BR>恐怕是不可能了<TYPE interval=45>･･････</TYPE>"
9-02.txt,56,セリフ◇だと,"だと,すると..<TYPE interval=45>･･････</TYPE>",这样的话<TYPE interval=45>･･････</TYPE>
9-02.txt,61,セリフ◇あと,あとはアテになるのは...<BR>センターか..奥平さんぐらいか,剩下能指望的･･････<BR>也就只有中心･･････或者奥平博士了吧
9-02.txt,89,セリフ◇誰,"<TYPE interval=30><FONT size=18 face=""MS ゴシック\>誰だ！？","<TYPE interval=30><FONT size=18 face=""MS ゴシック\>谁！？"
9-02.txt,102,セリフ◇ち,<TYPE interval=30>ちょっと<BR>まってください！,<TYPE interval=30>请<BR>等一下！
9-02.txt,113,セリフ◇誰だ,<TYPE interval=50>君は確か<TYPE interval=35>･･････？,<TYPE interval=50>你好像是<TYPE interval=35>･･････？
9-02.txt,121,セリフ◇倉巳,"<TYPE interval=45>倉巳です！,<BR>一度.. 筒井さんのお店で･･･","<TYPE interval=45>我是仓巳！,<BR>之前有一次.. 在筒井先生的店里･･･"
9-02.txt,125,セリフ◇･･････,"<TYPE interval=35>･･････ああ</TYPE><BR>,<TYPE interval=40>それで？</TYPE>","<TYPE interval=35>･･････啊</TYPE><BR>,<TYPE interval=40>然后呢？</TYPE>"
9-02.txt,138,セリフ◇①,<TYPE interval=45>ただの一般人に<BR>..銃をつきつけてないと..<BR>話もできませんか,<TYPE interval=45>不拿枪指着一个<BR>･･････普通人･･････<BR>就没法说话吗
9-02.txt,142,セリフ◇②,<TYPE interval=35>･･････<TYPE interval=50>人は見かけに<BR>よらないからね,<TYPE interval=35>･･････<TYPE interval=50>看人可不能<BR>光看外表呢
9-02.txt,157,セリフ◇あなた,<TYPE interval=45>貴方は..あの女の子たちの保護者...<BR>――そういった類の人ですよね,<TYPE interval=45>您是･･････那些女孩子的保护者･･････<BR>——是这类人吧
9-02.txt,163,セリフ◇何を,何をいっているんだ...<BR>君は,你到底<BR>在说什么･･････
9-02.txt,183,セリフ◇これを,これを見てもらえれば...<BR>わかると思います,只要看看这个･･････<BR>您就明白了
9-02.txt,200,倉巳セリフ◇ず,ずいぶん前から..　貴方が<BR>保護している女の子の一人を<BR>...追っていたんです,从很早以前开始･･････<BR>我就在追踪您保护的<BR>其中一个女孩
9-02.txt,221,セリフ◇この子,この子です,就是这个孩子
9-02.txt,240,セリフ◇･･････,<TYPE interval=45>･･････,<TYPE interval=45>･･････
9-02.txt,255,セリフ◇君,"<TYPE interval=77>君は一体<BR>,何処の人間だ？",<TYPE interval=77>你到底是<BR>哪边的人？
9-02.txt,261,セリフ◇一介,"ただのフリーカメラマンです<BR>,裏も表もありません",只是个自由摄影师<BR>没有什么幕后来头
9-02.txt,279,セリフ◇雑誌,<TYPE interval=70>雑誌に取り上げる..<BR>とでもいうのかい？,<TYPE interval=70>是打算写进杂志･･････<BR>之类的吗？
9-02.txt,283,セリフ◇止め,止めといたほうが<BR>いいと..思うけどね,我觉得･･････<BR>最好还是别这么做
9-02.txt,287,セリフ◇仕事,仕事は<BR>抜きです,这和工作<BR>无关
9-02.txt,300,セリフ◇仕事は,仕事は抜きで<BR>知りたくなったんです,不是为了工作<BR>只是我自己想知道
9-02.txt,304,セリフ◇あの子と,あの子達と<BR>..貴方が,那些孩子和您<BR>･･････
9-02.txt,308,セリフ◇そうか,"死ぬよ<BR>,比喩抜きで",会死的<BR>不是比方
9-02.txt,321,セリフ◇もう,"もう,すでに一度<BR>忠告されましたよ",我已经<BR>被警告过一次了
9-02.txt,325,セリフ◇その時,<TYPE interval=55>その時はゴツンと..<BR>一発くらいましたがね,<TYPE interval=55>那时候还结结实实･･････<BR>中了一下呢
9-02.txt,329,セリフ◇それでも,それでも止めない<BR>...というわけか,即便如此<BR>･･････你也不打算停手吗
9-02.txt,333,セリフ◇ええ,ええ<BR>....そうです,是的<BR>･･････没错
9-02.txt,365,セリフ◇家,見張られている<BR>ようですね,看来<BR>有人在监视呢
9-02.txt,369,セリフ◇自分,見たところ...<BR>アレは軍だ,看样子･･････<BR>那是军队
9-02.txt,373,セリフ◇そのよ,そのようだね,似乎是这样呢。
9-02.txt,386,セリフ◇これから,これから貴方は..<BR>どうするんですか？,接下来您･･････<BR>打算怎么办？
9-02.txt,390,セリフ◇君が,君が知ったことでは..<BR>ないだろう,这不是你该<BR>知道的事。
9-02.txt,394,セリフ◇ですが,ですが...<BR>貴方は戻る場所が<BR>あるんですか？,可是･･････<BR>您还有能回去的<BR>地方吗？
9-02.txt,398,セリフ◇どう,どうやらキリタも..<BR>軍の管轄に.なった<BR>ようですよ,看来桐田那边也･･････<BR>归军队管理了<BR>哦
9-02.txt,402,セリフ◇見たの,<TYPE interval=55>君は見たのか？,<TYPE interval=55>你看到了吗？
9-02.txt,429,セリフ◇遠,"遠くから..双眼鏡で<BR>,ですけどね",只是从远处･･････<BR>用望远镜看到的而已
9-02.txt,435,セリフ◇研究所,研究所の人間は<BR>どうなっていた？,研究所的人<BR>怎么样了？
9-02.txt,448,セリフ◇そこまで,そこまでは<BR>..わかりませんよ,那部分･･････<BR>我就不知道了。
9-02.txt,452,セリフ◇一部,一部は車で<BR>別の場所に連れて行かれた<BR>ようですけどね,不过有一部分人<BR>好像被车带去了<BR>别的地方
9-02.txt,456,セリフ◇そ,そうか,这样啊。
9-02.txt,477,セリフ◇ひとつ,一つ聞いて<BR>いいですか？,能问<BR>一件事吗？
9-02.txt,481,セリフ◇なんだい,<TYPE interval=70>なんだい？,<TYPE interval=70>什么事？
9-02.txt,485,セリフ◇危,貴方は今　...危ない状況に<BR>ありますよね,您现在･･････<BR>处境很危险吧。
9-02.txt,489,セリフ◇どうかな,どうかな,谁知道呢。
9-02.txt,512,セリフ◇僕に,僕にカマをかける必要は<BR>..ありませんよ,没必要套我的话<BR>哦
9-02.txt,518,セリフ◇ただ,ただ単に僕は..<BR>貴方が困っている<BR>のでしたら,我只是想说･･････<BR>如果您现在<BR>需要帮忙的话
9-02.txt,522,セリフ◇安全,安全な隠れ家程度なら..<BR>調達できるということを..<BR>言いたいだけです,至少安全的藏身处･･････<BR>我还是能<BR>帮您安排到的
9-02.txt,526,セリフ◇･･････,<TYPE interval=45>･･････</TYPE>,<TYPE interval=45>･･････</TYPE>
9-02.txt,553,セリフ◇裏,裏はありません<BR>ただそれだけの意味です,没有别的用意<BR>就是字面意思
9-02.txt,559,セリフ◇下心,下心は<BR>..ありますけどね,不过私心<BR>･･････还是有的
9-02.txt,563,セリフ◇そっち,そっちのほうが<BR>わかりやすくていいね,这样反而<BR>更好懂
9-02.txt,582,セリフ◇一体,一体　...何だい？,到底･･････是什么条件？
9-02.txt,586,セリフ◇一応,一応　..条件次第では<BR>考慮するよ,先说来听听･･････条件合适的话<BR>我会考虑
9-02.txt,590,セリフ◇あああ,あ　ああ<TYPE interval=45>･･････</TYPE><BR>はは　いざ言うとなると<BR>なかなか恥ずかしいな,啊，啊啊<TYPE interval=45>･･････</TYPE><BR>哈哈，真要说出口<BR>还挺难为情的。
9-02.txt,596,セリフ◇なに？,なに？,什么？
9-02.txt,615,セリフ◇それは,ええ　それは――,嗯，那个是——
9-03.txt,58,セリフ◇せん,<FONT size=14><TYPE interval=88>せんせ<TYPE interval=45>･･････</TYPE>,<FONT size=14><TYPE interval=88>老师<TYPE interval=45>･･････</TYPE>
9-03.txt,63,セリフ◇ん,"ん？　,どうした？...<BR>沙友",嗯？怎么了？･･････<BR>沙友
9-03.txt,78,セリフ◇お,<TYPE interval=88>せんせいのつくた..<BR>おむれつたべたい<TYPE interval=45>･･････</TYPE>,<TYPE interval=88>想吃老师做的･･････<BR>蛋包饭<TYPE interval=45>･･････</TYPE>
9-03.txt,85,セリフ◇ケガ,<TYPE interval=65>･･････</TYPE>ケガが治ったら..<BR>食べさせてあげるからな,<TYPE interval=65>･･････</TYPE>等伤好了･･････<BR>就做给你吃
9-03.txt,89,セリフ◇もう,<TYPE interval=75>もうちょっと..<BR>がんばるんだよ,<TYPE interval=75>再稍微･･････<BR>坚持一下哦
9-03.txt,93,セリフ◇うん,<FONT size=14>うん<TYPE interval=45>･･････</TYPE>,<FONT size=14>嗯<TYPE interval=45>･･････</TYPE>
9-03.txt,126,セリフ◇ぶ,"<TYPE interval=30>！ぶ<BR>,物騒だなあ",<TYPE interval=30>！呜<BR>真吓人啊
9-03.txt,145,セリフ◇なんだ,なんだ<BR>君か,什么啊<BR>原来是你啊
9-03.txt,152,セリフ◇なんだは,なんだは<BR>ないでしょう,别一开口就“什么啊”<BR>好吗
9-03.txt,158,セリフ◇僕,僕だってヤバイ橋<BR>..渡ってるんですから,我这边也是<BR>･･････冒着很大风险的啊
9-03.txt,182,セリフ◇感謝,感謝してるよ...<BR>君には,我很感谢你･･････<BR>真的
9-03.txt,186,セリフ◇それに,それにしても..<BR>あるもんなんだね<BR>こんな所が,话说回来･･････<BR>居然还有<BR>这种地方啊
9-03.txt,190,セリフ◇新宿,新宿には.<BR>いっぱいありますよ,新宿这种地方･･････<BR>多得很哦
9-03.txt,194,セリフ◇こんな,こんな　.もう誰の<BR>ものかわからない<BR>ような建物は,这种･･････已经搞不清<BR>到底归谁所有的<BR>建筑
9-03.txt,198,セリフ◇どうですか,どうですか<BR>様子<TYPE interval=45>･･････</TYPE>,情况<BR>怎么样<TYPE interval=45>･･････</TYPE>
9-03.txt,221,セリフ◇うん,うん<TYPE interval=45>･･････</TYPE>,嗯<TYPE interval=45>･･････</TYPE>
9-03.txt,225,セリフ◇毒,毒の種類がわかれば<BR>解毒剤も作れそうな<BR>もんなんだが<TYPE interval=45>･･････</TYPE>,如果知道毒的种类的话<BR>明明感觉也能做出解毒剂的<BR>说<TYPE interval=45>･･････</TYPE>
9-03.txt,229,セリフ◇さすが,さすがに向こうも<BR>..プロらしい,对方看来也<BR>･･････确实是专业的
9-03.txt,233,セリフ◇幾つ,いくつかの毒を..複合させて<BR>.使っているんだろうね,他们大概是把几种毒･･････<BR>混合起来用了吧
9-03.txt,248,セリフ◇彼女,彼女達の抵抗能力が<BR>高すぎるのが..<BR>逆に裏目に出てる,她们的抵抗能力<BR>太强･･････<BR>反而成了坏事
9-03.txt,252,セリフ◇熱,"熱が高くなりすぎてるんだ,<BR>体力の消耗が激しい","体温升得太高了,<BR>体力消耗得很厉害"
9-03.txt,256,セリフ◇普通,普通の薬じゃ<BR>役に立たないしね,普通药物<BR>也派不上用场
9-03.txt,269,セリフ◇何度ある,何度あるんですか？,现在多少度？
9-03.txt,273,セリフ◇４１,４１℃前後だね,41度左右
9-03.txt,277,セリフ◇病院,"病院に行ったほうが<TYPE interval=45>･･････</TYPE><BR>,って..いけるわけ無いですよね",还是去医院比较好<TYPE interval=45>･･････</TYPE><BR>话说･･････也不可能去，对吧
9-03.txt,292,セリフ◇そう,"そう,　それに人間用の薬じゃ..<BR>役に立たないんだよ",是啊，而且人用药･･････<BR>对她们没用
9-03.txt,298,セリフ◇もともと,もともと<BR>平熱も..かなり高く<BR>設定しているし,她们本来<BR>平时体温就･･････设定得<BR>相当高
9-03.txt,302,セリフ◇まず,"まず　..これくらいで<BR>死には至らない<BR>,.心配ないよ",至少･･････这种程度<BR>还不会致命<BR>不用担心
9-03.txt,319,セリフ◇顔,そんな顔で<BR>心配ないって..<BR>言われてもね,你露出那种表情<BR>再说不用担心･･････<BR>也让人很难相信啊
9-03.txt,325,セリフ◇説得,説得力ゼロですよ,完全没有说服力啊
9-03.txt,330,セリフ◇そうか,そうか,是吗。
9-03.txt,349,セリフ◇何か食べ,何か食べませんか<BR>これじゃあなたも<BR>身が持たない,"要不要吃点什么？<BR>再这样下去,<BR>你自己也撑不住的。"
9-03.txt,353,セリフ◇だね,そうだね,也是。
9-03.txt,357,セリフ◇こに,そうすることに<BR>しようか,那就这么办<BR>吧。
9-04.txt,14,セリフ◇ああ,<TYPE interval=45>･･････</TYPE>ああ<BR>...小康状態に入った<BR>みたいだ,<TYPE interval=45>･･････</TYPE>啊･･････<BR>･･････看来病情<BR>暂时稳定下来了
9-04.txt,16,セリフ◇あと,"あと少しなんだ,<BR>だが薬品が足りない","就差最后一点了,<BR>但药品不够了"
9-04.txt,24,セリフ◇ど,"どうです　,少しは<BR>落ち着きましたか",感觉怎么样？<BR>稍微好些了吗
9-04.txt,37,セリフ◇それが,それが<BR>どうしても<TYPE interval=45>･･････</TYPE>,可是<BR>怎么也･･････<TYPE interval=45>･･････</TYPE>
9-04.txt,59,セリフ◇これ,"これじゃ...　津名川さん.,<BR>あなたが先に参っちまう","这样下去･･････津名川,<BR>你会先撑不住的"
9-04.txt,66,セリフ◇あの,あの子達には..<BR>津名川さんの元気な姿が<BR>一番の薬なんです,对那些孩子来说･･････<BR>你精神饱满的样子<BR>才是最好的良药
9-04.txt,70,セリフ◇し,<TYPE interval=50>しっかりして<BR>くださいよ,<TYPE interval=50>你可得<BR>振作起来啊
9-04.txt,84,セリフ◇そうかな,<TYPE interval=45>･･････</TYPE>そうかな,<TYPE interval=45>･･････</TYPE>是吗
9-04.txt,90,セリフ◇なんだか,なんだか<BR>君には迷惑をかけ通しだ,总觉得<BR>一直在给你添麻烦
9-04.txt,94,セリフ◇す,<TYPE interval=45>･･････</TYPE>すまない,<TYPE interval=45>･･････</TYPE>对不住了
9-04.txt,117,セリフ◇な,"なあに<BR>,僕は楽しんで<BR>やってるんです",说什么呢<BR>我可是乐在<BR>其中呢
9-04.txt,122,セリフ◇一,一度これと...<BR>決めたカードには<BR>チップを張り続ける,一旦选定了･･････<BR>要押注的牌<BR>就要一直跟注到底
9-04.txt,126,セリフ◇ゲ,ゲームの<BR>鉄則ですよ,这可是游戏<BR>的准则啊
9-04.txt,130,セリフ◇そ,それで危険に<BR>巻き込まれても？,就算因此<BR>被卷入危险呢？
9-04.txt,154,セリフ◇安,途中でビビって<BR>降りる奴は..<BR>絶対勝て無い,中途怕了<BR>退出的家伙･･････<BR>绝对赢不了
9-04.txt,156,セリフ◇も,もし負けたって..<BR>それもゲームのうち,就算输了･･････<BR>那也是游戏的一环
9-04.txt,168,セリフ◇問,ゲームは<BR>どう楽しんだか...　です,游戏的关键<BR>在于怎么享受･･････过程
9-04.txt,192,セリフ◇な,なるほど<BR>..卓見だね,原来如此<BR>･･････真是高见啊
9-04.txt,196,セリフ◇考え,考えてなさそうで<BR>..君もちゃんと考えているんだな,看你平时大大咧咧的<BR>･･････其实也想得挺明白嘛
9-04.txt,200,セリフ◇ハ,"ハハハ<BR>,酷いな津名川さん",哈哈哈<BR>说话真损啊津名川
9-04.txt,213,セリフ◇ま,まあ...　僕も<BR>いろいろあって<BR>..決めたんですよ,嘛･･････<BR>我也经历了不少事<BR>･･････才下定决心的
9-04.txt,217,セリフ◇何,何があっても<BR>自分を裏切る事だけは<BR>しない　ってね,无论发生什么<BR>都绝不背叛自己<BR>我是这么决定的
9-04.txt,228,セリフ◇あ,ある人に<BR>教えてもらったんです,这是有个人<BR>教给我的
9-04.txt,232,セリフ◇結局,誇りなんてのは<BR>自分の心の中にしかない,所谓的骄傲<BR>只存在于自己心里
9-04.txt,236,セリフ◇大事,大事なのは..<BR>その時.　僕がどう思い..<BR>どう動くか.　だって,重要的是･･････<BR>在那一刻，我怎么想、<BR>怎么行动。他是这么说的
9-04.txt,253,セリフ◇こ,同じことを前に<BR>人から聞いた気がするよ,这话我以前<BR>好像也从别人那里听过
9-04.txt,259,セリフ◇お,もしかしたら<BR>同じ人かもな,说不定<BR>就是同一个人呢
9-04.txt,263,セリフ◇そ,そうかも<BR>しれませんね,说不定<BR>还真是呢
9-04.txt,291,セリフ◇ま,ま..　それに<BR>僕はエマちゃんとか<BR>この子達にも会えたから,嘛･･････<BR>再说了，我也见到了<BR>艾玛和这些孩子们
9-04.txt,301,セリフ◇こ,案外..この機会には<BR>感謝しているんですよ,没想到･･････我对这次机会<BR>还挺感激的呢
9-04.txt,305,セリフ◇こん,こんな事でもないと..<BR>貴方達には..近づけ<BR>ませんでしたからね,要不是出了这种事･･････<BR>我本来･･････<BR>也没法接近你们呢
9-04.txt,309,セリフ◇き,こんなときに<BR>..不謹慎ですけど,在这种时候说这些･･････<BR>虽然有些不合时宜
9-04.txt,336,セリフ◇ま,ま　..縁があった<BR>というわけだろう,嘛･･････<BR>这也算是一种缘分吧
9-04.txt,341,セリフ◇い,いい縁かどうかは<BR>わからないけどね,至于是不是好缘分･･････<BR>就不知道了
9-04.txt,345,セリフ◇いい,いい縁だと<BR>思いますよ,我觉得･･････<BR>一定是好缘分
9-04.txt,351,セリフ◇本当,<TYPE interval=70>本当にそうだと<BR>いいけどね,<TYPE interval=70>真的･･････<BR>但愿如此吧
9-04.txt,370,セリフ◇そ,<TYPE interval=80>それは..<BR>これからわかるさ,<TYPE interval=80>那･･････<BR>以后自然会明白的
9-04.txt,385,セリフ◇ま,ま...　本当に<BR>助かったよ,嘛･･････ 这次真的･･････<BR>多亏你了
9-04.txt,389,セリフ◇も,もう一度言うけど..<BR>君には本当に世話になった,再说一次･･････<BR>我真的受你照顾了
9-04.txt,393,セリフ◇あ,ありがとう,谢谢你
9-04.txt,406,セリフ◇気,気にしないで<BR>ください,请别<BR>放在心上
9-04.txt,410,セリフ◇ギ,ギブアンドテイクですよ,礼尚往来嘛
9-04.txt,414,セリフ◇基本,基本的に<BR>僕は..利己主義なんです,本质上･･････<BR>我其实･･････ 是个利己主义者
9-04.txt,418,セリフ◇そ,それは多分...<BR>僕も同じだね,那大概･･････<BR>我也一样吧
9-04.txt,437,セリフ◇や,"やっぱり,<BR>気が合いますね",果然･･････<BR>我们意气相投呢
9-04.txt,443,セリフ◇は,"はは<BR>,そうかもね",哈哈･･････<BR>也许吧
9-04.txt,459,セリフ◇結構,"結構経ちましたね,<BR>そろそろ戻りますか",已经过了挺久了呢･･････<BR>差不多该回去了吧
9-04.txt,463,セリフ◇あの,あの子達の様子も..<BR>気になるし,那些孩子的情况･･････<BR>也让人放心不下
9-04.txt,467,セリフ◇そう,そうだな,也是啊
9-04.txt,480,セリフ◇まだ,"まだ,問題は<BR>山積みだ.ってことを<BR>..すっかり忘れてたよ",问题･･････<BR>还堆积如山呢。这件事･･････<BR>我完全给忘了
9-04.txt,484,セリフ◇忘却,忘却は偉大,遗忘真是伟大
9-04.txt,488,セリフ◇ま,まったくだ,一点没错
9-05.txt,9,セリフ◇バ,《塔の外壁》が...<BR>　到着いたしました,“塔之外壁”･･････<BR>　已抵达。
9-05.txt,11,セリフ◇そうか,"そうか<BR>,ご苦労だったな","是吗,<BR>辛苦了。"
9-05.txt,13,セリフ◇いえ,いえ,不敢当。
9-05.txt,49,セリフ◇それ,"クククク<TYPE interval=45>･･････</TYPE>,<BR>ははは,　ついに手に入れた","库库库库<TYPE interval=45>･･････</TYPE>,<BR>哈哈哈，终于到手了。"
9-05.txt,51,セリフ◇人,人が神に成る為の....<BR>最後の鍵,让人类登神･･････<BR>最后的钥匙。
9-05.txt,73,セリフ◇この,<TYPE interval=75>竜鳴痕<TYPE interval=45>･･････</TYPE>,<TYPE interval=75>龙鸣痕<TYPE interval=45>･･････</TYPE>
9-05.txt,75,セリフ◇共鳴,<TYPE interval=75>共鳴周波数の..<BR>変化の跡だ,<TYPE interval=75>这是共鸣频率･･････<BR>变化的痕迹。
9-05.txt,77,セリフ◇一方,"<TYPE interval=70>一方の共鳴周波数が高まり,<BR>一方の周波数が落ちる","<TYPE interval=70>一方的共鸣频率升高,<BR>另一方的频率就会下降。"
9-05.txt,101,セリフ◇知って,知っているか？,你知道吗？
9-05.txt,105,セリフ◇古き,"聖書の時代<BR>,人間達は脳波共鳴.. つまり<BR>テレパスで会話していたのだ","在圣经时代,<BR>人类是通过脑波共鸣･･････也就是<BR>心灵感应来交流的。"
9-05.txt,124,セリフ◇バベ,しかし..　その技術の極み<BR>バベルの塔が悲劇となった,"然而..作为技术极致的巴别塔,<BR>却变成了一场悲剧。"
9-05.txt,126,セリフ◇そして,"魂の周波数を押上げるそのシステムは..　,<BR>塔外部の人間の魂を犠牲にしたのだ",那个提升灵魂频率的系统･･････<BR>是以塔外人类的灵魂为牺牲的。
9-05.txt,128,セリフ◇外の,"外部のテレパスを失った人間――<BR>,それが今の我々の..祖先だ",失去了外部心灵感应的人类——<BR>就是如今的･･････我们的祖先。
9-05.txt,158,セリフ◇今度,<TYPE interval=80>今度は逆だ,<TYPE interval=80>而这次要反过来。
9-05.txt,160,セリフ◇全ての,<TYPE interval=80>全ての人間を..<BR>神に押し上げる,<TYPE interval=80>将全人类･･････<BR>都提升至神。
9-05.txt,162,セリフ◇世界に,<TYPE interval=100>神話の時代が...<BR>完全な世界が生まれるのだ――,<TYPE interval=100>神话的时代･･････<BR>一个完美的世界将会诞生——
9-05.txt,191,セリフ◇津名川,津名川のエクストラは...<BR>如何致しましょうか,津名川的Extra･･････<BR>该如何处置？
9-05.txt,196,セリフ◇兎,《兎》はどうやら<BR>..失敗したようですが,“兔子”似乎･･････<BR>失败了。
9-05.txt,210,セリフ◇報告,報告はすでに<BR>受けている,报告我已经<BR>收到了。
9-05.txt,216,セリフ◇だが,だが放っておけ,但先不用管。
9-05.txt,220,セリフ◇奴等,やつらには<BR>..もう何も出来ん,那帮人已经･･････<BR>什么都做不了了。
9-05.txt,233,セリフ◇こちら,こちらには...<BR>エレンのエクストラもいる,我们这边･･････<BR>还有艾伦的Extra。
9-05.txt,237,セリフ◇こっち,こっちから出向いて..<BR>戦うまでも無い,没必要主动出击･･････<BR>去和他们交战。
9-05.txt,254,セリフ◇はい,"はい,<BR>わかりました","是,<BR>明白了。"
9-05.txt,260,セリフ◇それと,それと..<BR>グラハムの件ですが,另外･･････<BR>关于格拉汉姆的事。
9-05.txt,264,セリフ◇古痕,研究所を<BR>制圧したときから<BR>行方不明となっています,"从占领研究所<BR>那时起,<BR>他就下落不明了。"
9-05.txt,268,セリフ◇おそらく,おそらく先に<BR>察知されたのかと,恐怕是提前<BR>察觉到了吧。
9-05.txt,283,セリフ◇あの,あの老人はいつもいつも<BR>...世話を掛けさせてくれるな,那个老头子真是每次都･･････<BR>让人操心。
9-05.txt,287,セリフ◇見つかり,"見つかり次第<BR>,捕獲しろ","一旦发现,<BR>立刻抓捕。"
9-05.txt,298,セリフ◇奴,奴自身には　...何の力も<BR>ありはしない,那家伙本身･･････<BR>已经没什么力量了。
9-05.txt,302,セリフ◇だが,だが　...これまでの<BR>奴の成果を称え<BR>祝福の瞬間くらいは<BR>立ち合わせてやろう,但･･････看在他<BR>至今为止的成果上<BR>至少这祝福的瞬间<BR>就让他见证吧
9-05.txt,306,セリフ◇それまで,"それまでに<BR>,ということですね",也就是说<BR>要在那之前，对吧
9-05.txt,320,セリフ◇そういう,そういうことだ,就是这么回事
9-06.txt,12,セリフ◇･･･,<TYPE interval=65>･･････</TYPE>,<TYPE interval=65>･･････</TYPE>
9-06.txt,17,セリフ◇や,やはりこのままでは<BR>危ないな<TYPE interval=45>･･････</TYPE>,这样下去果然<BR>太危险了<TYPE interval=45>･･････</TYPE>
9-06.txt,29,セリフ◇知,知っている毒に<BR>似ているんだが<TYPE interval=45>･･････</TYPE>,这很像是一种<BR>已知的毒素<TYPE interval=45>･･････</TYPE>
9-06.txt,33,セリフ◇確証,確証が無いと<BR>..ワクチンは打てない,没有确凿证据的话<BR>･･････就不能注射疫苗
9-06.txt,37,セリフ◇だ,だが..それ以前に<BR>...この状況ではワクチンが..<BR>手に入れられない,但･･････在那之前<BR>･･････在这种状况下根本･･････<BR>弄不到疫苗
9-06.txt,50,セリフ◇じ,<TYPE interval=30>じゃあ<BR>どうするんですか！？,<TYPE interval=30>那<BR>到底该怎么办！？
9-06.txt,54,セリフ◇こ,<TYPE interval=35>このまま黙って<BR>見ているとでも！？,<TYPE interval=35>难道就这么袖手<BR>旁观吗！？
9-06.txt,58,セリフ◇わ,<TYPE interval=30><FONT size=18>わかっている！,<TYPE interval=30><FONT size=18>我知道！
9-06.txt,76,セリフ◇わか,わかっているんだ<TYPE interval=45>･･････</TYPE>,我当然知道<TYPE interval=45>･･････</TYPE>
9-06.txt,83,セリフ◇だが,だが<TYPE interval=45>･･････</TYPE>,但是<TYPE interval=45>･･････</TYPE>
9-06.txt,88,セリフ◇どこ,<TYPE interval=30>何処かにないんですか<BR>そのワクチン！？,<TYPE interval=30>难道哪里都弄不到<BR>那种疫苗吗！？
9-06.txt,94,セリフ◇病院,<TYPE interval=50>病院とかには<TYPE interval=45>･･････</TYPE>,<TYPE interval=50>医院之类的地方<TYPE interval=45>･･････</TYPE>
9-06.txt,113,セリフ◇病院には,病院には<BR>あの手の劇物は<BR>置いてないんだ,医院里<BR>是不会存放那种<BR>剧毒物质的
9-06.txt,117,セリフ◇おいて,置いてあるとしたら...<BR>最先端の細菌研究所か...<BR>もしくは<TYPE interval=45>･･････,要是存放的话･･････<BR>最尖端的细菌研究所･･････<BR>或者是<TYPE interval=45>･･････
9-06.txt,126,セリフ◇あ,<TYPE interval=0><FONT size=18>あっ！,<TYPE interval=0><FONT size=18>啊！
9-06.txt,131,セリフ◇どうした,<TYPE interval=30>どうしたんですか？,<TYPE interval=30>怎么了？
9-06.txt,142,セリフ◇いや,いや<TYPE interval=45>･･････</TYPE><BR>そうだな<TYPE interval=45>･･････</TYPE>,没<TYPE interval=45>･･････</TYPE><BR>对啊<TYPE interval=45>･･････</TYPE>
9-06.txt,146,セリフ◇やっぱり,あそこになら<TYPE interval=45>･･････</TYPE><BR>あの人なら...持っているはず<TYPE interval=45>･･････</TYPE>,去那里的话<TYPE interval=45>･･････</TYPE><BR>那个人的话･･････应该会有<TYPE interval=45>･･････</TYPE>
9-06.txt,150,セリフ◇置いて,<TYPE interval=40>置いてある場所を<BR>思い出したんですか？,<TYPE interval=40>您想起存放的<BR>地点了吗？
9-06.txt,154,セリフ◇それは,<TYPE interval=30>それは<BR>何処なんです！？,<TYPE interval=30>那<BR>究竟是哪里！？
9-06.txt,175,セリフ◇知人,"知人<TYPE interval=45>･･････</TYPE><BR>,というより先輩のところになら....<BR>きっとあるはずだ",一位熟人<TYPE interval=45>･･････</TYPE><BR>不，应该说是前辈那里･･････<BR>肯定会有
9-06.txt,181,セリフ◇奥平,奥平さんの..<BR>ところになら<TYPE interval=45>･･････</TYPE>,奥平･･････<BR>那里的话<TYPE interval=45>･･････</TYPE>
9-06.txt,185,セリフ◇何で,何で僕は<BR>こんな大事なことを<BR>..忘れていたんだ,我怎么会<BR>把这么重要的事<BR>･･････给忘了
9-06.txt,200,セリフ◇自分,<TYPE interval=45>後悔は何時でも出来ます,<TYPE interval=45>后悔随时都可以
9-06.txt,204,セリフ◇まず,<TYPE interval=45>まず今しなければいけないのは...<BR>その人に連絡をとることでしょう,<TYPE interval=45>现在首先要做的･･････<BR>是联系那个人吧
9-06.txt,208,セリフ◇あなた,貴方は..　この子達の危機に<BR>目が眩んでいるだけ<BR>なんですから,您只是.. 因为这些孩子的危机而<BR>被冲昏了头脑<BR>而已啊
9-06.txt,212,セリフ◇いまから,幸い何も...<BR>失っていません,幸好还什么都没･･････<BR>失去
9-06.txt,229,セリフ◇まったく,"全く――...その通りだね,<BR>倉巳君","真是的——･･････你说得对,<BR>仓巳君"
9-06.txt,235,セリフ◇君に,君に諭されることになるとは<BR>..思わなかったよ,没想到居然会<BR>･･････被你教训
9-07.txt,7,セリフ◇た,ただいま,我回来了
9-07.txt,19,セリフ◇どこ,何処まで<BR>いってたんですか？,您去哪儿了<BR>这么半天？
9-07.txt,21,セリフ◇結構,結構<BR>...遅かったっすね,回来得<BR>･･････挺晚的啊
9-07.txt,43,セリフ◇二つ,二つ向こうの<BR>駅までいってたんだ,去了隔两站的<BR>车站那边
9-07.txt,47,セリフ◇一応,一応..用心は<BR>しておかないと,总得･･････稍微<BR>小心点
9-07.txt,51,セリフ◇それで,<TYPE interval=55>それで連絡は<BR>..取れたんですか？,<TYPE interval=55>那･･････联系上<BR>･･････了吗？
9-07.txt,55,セリフ◇そのう,<TYPE interval=55>そのぅ――奥平..って<BR>いう人と,<TYPE interval=55>嗯･･････跟一个叫<BR>奥平的人
9-07.txt,59,セリフ◇ああ,ああ....　急いで行くと<BR>いってくれてたから<BR>しばらくしたら来るだろう,"啊･･････他说会<BR>尽快赶过来,<BR>过一会儿应该就到了"
9-07.txt,80,セリフ◇ひとまず,ひとまずは安心...<BR>というわけですか,也就是说･･････<BR>暂时能放心了
9-07.txt,86,セリフ◇そうだね,そうだね,是啊
9-07.txt,110,セリフ◇そういば,そういえば,话说回来
9-07.txt,114,セリフ◇倉巳君,君は寝てないんじゃ<BR>ないかい？,你该不会<BR>还没睡吧？
9-07.txt,118,セリフ◇そうですね,そうですね....<BR>でも徹夜は慣れっこ<BR>ですから,是啊･･････<BR>不过熬夜我<BR>早就习惯了
9-07.txt,122,セリフ◇大丈夫,大丈夫ですよ,没事的
9-07.txt,137,セリフ◇いや,<TYPE interval=55>いや...　僕達の相手は...<BR>こっちが無理して<BR>敵うような相手じゃない,<TYPE interval=55>不･･････我们的对手･･････<BR>可不是靠硬撑<BR>就能对付的
9-07.txt,141,セリフ◇勝つ為,勝つためには...<BR>身体一つでやるしかない,要想赢･･････<BR>只能拿这副身体去拼
9-07.txt,156,セリフ◇そのため,その為に寝ろ...<BR>ですか,所以您的意思是･･････<BR>让我去睡觉吗
9-07.txt,163,セリフ◇そう,そう,对
9-07.txt,170,セリフ◇ええ,ええ<BR>...そうですね,嗯<BR>･･････也是啊
9-07.txt,186,セリフ◇たしかに,たしかに眠い,确实挺困的
9-07.txt,193,セリフ◇ふ,"ふぁ～ぁ,　じゃあ<BR>..お言葉に甘えて",哈啊〜那<BR>･･････我就不客气了
9-07.txt,197,セリフ◇あああ,ああ,嗯
9-07.txt,218,セリフ◇なにか,何かあったら..<BR>起こしてくださいよ,有什么事･･････<BR>记得叫醒我啊
9-07.txt,226,セリフ◇おやす,ああ..　おやすみ<BR>...倉巳君,嗯･･････晚安<BR>･･････仓巳君
9-08.txt,13,セリフ◇･･･,<TYPE interval=45>･･････</TYPE>,<TYPE interval=45>･･････</TYPE>
9-08.txt,70,セリフ◇な,なんだ？,怎么回事？
9-08.txt,86,セリフ◇地図,地図と<TYPE interval=45>･･････,地图和<TYPE interval=45>･･････
9-08.txt,88,セリフ◇これ,"これは<TYPE interval=45>･･････</TYPE>,<BR>何の施設だろうか？","这是<TYPE interval=45>･･････</TYPE>,<BR>什么设施呢？"
9-08.txt,114,セリフ◇･･･,<TYPE interval=35>･･････</TYPE>ん<TYPE interval=20>･･････</TYPE>！？,<TYPE interval=35>･･････</TYPE>嗯<TYPE interval=20>･･････</TYPE>！？
9-08.txt,183,セリフ◇な,カ<TYPE interval=45>･･････</TYPE>,卡<TYPE interval=45>･･････</TYPE>
9-08.txt,185,セリフ◇涙,ディン<TYPE interval=45>･･･<BR></TYPE>..ギル<TYPE interval=45>･･････？,丁<TYPE interval=45>･･････<BR></TYPE>･･････吉尔<TYPE interval=45>･･････？
9-08.txt,214,セリフ◇なん,"<TYPE interval=88>こんな<TYPE interval=45>･･････</TYPE>,<BR>ことが<TYPE interval=45>･･････</TYPE>","<TYPE interval=88>这种事<TYPE interval=45>･･････</TYPE>,<BR>竟然<TYPE interval=45>･･････</TYPE>"
9-08.txt,219,セリフ◇いや,いや...　今は..<BR>この手紙を読もう,不･･････现在･･････<BR>先看这封信吧
9-08.txt,242,セリフ◇その,"<FONT size=20 color=""white""><TYPE interval=97 style=Fade>その手紙に書かれていたことは、.....<BR>品藤の手による、...品藤という人間の..回顧録だった。","<FONT size=20 color=""white""><TYPE interval=97 style=Fade>信中所写的内容...<BR>是出自品藤之手...是品藤这个人的...回忆录。"
9-08.txt,257,セリフ◇ある,"<FONT size=20 color=""white""><TYPE interval=77  style=Fade>ある子供達がいた。","<FONT size=20 color=""white""><TYPE interval=77  style=Fade>曾经有一群孩子。"
9-08.txt,263,セリフ◇あ,"<FONT size=20 color=""white""><TYPE interval=87 style=Fade>孤児院で暮らしていたその子供達は、...<BR>一定の年になるとテストを受けさせられ、...選別された。","<FONT size=20 color=""white""><TYPE interval=87 style=Fade>生活在孤儿院的孩子们...<BR>到了特定年纪就会被安排接受测试...并被筛选。"
9-08.txt,276,セリフ◇その,"<FONT size=20 color=""white""><TYPE interval=77 style=Fade>その結果、...その中でも優秀な子供達は軍によって引き取られ、<BR>...特殊な教育を受ける。","<FONT size=20 color=""white""><TYPE interval=77 style=Fade>结果...其中优秀的孩子被军方收养,<BR>...接受特殊教育。"
9-08.txt,283,セリフ◇そし,"<FONT size=20 color=""white""><TYPE interval=87 style=Fade>子供達は..軍の手足となるべく育てられた。","<FONT size=20 color=""white""><TYPE interval=87 style=Fade>孩子们...被培养成军方的爪牙。"
9-08.txt,301,セリフ◇子供,"<FONT size=20 color=""white""><TYPE interval=77 style=Fade>子供達は大人になると、...各方面へ偽の身分を<BR>与えられ巣立っていく。<BR><BR>,...その主な活動は諜報。","<FONT size=20 color=""white""><TYPE interval=77 style=Fade>孩子们长大后...会被赋予伪造的身份派往各地,<BR>...各自单飞。<BR><BR>,...他们的主要任务是谍报。"
9-08.txt,308,セリフ◇品藤,"<FONT size=20 color=""white""><TYPE interval=77 style=Fade>品藤は教育の中で、...その資質を見込まれたのか、<BR>...古痕に潜入することになった。...,<BR><BR>軍の機密は堅く、...古痕の人間ですらその事は誰も知らなかった。","<FONT size=20 color=""white""><TYPE interval=77 style=Fade>品藤在教育期间...或许是被看中了资质,<BR>...被派去潜入古痕...<BR><BR>军方保密极严...就连古痕的人也不知道这件事。"
9-08.txt,327,セリフ◇そし,"<FONT size=20 color=""white""><TYPE interval=77 style=Fade>そして段階を経て、...登りつめていく品藤。","<FONT size=20 color=""white""><TYPE interval=77 style=Fade>然后经过各个阶段...一步步爬上高位的品藤。"
9-08.txt,331,セリフ◇その,"<FONT size=20 color=""white""><TYPE interval=77 style=Fade>その過程で荒山と出会い、","<FONT size=20 color=""white""><TYPE interval=77 style=Fade>在这个过程中，她遇到了荒山，"
9-08.txt,337,セリフ◇自分,"<FONT size=20 color=""white""><TYPE interval=77 style=Fade>僕とも出会う。","<FONT size=20 color=""white""><TYPE interval=77 style=Fade>也遇到了我。"
9-08.txt,375,セリフ◇随分,随分悲惨な場所に<BR>住んでいるんだね,你住的地方<BR>还真是够惨的啊
9-08.txt,384,セリフ◇久しぶり,"久しぶり,<BR>津名川宗慈君","好久不见,<BR>津名川宗慈君"
9-09.txt,6,セリフ◇お,お<BR>...奥平さん,奥<BR>･･････奥平先生
9-09.txt,12,セリフ◇慌て,"慌てなくてもいいよ,<BR>津名川","不用慌,<BR>津名川"
9-09.txt,18,セリフ◇さて,さて...　彼女達は<BR>..どこだい？,那么･･････她们･･････<BR>在哪？
9-09.txt,33,セリフ◇あはい,"あ..　はい,<BR>奥です","啊･･････是的,<BR>在里面"
9-09.txt,39,セリフ◇そうか,そうか...<BR>じゃ急ごうか,这样啊･･････<BR>那快点吧
9-09.txt,60,セリフ◇確かに,確かに君が電話で言っていた通り...<BR>大した毒ではないのだろうね,确实如你在电话里所说･･････<BR>算不上什么剧毒呢
9-09.txt,64,セリフ◇実験,実験的な意味合いが<BR>強いんじゃないのかな,实验性质<BR>应该更强一些吧
9-09.txt,68,セリフ◇ぎりぎり,この症状から見るに..<BR>ぎりぎりのところで<BR>致死量を越えないように..<BR>しているようだ,从这症状来看･･････<BR>似乎是<BR>在极限边缘<BR>将剂量控制在致死量以下･･････
9-09.txt,81,セリフ◇だが,だが..この子達の免疫系が<BR>強すぎるから,但是･･････这些孩子的免疫系统<BR>太强了
9-09.txt,85,セリフ◇その,その反発がこうして彼女達を<BR>蝕んでいるんだろうね,所以排斥反应才会这样<BR>侵蚀她们的身体吧
9-09.txt,89,セリフ◇とりあ,とりあえず特殊なやつだけど<BR>免疫抑制剤の注射をしておくよ,总之先注射一种特殊的<BR>免疫抑制剂吧
9-09.txt,121,セリフ◇治り,治りますか？,能治好吗？
9-09.txt,125,セリフ◇治るさ,治るさ,能治好
9-09.txt,129,セリフ◇そのため,その為に..ここに自分が<BR>いるのだからね,毕竟我来这里<BR>就是为了这个啊
9-09.txt,148,セリフ◇すみま,すみません<TYPE interval=45>･･････</TYPE>,对不起<TYPE interval=45>･･････</TYPE>
9-09.txt,152,セリフ◇こんな時,こんな時に貴方を<BR>呼びつけるような真似を<BR>してしまって<TYPE interval=45>･･････</TYPE>,在这种时候<BR>还把您<BR>叫过来<TYPE interval=45>･･････</TYPE>
9-09.txt,156,セリフ◇謝る,謝る必要は無いよ,没必要道歉
9-09.txt,160,セリフ◇ち,ちょっとこっちも<BR>君に用があったからね,正好我这边<BR>也有事找你
9-09.txt,164,セリフ◇え,えっ？,哎？
9-09.txt,184,セリフ◇グ,グラハム氏から..<BR>これを預かっていた,格拉汉姆先生･･････<BR>托我转交这个
9-09.txt,192,セリフ◇自分,自分だけに...<BR>というわけでは<BR>なさそうだけどね,似乎<BR>不只是<BR>给我一个人的･･････
9-09.txt,209,セリフ◇･･････,<TYPE interval=45>･･････</TYPE>これは？,<TYPE interval=45>･･････</TYPE>这是？
9-09.txt,211,セリフ◇メ,メッセージ<BR>というやつだろう,算是留言<BR>之类的东西吧
9-09.txt,213,セリフ◇グラハム,グラハム氏が..そこで<BR>君を待っているらしい,格拉汉姆先生･･････<BR>似乎在那里等你
9-09.txt,215,セリフ◇この子達,この子達が治り次第<BR>急いでいくといい,等这些孩子一治好<BR>你就赶紧过去吧
9-09.txt,233,セリフ◇軍,軍ももうじき<BR>感づいてしまう<BR>だろうからね,军队那边<BR>应该也很快<BR>就会察觉到了
9-09.txt,256,セリフ◇なぜ,何故<TYPE interval=45>･･････</TYPE><BR>何故自分なんでしょう？,为什么<TYPE interval=45>･･････</TYPE><BR>为什么是我？
9-09.txt,263,セリフ◇あの,それはあの人に<BR>聞くしか無いな,那只能去问<BR>那个人了
9-09.txt,270,セリフ◇君の,あの人は..君の記憶に<BR>執着している,那个人･･････<BR>对你的记忆很执着
9-09.txt,285,セリフ◇いや君,"<TYPE interval=82>いや,　君の記憶――",<TYPE interval=82>不，是你的记忆——
9-09.txt,289,セリフ◇と,"というよりも<BR>...その下にある何か,,<BR>なのだろうな",倒不如说･･････<BR>･･････是潜藏在其下的<BR>某种事物吧。
9-09.txt,293,セリフ◇オリ,それを《オリジン》と...<BR>あの人は呼んでいたけどね,那个人･･････<BR>曾将其称为“起源”。
9-09.txt,312,セリフ◇其の様子,本当に..君も<BR>まだ何も知らないのか,难道･･････你<BR>也还什么都不知道吗。
9-09.txt,318,セリフ◇ええ･･･,ええ<TYPE interval=45>･･････</TYPE>,是的<TYPE interval=45>･･････</TYPE>
9-09.txt,324,セリフ◇秘密,秘密主義に<BR>付き合うのも大変だね<BR>..お互い,要配合这种保密作风<BR>也挺不容易呢<BR>･･････彼此彼此。
9-09.txt,328,セリフ◇はは,"ははは,<BR>ええ","哈哈哈,<BR>是啊。"
9-09.txt,353,セリフ◇まあ,とにかく....　<BR>これで仕事は終わりだ,总之･･････　<BR>这样工作就算结束了。
9-09.txt,357,セリフ◇問題,<TYPE interval=78>あとは君達の..<BR>問題だ,<TYPE interval=78>剩下的就是你们的･･････<BR>问题了。
9-09.txt,368,セリフ◇頑張って,頑張って...<BR>あとでまた会えるように,加油･･････<BR>希望之后还能再相见。
9-09.txt,372,セリフ◇すね,そうですね,是的。
9-09.txt,376,セリフ◇会え,<TYPE interval=78>あとでまた<BR>会えますように,<TYPE interval=78>希望之后还能<BR>再相见。
9-09.txt,395,セリフ◇そ,それじゃ....<BR>津名川君,那么･･････<BR>津名川君。
9-09.txt,401,セリフ◇奥平,奥平さんは<BR>これから？,奥平先生<BR>接下来打算去哪？
9-09.txt,405,セリフ◇幸い,幸い身を隠すつてが<BR>あるんでね,幸好还有<BR>可以藏身的门路。
9-09.txt,409,セリフ◇ほと,ほとぼりが冷めるまで...<BR>《外》に行っているさ,等风头过去･･････<BR>就去“外”避避风头。
9-09.txt,424,セリフ◇なるほど,なるほど,原来如此。
9-09.txt,428,セリフ◇用件,君も用件が終われば...<BR>そうしたほうがいい,等你办完事･･････<BR>最好也去避一避。
9-09.txt,432,セリフ◇しつ,奴らはしつこいからね,那帮家伙可是很缠人的。
9-09.txt,447,セリフ◇じゃ,それじゃ,那就这样。
9-09.txt,451,セリフ◇ありがとう,"はい<BR>,ありがとうございます<BR>,奥平さん",好的<BR>非常感谢<BR>奥平先生。
9-09.txt,477,セリフ◇妻,"<FONT size=20 color=""white""><TYPE style=Fade interval=82>『 妻と娘と..　ともに 』","<FONT size=20 color=""white""><TYPE style=Fade interval=82>“ 与妻女... 一同 ”"
9-09.txt,488,セリフ◇墓地,白詰草墓地<TYPE interval=45>･･････</TYPE>,白三叶草墓地<TYPE interval=45>･･････</TYPE>
9-10.txt,8,セリフ◇じ,よし..　お前達は<BR>ここで待っていなさい,好了･･････你们<BR>在这里等着。
9-10.txt,14,セリフ◇ご,"<FONT size=15>ご主人様<TYPE interval=45>･･････</TYPE>,<BR>大丈夫なんですか？","<FONT size=15>主人<TYPE interval=45>･･････</TYPE>,<BR>您没事吧？"
9-10.txt,21,セリフ◇グ,グラハムさんと<BR>会うだけだ....<BR>別に何も無いさ,只是去见格拉汉姆先生<BR>而已･･････<BR>没什么大不了的。
9-10.txt,36,セリフ◇で,でも<TYPE interval=45>･･････</TYPE>...<TYPE interval=55>ご主人様が<BR>危険になったら<BR>..すぐ行きますから！,"可是<TYPE interval=45>･･････</TYPE>･･････<TYPE interval=55>如果主人<BR>遇到危险的话,<BR>･･････我会立刻过去的！"
9-10.txt,43,セリフ◇はは,"はは,　そのときは<BR>頼むよ",哈哈，到时候<BR>就拜托你了。
9-10.txt,49,セリフ◇でも,でも..　今は透花達のほうが<BR>弱ってるんだから...<BR>そこで休んでいなさい,不过･･････现在透花你们<BR>也比较累･･････<BR>就在那里好好休息吧。
9-10.txt,66,セリフ◇はい,"<FONT size=15>はい<TYPE interval=45>･･････</TYPE>,<BR>わかりました","<FONT size=15>好的<TYPE interval=45>･･････</TYPE>,<BR>我明白了。"
9-10.txt,92,セリフ◇グラ,"グラハムさん<TYPE interval=45>･･････</TYPE>,<BR>今日は？","格拉汉姆先生<TYPE interval=45>･･････</TYPE>,<BR>今天来这里是？"
9-10.txt,97,セリフ◇･･････,<TYPE interval=45>･･････</TYPE>津名川君,<TYPE interval=45>･･････</TYPE>津名川君。
9-10.txt,111,セリフ◇あはい,はい,嗯。
9-10.txt,115,セリフ◇少し,少し　歩こうか,稍微走走吧。
9-10.txt,119,セリフ◇あ･･･はい,あ<TYPE interval=45>･･････</TYPE><BR>はい,啊<TYPE interval=45>･･････</TYPE><BR>好的
9-10.txt,142,セリフ◇君は,君は良くここに<BR>来るのか？,你经常来<BR>这里吗？
9-10.txt,147,セリフ◇年に,"年に２度<BR>,といったところですか",大概一年<BR>两次吧
9-10.txt,151,セリフ◇そうか,そうか,是吗
9-10.txt,165,セリフ◇私は,私は月に１度<BR>来ることにしている,我每个月<BR>都会来一次
9-10.txt,169,セリフ◇誰か,<TYPE interval=45>･･････</TYPE><BR>お墓参りですか,<TYPE interval=45>･･････</TYPE><BR>是来扫墓的吗？
9-10.txt,173,セリフ◇･･････,<TYPE interval=45>･･････</TYPE>,<TYPE interval=45>･･････</TYPE>
9-10.txt,195,セリフ◇これは,<TYPE interval=45>･･････</TYPE>これは？,<TYPE interval=45>･･････</TYPE>这是？
9-10.txt,199,セリフ◇妻,<TYPE interval=45>･･････</TYPE>私の妻と娘...<BR>エルガとステラの墓だ,<TYPE interval=45>･･････</TYPE>是我妻子和女儿･･････<BR>埃尔加和斯特拉的墓。
9-10.txt,203,セリフ◇前にも,前にも話したかもしれないが...<BR>もう亡くなって<BR>何十年になる<TYPE interval=45>･･････</TYPE>,以前可能跟你说过･･････<BR>她们已经去世<BR>几十年了<TYPE interval=45>･･････</TYPE>
9-10.txt,207,セリフ◇ここが,そうでしたか<TYPE interval=45>･･････</TYPE>,是这样啊<TYPE interval=45>･･････</TYPE>
9-10.txt,226,セリフ◇為,君は何の為に<BR>..ここに来るのかね？,你又是为了什么<BR>･･････来这里呢？
9-10.txt,232,セリフ◇ある一人,<TYPE interval=45>･･････</TYPE>ある...　一人の<BR>友人のためです,<TYPE interval=45>･･････</TYPE>为了･･････一位<BR>朋友。
9-10.txt,238,セリフ◇名前は,名前は？,叫什么名字？
9-10.txt,242,セリフ◇倖,<RUBY text='さち'>倖</RUBY>...　と<BR>いいます,我叫幸...<BR>
9-10.txt,265,セリフ◇もっとも,もっとも...　僕が<BR>知っているのは<BR>彼女の名前だけですが,不过･･････我<BR>知道的，也只有<BR>她的名字而已。
9-10.txt,271,セリフ◇関係,君とその子は<BR>..どんな関係だったのかね,你和那个孩子<BR>･･････是什么关系呢？
9-10.txt,287,セリフ◇質問,今までの会話の中で<BR>一番質問が多いですね<BR>グラハムさん,"这应该是到目前为止,<BR>您问得最多的一次了吧,<BR>格拉汉姆先生。"
9-10.txt,293,セリフ◇厭かね,嫌かね,觉得烦吗？
9-10.txt,297,セリフ◇そうでは,いえ　そうでは<BR>ありません,不，并非<BR>如此
9-10.txt,301,セリフ◇正直,<TYPE interval=45>･･････</TYPE>貴方は他人に<BR>興味が無い人だと<BR>思っていました,<TYPE interval=45>･･････</TYPE>我一直以为<BR>您是个对他人<BR>毫无兴趣的人
9-10.txt,317,セリフ◇確かに,確かに　私には<BR>そういうところがあるな,确实，我<BR>是有这种倾向
9-10.txt,321,セリフ◇君のこと,だが　今は君のことを<BR>もう少し知っておきたいのだよ,但现在，我想<BR>再多了解你一些
9-10.txt,325,セリフ◇なぜですか,何故ですか？,为什么？
9-10.txt,354,セリフ◇不思議,君は不思議には<BR>思わなかったのかね,你难道没有<BR>觉得奇怪吗
9-10.txt,360,セリフ◇知識が,その知識が<BR>何処から来るのか,那些知识<BR>究竟从何而来
9-10.txt,364,セリフ◇自分が,どうして自分が<BR>それを既に知っているのか,为什么自己<BR>会已经知晓这些
9-10.txt,377,セリフ◇誤解,"思います,<BR>しかし今は････今の僕には<BR>どうでもいいことです","想过,<BR>但现在･･････对现在的我<BR>来说已经无所谓了"
9-10.txt,381,セリフ◇電気信号,科学者らしからぬ言葉だ..<BR>原因のない結果を<BR>良しとするのかね？,这可不像是科学家<BR>该说的话･･････<BR>你竟能接受无因之果吗？
9-10.txt,392,セリフ◇すか,<TYPE interval=45>･･････</TYPE>そうです,<TYPE interval=45>･･････</TYPE>是的
9-10.txt,396,セリフ◇脳,それは　天才と呼ばれる<BR>君の解答ではないな,这可不像是<BR>被称为天才的你的回答
9-10.txt,400,セリフ◇気が,うすうすは<BR>気がついているはずだ,你心里<BR>应该早有察觉了
9-10.txt,404,セリフ◇か,何を<TYPE interval=45>･･････</TYPE>ですか？,察觉什么<TYPE interval=45>･･････</TYPE>？
9-10.txt,422,セリフ◇存在,<TYPE interval=80>オリジンの存在を....　だよ,<TYPE interval=80>“起源”的存在･･････啊。
9-10.txt,426,セリフ◇オリジン,<TYPE interval=75>オリジン<TYPE interval=45>･･････</TYPE>,<TYPE interval=75>起源<TYPE interval=45>･･････</TYPE>
9-10.txt,440,セリフ◇起源,全ての始まりの知識,一切起始的知识
9-10.txt,442,セリフ◇そ,《オリジン（起源知識）》,“起源（起源知识）”
9-10.txt,444,セリフ◇大地,それは...かつてこの大地にあった<BR>文明の記憶だ,那是･･････曾经存在于这片大地上的<BR>文明的记忆
9-10.txt,446,セリフ◇神々,神々が直接作った人々...<BR>言葉無き言葉で意思を<RUBY text='そつう'>疎通</RUBY>することが<BR>出来た人々の文明,众神直接创造的人们...<BR>能够用无言之言来疏通心意的<BR>人们的文明
9-10.txt,448,セリフ◇失敗,だが彼らは神の言葉を失った,但他们失去了神的话语
9-10.txt,495,セリフ◇高,"<FONT size=18 color=""white""><TYPE interval=77>更なる高みへと登るため、...バベルと言う塔を建てたのが、<BR>...その原因だ。","<FONT size=18 color=""white""><TYPE interval=77>为了登上更高的高度，...建造了名为巴别的塔,<BR>...那就是原因。"
9-10.txt,507,セリフ◇聖書,"バベル？<BR>,それは聖書の中の話では？",巴别塔？<BR>那不是“圣经”里的故事吗？
9-10.txt,513,セリフ◇バ,ヘブライ語でバブ・イル,在希伯来语中是巴布・伊尔
9-10.txt,519,セリフ◇カ,"シュメール語で<BR>カ・ディンギルともいうな,,<BR>「神の門」という意味だ",在苏美尔语中<BR>也被称为卡・丁吉尔･･････<BR>意思是“神之门”
9-10.txt,538,セリフ◇それは聖書,"<FONT size=20 color=""white"">そう、...確かにそれは聖書の中にある。","<FONT size=20 color=""white"">是的，...那确实记载在圣经里。"
9-10.txt,542,セリフ◇だが,"<FONT size=20 color=""white"">だが、...それがかつてあったことを、","<FONT size=20 color=""white"">但是，...如果那只是把过去发生过的事，"
9-10.txt,546,セリフ◇易い,"<FONT size=20 color=""white"">わかり易い形でまとめたものだとしたら？","<FONT size=20 color=""white"">用更容易理解的方式总结出来的东西呢？"
9-10.txt,550,セリフ◇遥か,"<FONT size=20 color=""white"">もしくは遥か昔にあった出来事が、","<FONT size=20 color=""white"">又或者，是遥远的过去所发生的事，"
9-10.txt,554,セリフ◇人々,"<FONT size=20 color=""white"">人々の間を口伝によって渡るにつれ、","<FONT size=20 color=""white"">在人们口口相传的过程中，"
9-10.txt,558,セリフ◇ああ,"<FONT size=20 color=""white"">ああいう形に変化したとしたら？","<FONT size=20 color=""white"">才变成了那种样子呢？"
9-10.txt,567,セリフ◇本当,<TYPE interval=45>･･････</TYPE>それが<BR>本当だとしても<TYPE interval=45>･･････</TYPE>,<TYPE interval=45>･･････</TYPE>就算那<BR>是真的<TYPE interval=45>･･････</TYPE>
9-10.txt,573,セリフ◇思う,だとしても？,那又能怎样？
9-10.txt,579,セリフ◇俄かには,<RUBY text='にわか '>俄か</RUBY>には<BR>信じられません,一时间实在<BR>让人无法相信
9-10.txt,601,セリフ◇私はある,だが..私はあることから<BR>..それを信じるに至ったのだよ,但是･･････由于某个契机<BR>･･････我最终相信了
9-10.txt,603,セリフ◇それがオ,それが..　オリジン<TYPE interval=45>･･････</TYPE><BR>....ですか？,那就是･･････起源<TYPE interval=45>･･････</TYPE><BR>･･････吗？
9-10.txt,608,セリフ◇空言,そう...　普通はそんな<RUBY text='そらごと'>空言</RUBY>は..<BR>信じられない,没错... 通常那种虚言是..<BR>让人无法相信的
9-10.txt,635,セリフ◇私はそれ,"そう...　私はそれを持っている,<BR>だが　それでは証明にはならない","没错... 我拥有那个,<BR>但是 这并不能成为证明"
9-10.txt,642,セリフ◇探した,私はその為に..私と同じように<BR>オリジンを持つ人間を探した,正因如此･･････我寻找着和我一样<BR>拥有起源的人
9-10.txt,646,セリフ◇いたで,いたのですか？,找到了吗？
9-10.txt,661,セリフ◇稀,ああ..　時々極々まれに..<BR>オリジンを持って<BR>生まれてくるものがいる,"啊･･････偶尔,<BR>极其少见地･･････<BR>会有生来就拥有起源的人"
9-10.txt,665,セリフ◇過去,私はその者たちに会い...<BR>そして過去への旅をさせ..<BR>話を聞いた,我见到了那些人･･････<BR>并让他们踏上重返过去的旅程･･････<BR>倾听他们的话语
9-10.txt,669,セリフ◇催眠,<TYPE interval=45>･･････</TYPE>退行催眠<TYPE interval=45>･･････</TYPE>,<TYPE interval=45>･･････</TYPE>退行催眠<TYPE interval=45>･･････</TYPE>
9-10.txt,695,セリフ◇前にも,そう...　君にも前に一度...<BR><RUBY text='ほどこ'>施</RUBY>したことがあったね,没错... 以前也曾对你...<BR>施予过一次呢
9-10.txt,699,セリフ◇持っている,僕が..それを<BR>持っていると？,我･･････<BR>拥有它？
9-10.txt,703,セリフ◇普通の,しかも..　どうやら<BR>貴方の言い方からすると..<BR>普通のものとは違っていそうだ,而且.. 看样子<BR>从您的说法来看..<BR>似乎和普通的东西不太一样呢
9-10.txt,718,セリフ◇津名川君,さすが津名川君だな<BR>話を飲み込むのが早い,真不愧是津名川君<BR>领悟得真快
9-10.txt,724,セリフ◇所有者,君はオリジンの<BR>所有者だ,你就是起源的<BR>拥有者
9-10.txt,728,セリフ◇古く,それも..<BR>私が出会った中で最も古く..<BR>そして多くの記憶を持つもの,而且･･････<BR>是我所遇之人中最为古老･･････<BR>并承载着最多记忆的存在
9-10.txt,732,セリフ◇･･･,<TYPE interval=45>･･････</TYPE>,<TYPE interval=45>･･････</TYPE>
9-10.txt,754,セリフ◇観察,私は.　君を見つけて以来..<BR>ずっと君を観察していたのだよ,我･･････自从发现你以来･･････<BR>就一直在观察着你
9-10.txt,761,セリフ◇覚醒,君がいつ完全に<BR>オリジンに覚醒するか,看你何时能完全<BR>觉醒为起源
9-10.txt,765,セリフ◇声,その中には.　きっと...<BR>私の問いに答えてくれる声が..<BR>あると思ったのだよ,"我心想,<BR>在那之中一定･･････<BR>能听到解答我疑问的声音･･････"
9-10.txt,785,セリフ◇問い,その問いとは..<BR>何ですか？,那个疑问･･････<BR>是什么呢？
9-10.txt,791,セリフ◇問う,誰でもが...一度は<BR>神に問うことだよ,是任何人･･････都必定会<BR>向神明发出的诘问
9-10.txt,812,セリフ◇人,人は何の為に<BR>生きているのか？,人究竟为了什么<BR>而活着？
9-10.txt,818,セリフ◇死んだ,生まれてすぐに<BR>死んだ人間には<BR>意味があるのか？,刚出生便<BR>夭折的人，其存在<BR>有意义吗？
9-10.txt,822,セリフ◇不公平,この世にある不公平さの<BR>意味とは一体何なのか？,"这世间种种不公,<BR>其意义究竟何在？"
9-10.txt,837,セリフ◇聞く,そんなことを<BR>聞きたかったのだ,我想问的<BR>就是这些
9-10.txt,843,セリフ◇今の,僕にはそのどれにも<BR>答えることは出来ません,这些问题中的任何一个<BR>我都无法解答
9-10.txt,855,セリフ◇ない,もともと..答えなど無い<BR>問いなのかもしれない,也许･･････这从一开始<BR>就是个没有答案的问题。
9-10.txt,859,セリフ◇知り,だが私は..それを<BR>知りたかったのだ,但我･･････却想要<BR>知道答案。
9-10.txt,863,セリフ◇納得,自分が納得する<BR>...納得できる形の答えを,一个能让自己信服･･････<BR>能让自己坦然接受的答案。
9-11.txt,12,セリフ◇この,このことを話したのは<BR>...君の他では品藤だけだよ,这件事<BR>･･････除了你之外，我只跟品藤说过。
9-11.txt,16,セリフ◇品藤,品藤は･･････,品藤她･･････
9-11.txt,20,セリフ◇知って,"もう･･････..知っています,<BR>死ぬ間際..　彼女自身で<BR>語ってくれました","她･･････已经知道了,<BR>在临终前･･････<BR>她亲口告诉了我。"
9-11.txt,34,セリフ◇ですが,ですが..　彼女は最後まで...<BR>僕の前では品藤聡美で..<BR>いてくれました,但是･･････直到最后･･････<BR>她在我面前･･････<BR>都始终是品藤聪美。
9-11.txt,38,セリフ◇彼女,今になってやっと･･･....　<BR>彼女の強さが<BR>わかった気がします･･････,直到现在･･････　<BR>我才终于･･････<BR>似乎明白了她的坚强。
9-11.txt,42,セリフ◇裏切られた,裏切られたとはいえ....<BR>私としても非常に惜しく思うよ,虽说遭到了背叛･･････<BR>但连我也觉得非常可惜。
9-11.txt,46,セリフ◇限り,彼女は私が知る限り..<BR>一番綺麗な青色の精神を<BR>持つものだ,就我所知･･････<BR>她拥有着<BR>最纯净的蓝色精神。
9-11.txt,67,セリフ◇澄んだ,冷たく非常に<BR>澄んだ青色,冰冷而又极其<BR>澄澈的蓝色。
9-11.txt,72,セリフ◇冷たさ,それゆえに<BR>その冷たさに彼女自身が<BR>耐えられなかったのだろう,正因如此･･････<BR>她自身恐怕也无法忍受<BR>那份冰冷吧。
9-11.txt,76,セリフ◇そう,僕も<BR>そう思います,我也･･････<BR>这么认为。
9-11.txt,101,セリフ◇品藤は,品藤は死んだ,品藤死了。
9-11.txt,105,セリフ◇軍は古痕,だが..　その後ろにいた軍は<BR>いまや古痕を制圧しつつある,"但是･･････她背后的军队,<BR>如今正在逐步控制古痕。"
9-11.txt,109,セリフ◇何を,軍は古痕に<BR>何を求めているのですか？,军队对古痕･･････<BR>究竟有何企图？
9-11.txt,113,セリフ◇恐らく,求めるものは<BR>恐らくもう無い,他们想要的东西･･････<BR>恐怕已经不复存在了。
9-11.txt,139,セリフ◇9割,"軍が――いや,　あの男の<BR>求めるものはもう９割方<BR>出来上がってしまっている","军队——不，那个男人<BR>所追求的东西,<BR>已经完成了９成左右。"
9-11.txt,141,セリフ◇征圧,制圧してきたのは<BR>用が済んだだけの事だろう,"他们之所以进行镇压,<BR>恐怕只是因为已经没用了吧。"
9-11.txt,143,セリフ◇あの男,あの男？,那个男人？
9-11.txt,145,セリフ◇スパッド,君は《スパッド》という<BR>男の名前を聞いたことは<BR>無いかね？,你有没有听过<BR>“斯帕德”<BR>这个名字？
9-11.txt,147,セリフ◇いいえ,いいえ,没有。
9-11.txt,195,セリフ◇剣,軍に剣《スパッド》と<BR>呼ばれる男がいる,军队里有个被称为<BR>“军之剑”斯帕德的男人。
9-11.txt,199,セリフ◇資金,彼は私に資金提供を<BR>持ちかけ,他曾向我提出<BR>提供资金，
9-11.txt,203,セリフ◇技術,代わりにそこで生まれた技術を<BR>軍に差し出すという条件を<BR>提示した,"作为交换，必须将在那里诞生的技术<BR>交给军队,<BR>他提出了这样的条件。"
9-11.txt,224,セリフ◇設立,私はこの古痕を<BR>設立するためその計画に<BR>賛同することにした,"为了建立这个古痕,<BR>我决定赞同<BR>那个计划。"
9-11.txt,228,セリフ◇間違い,それが全ての<BR>間違いの始まりだった,那就是<BR>一切错误的开端。
9-11.txt,232,セリフ◇･･････,･･････,･･････
9-11.txt,255,セリフ◇サナ,私は古痕が設立されると...<BR>まずサナトリウムを各地に造り..<BR>オリジンの所有者を探した,古痕成立之后･･････<BR>我首先在各处建立了疗养院･･････<BR>寻找“起源”的拥有者。
9-11.txt,261,セリフ◇所有,オリジンの所有者は<BR>..その特殊性からか<BR>その手の病院にいることが<BR>..多いからだ,因为“起源”的拥有者･･････<BR>或许是因为其特殊性･･････<BR>往往<BR>都住在那种医院里。
9-11.txt,265,セリフ◇確かに,確かに..<BR>僕も..　そうでしたね,确实･･････<BR>我･･････也是这样。
9-11.txt,271,セリフ◇ああ,ああ,是啊。
9-11.txt,295,セリフ◇各地,オリジンの所有者は<BR>何年かして各地に見つかった,"几年后,<BR>我们在各地找到了“起源”的拥有者。"
9-11.txt,299,セリフ◇私,私はその者たち一人一人に会い<BR>そしてオリジンのことを聞き出した,"我逐一拜访了那些人,<BR>并探明了关于“起源”的详情。"
9-11.txt,303,セリフ◇オリ,そのものたちのオリジンの<BR>かけらは　いつしか幾つかの<BR>大きなパーツとなった,那些人身上“起源”的<BR>碎片，不知不觉间已汇聚成<BR>几块巨大的拼图。
9-11.txt,316,セリフ◇現在,その一つが<BR>現在のエクストラ研究の<BR>基本であり,其中之一<BR>便是如今Extra研究的<BR>基础，
9-11.txt,322,セリフ◇塔,そしてバベルと呼ばれた<BR>塔の存在だった,以及那座被称为“巴别塔”的<BR>高塔的存在。
9-11.txt,335,セリフ◇精神,"バベルの塔の研究は最初,<BR>精神と魂の仕組みを理解する上で..<BR>非常に役に立った",起初，对巴别塔的研究<BR>在解析精神与灵魂的机制方面･･････<BR>发挥了极大的作用。
9-11.txt,339,セリフ◇極秘,当然..その研究は<BR>軍にさえも極秘とされ,当然･･････那项研究<BR>甚至对军方也严格保密，
9-11.txt,343,セリフ◇部下,私と研究者である<BR>数人の部下以外は<BR>知らないことだった,"除了我和几名身为研究者的<BR>部下之外,<BR>无人知晓。"
9-11.txt,360,セリフ◇しまった,それを知られて..<BR>しまったのですね,结果还是･･････<BR>走漏了风声啊。
9-11.txt,364,セリフ◇そうだ,そうだ,没错。
9-11.txt,380,セリフ◇おそらく,おそらくは..品藤なのだろう,恐怕･･････是品藤吧。
9-11.txt,384,セリフ◇機密,軍にその機密が漏れ...<BR>スパッドにそれを<BR>知られてしまった,机密泄露给了军方･･････<BR>最终被斯帕德<BR>察觉了。
9-11.txt,397,セリフ◇建造,スパッドはそれを知ると..<BR>古痕に《バベルの塔》の建造を<BR>命令したのだ,斯帕德得知此事后･･････<BR>便向古痕下令<BR>建造“巴别塔”。
9-11.txt,403,セリフ◇代物,"バベルで一体<BR>,何をしようと････？",他究竟想借巴别塔<BR>做什么･･････？
9-11.txt,422,セリフ◇精神,精神は波だから<BR>周波数がある,"精神本质上是一种波,<BR>因此存在频率。"
9-11.txt,426,セリフ◇システム,それをバベルのシステムは<BR>コントロールすることが<BR>出来るのだ,"而巴别塔的系统,<BR>正是用来控制<BR>这种频率的。"
9-11.txt,444,セリフ◇獲得,かつてバベルを作った者達は..<BR>更なる能力獲得の為に..<BR>バベルを使用した,当年建造巴别塔的人･･････<BR>为了获取更强大的能力･･････<BR>启用了巴别塔。
9-11.txt,448,セリフ◇構造物,その結果...　《塔》と呼ばれる<BR>構造物の中にいたものは<BR>人の意識を超えた<BR>ある高みへと到達した,"其结果是･･････身处那座<BR>被称为“塔”的设施中的人,<BR>超越了人类的意识极限,<BR>抵达了某种至高境界。"
9-11.txt,461,セリフ◇暴走,だがそのすぐ後<BR>バベルは暴走し<BR>中にいた全ての人間は<BR>死に絶えた,"但在那之后不久,<BR>巴别塔便失控暴走,<BR>里面所有的人类<BR>无一幸免。"
9-11.txt,467,セリフ◇周波数,後に残ったのは<BR>精神の周波数が落ち,"而幸存下来的,<BR>只有那些精神频率跌落、"
9-11.txt,471,セリフ◇祖先,もともと持っていた<BR>数々の力を無くした<BR>我々の祖先というわけだ,丧失了原本拥有的<BR>种种力量的<BR>我们的祖先。
9-11.txt,493,セリフ◇原因,原因を<BR>知ってるんですか？,您知道<BR>原因吗？
9-11.txt,497,セリフ◇不明,不明だ<BR>おそらく人為的ミスが<BR>あったのだろう,尚不明确<BR>恐怕是人为失误<BR>导致的吧。
9-11.txt,501,セリフ◇なくす,そして　ミスは次には<BR>無くす事が出来るというのが<BR>スパッドの理論だ,"而“下次一定能排除失误”,<BR>这便是斯帕德的<BR>理论。"
9-11.txt,522,セリフ◇使用,彼はそれを<BR>自分に使おうと？,他想把这东西<BR>用在自己身上？
9-11.txt,528,セリフ◇逆,いや　スパッドは違う<BR>使い方をするつもりだ,不，斯帕德打算<BR>另作他用。
9-11.txt,541,セリフ◇高み,全ての人間が...<BR>高みに上るため,为了让全人类･･････<BR>都能登临至高之境。
9-11.txt,547,セリフ◇不平等,全ての不平等を..<BR>無くすために,为了把所有的不平等..<BR>都消除掉
9-11.txt,551,セリフ◇革命,人間全体の革命を..<BR>起こそうとしているのだ,他正企图发起一场<BR>全人类的革命。
9-11.txt,555,セリフ◇･････････,･･････,･･････
9-11.txt,584,セリフ◇未知,人類にとっても<BR>未知の試みだ,"这对人类而言,<BR>也是一场前所未有的尝试。"
9-11.txt,588,セリフ◇理論,理論では正しくとも<BR>何が起こるかわからない,理论上或许无懈可击<BR>但谁也不知道会引发什么后果
9-11.txt,592,セリフ◇絶える,今度は　逆に外の全ての人間が<BR>死に絶えるかも知れないのだ,而这一次，搞不好外面的全人类<BR>都会死绝
9-11.txt,607,セリフ◇賛同,私はその考えに賛同はしたが<BR>それ以上に恐ろしい<BR>バベルの危険性を訴えた,我虽然赞同那个想法<BR>但也向他说明了巴别塔<BR>更为可怕的危险性
9-11.txt,613,セリフ◇彼は,だが彼は<BR>こういった,但他却<BR>这样说道
9-11.txt,633,セリフ◇人間が,全ての人間が..<BR>祝福され 神になることを<BR>何故阻むのだ？,全人类都将･･････<BR>蒙受祝福、化为神明<BR>你为何要阻止这一切？
9-11.txt,637,セリフ◇反対,我々は...　自らを<BR>救わねばならない,我们必须･･････亲手<BR>拯救自己
9-11.txt,641,セリフ◇お前にも,それは..　お前にも<BR>わかっているはずだ..<BR>グラハム,那件事･･････你心里<BR>应该也清楚･･････<BR>格拉汉姆
9-11.txt,660,セリフ◇点点,･･････,･･････
9-11.txt,666,セリフ◇言葉,私はその言葉を..<BR>否定できなかった,我根本无法否认<BR>那句话･･････
9-11.txt,670,セリフ◇克服,私にとっても..<BR>それは運命のように<BR>思えた,因为对那时的我而言･･････<BR>那也仿佛是不可违抗的<BR>命运
9-11.txt,683,セリフ◇否定,だが...　心のどこかで<BR>..否定しなければいけない<BR>という思いがあった,但在内心深处･･････<BR>我始终觉得必须<BR>去否定它
9-11.txt,687,セリフ◇その時,信念を持てなかった.私は..　.<BR>その時..それを言葉には<BR>出来なかった,缺乏信念的我･･････<BR>在那一刻･･････无法将其<BR>诉诸言语
9-11.txt,699,セリフ◇あの男,もっとも..　それが出来たところで...<BR>あの男が意見を聞いたとは<BR>思えないがね,不过･･････就算我说得出口･･････<BR>那个男人恐怕也<BR>不会听取我的意见吧
9-11.txt,712,セリフ◇代わり,だから私は　その代わり<BR>現代の技術の未熟さを理由に<BR>その建造を遅らせてきた,所以我转而<BR>以现代技术尚不成熟为由<BR>一直拖延着巴别塔的建造
9-11.txt,718,セリフ◇遅らせて,遅らせてはきた<BR>だが　もう限界だった,我确实拖延了一阵子<BR>但也已经到极限了
9-11.txt,722,セリフ◇進歩,技術の進歩は<BR>日を追うごとに高まり,技术的进步<BR>日新月异
9-11.txt,728,セリフ◇判断,とうとう建造は<BR>可能という判断が<BR>出ることになる,最终，得出了<BR>“已具备建造条件”的<BR>判定
9-11.txt,745,セリフ◇監視下,そしてバベルは<BR>軍の監視下の元<BR>建造が開始された,于是，巴别塔<BR>在军方的监视之下<BR>正式动工
9-11.txt,762,セリフ◇場所,それが<BR>この写真ですか,这就是<BR>照片上的那个地方吗
9-11.txt,768,セリフ◇バベ,"そうだ,<BR>――東海村第二原発","没错,<BR>——东海村第二核电站"
9-11.txt,775,セリフ◇廃棄,世間的には<BR>廃棄された原子炉と<BR>認識されているがね,对外界而言<BR>那里只被当作<BR>废弃的反应堆罢了
9-11.txt,795,セリフ◇完成,バベルは　いつ...<BR>完成するのですか？,巴别塔究竟何时･･････<BR>才能完工？
9-11.txt,801,セリフ◇必要,"もうじき..　だろう,<BR>もう既に必要なものは..<BR>殆ど彼は手に入れている","快了･･････吧,<BR>他几乎已经<BR>集齐了所有必需之物･･････"
9-11.txt,805,セリフ◇鍵,最後の鍵でもあった...<BR>かつての塔の残骸も..<BR>手に入れた今となっては――,尤其是作为最后一把钥匙的･･････<BR>往日高塔的残骸也<BR>落入他手之后——
9-11.txt,823,セリフ◇猶予,一刻の<RUBY text='ゆうよ'>猶予</RUBY>もない,已经没有一刻可以犹豫了
9-11.txt,840,セリフ◇そのため,"今日･･････<BR>,僕を呼んだのは<BR>その為...　というわけですか",今天･･････<BR>您把我叫来<BR>就是为了这件事･･････吗
9-11.txt,846,セリフ◇エク,"あの子達･･････<BR>,エクストラの力でそれを..<BR>止めてくれとでも？",是想让那些孩子･･････<BR>用Extra的力量去･･････<BR>阻止它吗？
9-11.txt,850,セリフ◇確かに,"いや･･････<BR>,確かに私は..　かつては<BR>それを望んでいた",不･･････<BR>我确实･･････曾经<BR>抱有过那种期望
9-11.txt,870,セリフ◇いまでは,だが　今では<BR>そんな気は全くないのだ,但事到如今<BR>我已经彻底打消了这个念头
9-11.txt,874,セリフ◇育てた,自分の《力》としての<BR>エクストラ計画では<BR>あったが,尽管Extra计划<BR>曾是我寄托于自身的<BR>“力量”
9-11.txt,878,セリフ◇君の,君の育てた<BR>あの子達を見ていると,看着你养育长大的<BR>那些孩子们
9-11.txt,882,セリフ◇いつのまにか,何時の間にか...そんな気は<BR>なくなっていたのだよ,不知不觉间･･････那种念头<BR>就已经烟消云散了
9-11.txt,886,セリフ◇エマ,あの子達３人は<BR>幸せになるべきだ,那三个孩子<BR>理应获得幸福
9-11.txt,910,セリフ◇挨拶,だから今日は<BR>君に最後の挨拶を<BR>しようと思ったのだよ,所以今天<BR>我才想来<BR>向你做最后的道别
9-11.txt,914,セリフ◇最後,最後？,最后？
9-11.txt,928,セリフ◇責任,全ての責任は<BR>..私にある,所有的责任<BR>･･････都在我身上
9-11.txt,934,セリフ◇エ,全ては私のエゴから..<BR>起こったことだ,这一切都是因我的私欲･･････<BR>而引发的
9-11.txt,938,セリフ◇死も,大勢の死も..<BR>そしてバベルも,无数人的丧生･･････<BR>还有巴别塔
9-11.txt,942,セリフ◇始末,ならば...　その後始末も..<BR>私自身がせねばなるまい,既然如此･･････那善后工作･･････<BR>也必须由我亲自来了结
9-11.txt,959,セリフ◇一人で,"一人でなんとかする,,<BR>とでも言うつもりですか",您该不会是想说･･････<BR>要一个人去解决吧
9-11.txt,965,セリフ◇無茶,<TYPE interval=45>いくらなんでも<BR>無茶です！,<TYPE interval=45>无论如何<BR>这也太乱来了！
9-11.txt,969,セリフ◇自分達が,<TYPE interval=45>僕たちが――,<TYPE interval=45>我们——
9-11.txt,973,セリフ◇及ばない,"いや,　それには<BR>及ばない",不，用不着<BR>做到那一步
9-11.txt,992,セリフ◇スパッド,"スパッドは..<BR>私を立ち合わせる...<BR>と, いっているそうだ",斯帕德･･････<BR>说要让我到场见证･･････<BR>听说是这样
9-11.txt,996,セリフ◇チャンス,ならばまだ私に<BR>もチャンスはある,既然如此，我也<BR>还有机会
9-11.txt,1000,セリフ◇点々,･･････,･･････
9-11.txt,1019,セリフ◇役目,それに<BR>あれを止めるのは<BR>私の役目だ,况且<BR>阻止那件事<BR>本就是职责所在
9-12.txt,9,セリフ◇そ,"それでは..<BR>そろそろお別れだ,<BR>津名川君","那么･･････<BR>差不多该道别了,<BR>津名川君。"
9-12.txt,13,セリフ◇軍,もう..　軍が私を<BR>嗅ぎつけてもおかしくない,军队那边･･････<BR>迟早会察觉到我的行踪。
9-12.txt,17,セリフ◇危険,ここもじきに..<BR>危険になる,这里很快也･･････<BR>会变得危险。
9-12.txt,30,セリフ◇あなた,それで貴方は..<BR>どうするんですか？,那您･･････<BR>打算怎么办？
9-12.txt,34,セリフ◇拘束,私は一度彼らに<BR>拘束されるつもりだ,我打算先被他们･･････<BR>拘捕一次。
9-12.txt,38,セリフ◇内通者,部下が何人か<BR>内通者として..<BR>軍に潜入している,我有几个部下･･････<BR>已经作为内应･･････<BR>潜入了军队。
9-12.txt,42,セリフ◇内部,彼らとともに<BR>...私は内部から<BR>バベルに向かう,我会和他们一起･･････<BR>从内部･･････<BR>前往巴别塔。
9-12.txt,61,セリフ◇無駄,<TYPE interval=45>･･････</TYPE>もう止めても..<BR>無駄なようですね<TYPE interval=45>･･････</TYPE>,<TYPE interval=45>･･････</TYPE>看来再劝･･････<BR>也是没用了呢<TYPE interval=45>･･････</TYPE>
9-12.txt,67,セリフ◇気持ち,君の気持ちは<BR>..ありがたく貰っておくよ,你的心意･･････<BR>我就心领了。
9-12.txt,73,セリフ◇軍が,君達は..　軍が私に<BR>気をとられている間に..<BR>逃げるといい,你们･･････<BR>趁军队把注意力集中在我身上时･･････<BR>赶紧逃吧。
9-12.txt,90,セリフ◇離れる,逃げて...　出来る限り<BR>離れることだ,逃得･･････<BR>越远越好。
9-12.txt,94,セリフ◇恥じ,逃げるのは...<BR>決して悪い事ではない,逃跑･･････<BR>绝不是什么坏事。
9-12.txt,123,セリフ◇別に,"いいえ...　僕も<BR>東海村に向かいます,<BR>貴方とは別に","不･･････<BR>我也要前往东海村,<BR>和您分头行动。"
9-12.txt,127,セリフ◇見届ける,<TYPE interval=45>･･････</TYPE>君も見届ける...<BR>ということか<TYPE interval=45>･･････</TYPE>,<TYPE interval=45>･･････</TYPE>你也要去亲眼见证･･････<BR>是吗？<TYPE interval=45>･･････</TYPE>
9-12.txt,133,セリフ◇すね,そうですね,是的。
9-12.txt,153,セリフ◇手紙,誰の為でもなく..<BR>僕自身の意思で,不是为了任何人･･････<BR>而是出于我自己的意志。
9-12.txt,157,セリフ◇自分,品藤の死の意味と<BR>..自分自身のことを<BR>見極めるつもりです,"我打算去弄清･･････<BR>品藤之死的意义,<BR>以及･･････我自己的事情。"
9-12.txt,161,セリフ◇いけない,そうしなければ<BR>いけない気がするんです,我觉得･･････<BR>我必须这么做。
9-12.txt,174,セリフ◇最後の,これをあの子達の<BR>最後の戦いにするためにも――,为了把这一切･･････<BR>变成那些孩子们的最后一战——
9-12.txt,178,セリフ◇そうか,そうか<TYPE interval=45>･･････</TYPE>,这样啊･･････<TYPE interval=45>･･････</TYPE>
9-12.txt,182,セリフ◇止め,それならば<BR>...私も止めはすまい,既然如此･･････<BR>･･････我也不再劝阻了。
9-12.txt,201,セリフ◇もう一度,もう一度<BR>...あの子達に会いますか？,你还会･･････<BR>再见到那些孩子们吗？
9-12.txt,205,セリフ◇十分,いや<BR>...もう十分すぎるほどに<BR>見させてもらったよ,不･･････<BR>我已经看得･･････<BR>足够多了。
9-12.txt,209,セリフ◇可能性,本当に<BR>..満足している,真的･･････<BR>･･････已经很满足了。
9-12.txt,213,セリフ◇はい,･･････はい,･･････是的。
9-12.txt,228,セリフ◇武運,御武運を,祝你武运昌隆。
9-12.txt,246,セリフ◇古い,古い言葉を<BR>知っているな...<BR>津名川君,你还懂･･････<BR>这种老话啊･･････<BR>津名川君。
9-12.txt,252,セリフ◇ですよ,オリジン..　ですよ,毕竟･･････我是起源嘛。
9-12.txt,258,セリフ◇冗談,冗談が言えるようなら...<BR>きっと大丈夫だな,还能开玩笑的话･･････<BR>肯定就没问题了。
9-12.txt,262,セリフ◇ね,そうですね,是的。
9-12.txt,279,セリフ◇また,それではまた,那么，回见。
9-12.txt,283,セリフ◇ああ,ああ,嗯。
9-12.txt,287,セリフ◇会おう,互いにな,彼此彼此啊。
9-13.txt,10,セリフ◇調子,身体はどうだい...<BR>みんな？,大家･･････<BR>身体还好吗？
9-13.txt,14,セリフ◇用事,できるだけ早く..<BR>ここから離れよう,尽可能快点･･････<BR>离开这里吧。
9-13.txt,18,セリフ◇急がな,急がないと<BR>...軍が来るんだ,得抓紧时间<BR>･･････军队就要来了。
9-13.txt,31,セリフ◇ば,ばち～しでしゅ,完全没问题的说〜
9-13.txt,35,セリフ◇回復,もう随分<BR>回復しました,已经<BR>好很多了。
9-13.txt,39,セリフ◇大丈夫,エマも――<BR>...もう大丈夫だよね,艾玛也<BR>･･････已经没事了吧。
9-13.txt,52,セリフ◇宗慈,うんっ,嗯！
9-13.txt,57,セリフ◇あ,あ　宗慈さん...<BR>グラハムさんは？,啊，宗慈先生･･････<BR>格拉汉姆先生呢？
9-13.txt,61,セリフ◇会い,私ちょっと<BR>...会いたかったな<TYPE interval=45>･･････</TYPE>,我刚才有点<BR>･･････想见见他<TYPE interval=45>･･････</TYPE>
9-13.txt,78,セリフ◇さゆ,さゆも<BR>..おじいちゃんに..<BR>あいたかーた,沙友也<BR>･･････想见<BR>老爷爷･･････
9-13.txt,85,セリフ◇ははは,あの人はあの人で...<BR>これから急ぎの<BR>用事があったんだ,他那个人<BR>有他自己的事･･････<BR>接下来还有急事要办。
9-13.txt,91,セリフ◇用事,大切な用事がね,是很重要的事。
9-13.txt,108,セリフ◇さん,宗慈さん,宗慈先生。
9-13.txt,114,セリフ◇うん,うん,嗯。
9-13.txt,127,セリフ◇用事が,用事が終わったら...<BR>また会えるかな？,等事情办完了･･････<BR>还能再见面吗？
9-13.txt,132,セリフ◇きっと,<TYPE interval=45>･･････,<TYPE interval=45>･･････
9-13.txt,149,セリフ◇きっと,"ああ　..,会えるよ<BR>..きっと",啊･･････能见的<BR>･･････一定。
9-14.txt,11,セリフ◇少佐,<TYPE interval=30>少佐！,<TYPE interval=30>少佐！
9-14.txt,40,セリフ◇作戦,作戦の首尾は..<BR>どうだ,作战进展･･････<BR>如何？
9-14.txt,45,セリフ◇申しわけ,申し訳ありません,万分抱歉
9-14.txt,49,セリフ◇津名川,<TYPE interval=50>津名川の方ですが...<BR>グラハムの方に人数を<BR>割いていたため,<TYPE interval=50>关于津名川那边･･････<BR>因为将人手<BR>调去对付格拉汉姆了
9-14.txt,53,セリフ◇隙間,<TYPE interval=50>その隙間を<BR>抜かれる形に<TYPE interval=45>･･････</TYPE>,<TYPE interval=50>结果被对方<BR>钻了空子<TYPE interval=45>･･････</TYPE>
9-14.txt,82,セリフ◇つ,つくづく使えぬ連中だ,真是一群没用的废物
9-14.txt,84,セリフ◇あり,申しわけ<BR>ありません<TYPE interval=45>･･････</TYPE>,万分<BR>抱歉<TYPE interval=45>･･････</TYPE>
9-14.txt,88,セリフ◇獲物,手負いの獲物相手に<BR>その醜態か,对付受伤的猎物<BR>竟还露出这副丑态
9-14.txt,113,セリフ◇良い,<TYPE interval=45>･･････</TYPE>まあ　良い...<BR>だが.　グラハムのほうは<BR>捕らえたのだろうな？,<TYPE interval=45>･･････</TYPE>罢了･･････<BR>不过，格拉汉姆那边<BR>应该抓住了吧？
9-14.txt,118,セリフ◇拍子,"はい,　グラハムは自ら..<BR>こちらの手に落ちました",是的，格拉汉姆主动･･････<BR>落入了我们手中
9-14.txt,122,セリフ◇考え,ふん....　何を<BR>考えているのだか,哼･･････<BR>到底在打什么算盘
9-14.txt,151,セリフ◇監視,一応..　監視の人数を<BR>増やしておけ,姑且･･････<BR>增加些监视人手
9-14.txt,155,セリフ◇はい,はい,是
9-14.txt,166,セリフ◇いかが,津名川の方は<BR>如何致しましょう？,津名川那边<BR>该如何处置？
9-14.txt,170,セリフ◇追跡,一応...　追跡隊を編成し<BR>追わせておけ,姑且･･････<BR>组建追踪队去追他
9-14.txt,174,セリフ◇期待,成果は期待して<BR>いないがな,不过别指望<BR>能有什么成果
9-14.txt,178,セリフ◇報告,捕らえたときは..<BR>報告するといい,抓住他的时候･･････<BR>再来报告
9-14.txt,193,セリフ◇計画,この計画の前では<BR>エクストラの生死など...<BR>ほんの些事に過ぎんのだからな,在这项计划面前<BR>Extra的生死･･････<BR>不过是区区小事罢了
9-14.txt,197,セリフ◇わか,わかりました,明白了
9-14.txt,201,セリフ◇手配,それでは<BR>..そう手配いたします,那么<BR>･･････我这就去安排
9-14.txt,205,セリフ◇本部,雨が酷くなってきましたが<TYPE interval=45>･･････</TYPE>...<BR>本部の方に戻らないのですか？,雨下得越来越大了<TYPE interval=45>･･････</TYPE>･･････<BR>您不回本部吗？
9-14.txt,228,セリフ◇心配,余計な心配は<BR>..無用だ,多余的操心<BR>･･････大可不必
9-14.txt,232,セリフ◇考える,私はここで...<BR>考えることがある,我要在这里･･････<BR>思考些事情
9-14.txt,236,セリフ◇仕事,お前は自分の<BR>..仕事をしろ,你去做你<BR>･･････自己的分内事
9-14.txt,240,セリフ◇はい,はい<BR>...わかりました,是<BR>･･････明白了
9-14.txt,244,セリフ◇後で,それでは<BR>..また定時に,那么<BR>･･････到了规定时间再汇报
9-14.txt,321,セリフ◇か･･････,ようやく･･･か<TYPE interval=45>･･････</TYPE>,终于･･････了吗<TYPE interval=45>･･････</TYPE>
9-14.txt,349,セリフ◇完成,完成しました,完成了
9-14.txt,351,セリフ◇あなた,あともう少しで...<BR>人は..　ようやく貴方の<BR>膝元に近づけるのです,只差一点点了･･････<BR>人类･･････<BR>终于能接近您的膝下了
9-14.txt,377,セリフ◇父,<TYPE interval=80 style=Fade>我が父よ,<TYPE interval=80 style=Fade>我的父亲啊
10-01.txt,23,セリフ◇貴方,本当に<BR>行くんですか？,真的<BR>要去吗？
10-01.txt,27,セリフ◇ああ,ああ,嗯。
10-01.txt,32,セリフ◇軍,軍の警備は<BR>尋常じゃありませんよ,军队的戒备<BR>非同小可啊。
10-01.txt,36,セリフ◇あの,あの子たちでも..<BR>大丈夫かどうか<TYPE interval=45>･･････</TYPE>,就算是那些孩子･･････<BR>能不能全身而退都难说<TYPE interval=45>･･････</TYPE>
10-01.txt,40,セリフ◇死ぬ,"考え直すべきです,<BR>死にに行くようなもんだ","您还是重新考虑一下吧,<BR>这简直等于去送死。"
10-01.txt,57,セリフ◇･･･,<TYPE interval=45>･･････</TYPE>死ぬかどうかは<BR>問題じゃないんだ,<TYPE interval=45>･･････</TYPE>会不会死<BR>根本不是问题。
10-01.txt,61,セリフ◇き,きっと信念の<BR>問題なんだろうね,这关乎的<BR>是信念吧。
10-01.txt,65,セリフ◇倉巳,君も　それはわかって<BR>いるんじゃないのか？,你心里<BR>应该也清楚吧？
10-01.txt,78,セリフ◇それに,それに　問題はもう<BR>僕達だけのものじゃない,而且，这已经<BR>不只是我们自己的问题了。
10-01.txt,82,セリフ◇今,軍が今<BR>動かそうとしているものは<BR>全ての人間に関係がある,"军队现在<BR>企图启动的东西,<BR>关乎全人类。"
10-01.txt,86,セリフ◇だから,その事実を知る僕達が<BR>傍観したまま決断をしなければ<BR>必ず後悔することになる,"知晓这一事实的我们,<BR>如果继续袖手旁观、不做决断,<BR>必定会后悔终生。"
10-01.txt,103,セリフ◇バベル,その<TYPE interval=45>･･････</TYPE>バベルというものは<BR>どんなものなんです？,"那个<TYPE interval=45>･･････</TYPE>所谓的巴别塔,<BR>究竟是个什么东西？"
10-01.txt,107,セリフ◇全て,全ての人間の魂を<BR>高いレベルへ持ち上げ<BR>平等な世界を作る――,"将全人类的灵魂<BR>提升到更高的层次,<BR>创造一个平等的世界——"
10-01.txt,111,セリフ◇そういう,そういうものだよ<BR>簡単に言うとね,简单来说<BR>就是这么回事。
10-01.txt,125,セリフ◇そんな,えっ<TYPE interval=45>･･････</TYPE><BR>そんなことが<TYPE interval=45>･･････</TYPE><BR>本当に出来るんですか？,诶<TYPE interval=45>･･････</TYPE><BR>那种事<TYPE interval=45>･･････</TYPE><BR>真的能做到吗？
10-01.txt,129,セリフ◇可能,可能だろうね<BR><TYPE interval=45>･･････</TYPE>僕の記憶が正しければ,应该可能吧<BR><TYPE interval=45>･･････</TYPE>如果我的记忆没错的话。
10-01.txt,133,セリフ◇でも,でも　それって考えてみると<BR>《良いもの》なんじゃ<BR>ないんですか？,"可是仔细想想,<BR>那难道不是个<BR>“好东西”吗？"
10-01.txt,137,セリフ◇皆,皆が幸せになる――<BR>ということでしょう？,让大家都能获得幸福——<BR>就是这么回事吧？
10-01.txt,157,セリフ◇さて,さて――,这可就——
10-01.txt,161,セリフ◇どうか,――それはどうかな,——那可未必。
10-01.txt,192,セリフ◇用意,用意..できました,准备･･････好了。
10-01.txt,194,セリフ◇あーい,<FONT size=24 face='ＭＳ ゴシック'>あ<TYPE style='Spring' speed=500 interval=500>ー</TYPE>い,<FONT size=24 face='ＭＳ ゴシック'>是<TYPE style='Spring' speed=500 interval=500>——</TYPE>
10-01.txt,196,セリフ◇どうする,"これからどうするの,<BR>宗慈さん？","接下来怎么办,<BR>宗慈先生？"
10-01.txt,217,セリフ◇向かう,"バベルに向かうよ<BR>,すぐにでもね","去巴别塔,<BR>事不宜迟。"
10-01.txt,221,セリフ◇二時間,"ここからなら二時間ほどだろうけど,<BR>もう時間は一刻も惜しいからね","从这里过去大概要两个小时,<BR>但时间已经一刻也拖延不起了。"
10-01.txt,225,セリフ◇はい,はい,好的。
10-01.txt,241,セリフ◇三人,"三人とも,<BR>調子はどうだい？","你们三个,<BR>感觉怎么样？"
10-01.txt,248,セリフ◇もー,もー　大丈夫<BR>でーす,已经——完全<BR>没事了——
10-01.txt,262,セリフ◇薬,あの薬で随分<BR>楽になりました,"多亏了那个药,<BR>感觉轻松多了。"
10-01.txt,266,セリフ◇じゃあ,"そうか,　じゃあこれが終わったら,<BR>奥平さんにお礼を<BR>しにいかないとね","这样啊。那等这事结束了,<BR>可得去好好<BR>谢谢奥平啊。"
10-01.txt,270,セリフ◇さゆも,<FONT size=20 face='ＭＳ ゴシック'>さゆも<BR>おれいすゆよ<TYPE style='Spring' speed=500 interval=500>ー,<FONT size=20 face='ＭＳ ゴシック'>沙友也<BR>要去道谢哦<TYPE style='Spring' speed=500 interval=500>〜
10-01.txt,284,セリフ◇会い,そうだね<BR>皆で会いに行こう,是啊<BR>大家一起去见她吧
10-01.txt,288,セリフ◇終わ,これが終わったら<BR>ですね,等这件事结束后<BR>再说吧
10-01.txt,310,セリフ◇決戦,"決戦――,,だね",是决战――，呢
10-01.txt,317,セリフ◇最後,"うん<BR>,最後の戦いさ",嗯<BR>最后的战斗了
10-01.txt,331,セリフ◇倉巳君,倉巳君は<BR>これからどうするんだ？,仓巳君<BR>接下来打算怎么办？
10-01.txt,335,セリフ◇ここまで,ここまできたら<BR>..一蓮托生ですよ,都走到这一步了<BR>･･････只能同生共死了
10-01.txt,339,セリフ◇何か,それに　何かに屈して<BR>自分を曲げるようなことは<BR>うんざりなんです,而且 我已经受够了<BR>向什么低头、<BR>扭曲自己的做法了
10-01.txt,343,セリフ◇やら,バベル　とやらも<BR>見てみたいですしね,而且 我也想去看看<BR>那个所谓的“巴别塔”呢
10-01.txt,361,セリフ◇長生き,君も長生きは<BR>できんな,看来你也不打算<BR>长命百岁啊
10-01.txt,368,セリフ◇死ぬ,明日死ぬ身だと思えば<BR>何でも出来ますよ,要是觉得自己明天就会死<BR>什么事都做得出来哦
10-01.txt,373,セリフ◇行く,死にに行くわけじゃ<BR>ありませんけどね,不过<BR>也不是去送死啦
10-01.txt,377,セリフ◇だね,そうだね<BR>うん　その通りだ,是啊<BR>嗯 说得对
10-01.txt,385,セリフ◇じゃ,それじゃ　..行こうか,那么 ･･････出发吧
10-01.txt,389,セリフ◇はいっ,はいっ,好！
10-02.txt,40,セリフ◇少佐,少佐！,少佐！
10-02.txt,51,セリフ◇老人,少佐　老人は<BR>如何致しましょうか？,少佐，那位老人<BR>该如何处置？
10-02.txt,55,セリフ◇現在,現在　空いている<BR>倉庫は何処だ？,现在空着的<BR>仓库是哪个？
10-02.txt,59,セリフ◇８２,８２番倉庫です<BR>先月まで非常食の<BR>置いてあったところです,是82号仓库<BR>上个月之前<BR>一直存放应急食品的地方。
10-02.txt,72,セリフ◇では,"ではそこに入れておけ,<BR>鍵を掛け 交代制で<BR>見張りをつけろ","那就把他关进去,<BR>锁好门，安排人手<BR>轮班看守。"
10-02.txt,76,セリフ◇はい,はっ,是！
10-02.txt,80,セリフ◇あと,"それから<TYPE interval=45>･･････</TYPE>,,<BR><TYPE interval=45>･･････</TYPE>いや　,これは<BR>かまわんか","还有<TYPE interval=45>･･････</TYPE>,<BR><TYPE interval=45>･･････</TYPE>算了，这<BR>也无所谓吧"
10-02.txt,93,セリフ◇あはい,"あ　はい<BR>,それでは任務を遂行します",啊，是<BR>那我这就去执行任务
10-02.txt,97,セリフ◇ご苦労,ご苦労,辛苦了
10-02.txt,121,セリフ◇おい,おい,喂
10-02.txt,128,セリフ◇ス,はい<BR>スパッド様,"是,<BR>斯帕德大人"
10-02.txt,132,セリフ◇グラハム,"グラハムはお前が見張っていろ<BR>,..やつは必ず何かしようとするはずだ",格拉汉姆就交给你盯着<BR>･･････那家伙肯定会看情况行动的
10-02.txt,136,セリフ◇内部,"内部の裏切り者を<BR>処分するのにも<BR>,良い機会だしな",正好也是<BR>清理内部叛徒的<BR>绝佳机会
10-02.txt,151,セリフ◇場合,その場合は<BR>どうしますか？,"若他有所行动,<BR>该如何处置？"
10-02.txt,155,セリフ◇もし,もしグラハムが<BR>抵抗するようであれば<BR>手の一本でも折って構わん,"如果格拉汉姆<BR>敢反抗,<BR>打断他一只手也无妨"
10-02.txt,159,セリフ◇裏切り,"裏切り者は殺せ,<BR>だがグラハムは殺すな","叛徒就地处决,<BR>但格拉汉姆不能杀"
10-02.txt,172,セリフ◇最後,やつには最後まで<BR>見届けさせてやる,我要让他<BR>亲眼见证到最后
10-02.txt,176,セリフ◇成果,"一応,　これまでの成果に対する,<BR>感謝の意を示しておくさ","姑且，对至今为止的成果,<BR>表示一下谢意吧"
10-02.txt,180,セリフ◇わか,",わかりました",明白了
10-02.txt,197,セリフ◇さて,さて――,那么——
10-02.txt,201,セリフ◇招待,あとは招待されていない客を<BR>どう扱うかだな,接下来就是<BR>该怎么处理不请自来的客人了
10-02.txt,205,セリフ◇エレン,<TYPE interval=0>エレン――,<TYPE interval=0>艾伦——
10-03.txt,11,セリフ◇わ,――わかったわ,——明白了。
10-03.txt,30,セリフ◇ど,どうしたんですか？,出什么事了？
10-03.txt,34,セリフ◇津名川,津名川が<BR>来るそうよ,听说津名川<BR>要过来了。
10-03.txt,38,セリフ◇彼等,彼らもこっちと<BR>決着をつけたいのでしょう,他们想必也想<BR>与我们做个了断吧。
10-03.txt,42,セリフ◇それ,それならこちらも<BR>準備をしないとね,既然如此，我们这边<BR>也得做好准备了。
10-03.txt,59,セリフ◇沈黙,<TYPE interval=45>･･････,<TYPE interval=45>･･････
10-03.txt,72,セリフ◇篤子,篤子..　知佳と知登の<BR>リミッターを全て<BR>..解除しなさい,笃子･･････把知佳和知登的<BR>限制器全部<BR>･･････解除。
10-03.txt,76,セリフ◇はい,<TYPE interval=45>･･････</TYPE>はい？,<TYPE interval=45>･･････</TYPE>您说什么？
10-03.txt,88,セリフ◇ここが,ここが最後の舞台よ....<BR>もう猶予はないわ,这里就是最终的舞台了･･････<BR>已经不容许再犹豫了。
10-03.txt,92,セリフ◇決着,津名川宗慈と<BR>決着をつけるのよ,去和津名川宗慈<BR>做个了断。
10-03.txt,96,セリフ◇彼の,"彼のエクストラには..<BR>絶対に負けるわけにいかない,<BR>絶対に<TYPE interval=45>･･････</TYPE>","绝不能输给他的Extra･･････<BR>我们绝对不能输,<BR>绝对<TYPE interval=45>･･････</TYPE>"
10-03.txt,106,セリフ◇エレン,"<TYPE interval=30>エレンさん！,<BR>無茶です","<TYPE interval=30>艾伦女士！,<BR>这太乱来了。"
10-03.txt,113,セリフ◇まだ,<TYPE interval=45>まだプログラムが<BR>完成していませんし...<BR>調整もまだ不十分です,<TYPE interval=45>程序尚未<BR>完成･･････<BR>调整也还不够充分。
10-03.txt,117,セリフ◇二人,<TYPE interval=42>二人の身体は<BR>きっともちません！,<TYPE interval=42>艾伦小姐！<BR>这太乱来了。
10-03.txt,125,セリフ◇私は,"篤子<TYPE interval=45>･･････</TYPE>,..<BR>私は命令したのよ",笃子<TYPE interval=45>･･････</TYPE>･･････<BR>我已经下达命令了。
10-03.txt,129,セリフ◇意見,"意見は求めていないわ,.<BR><TYPE interval=45>･･････</TYPE>実行しなさい","我不需要你的意见,.<BR><TYPE interval=45>･･････</TYPE>立刻执行。"
10-03.txt,144,セリフ◇･･････,<TYPE interval=45>････････････</TYPE>,<TYPE interval=45>･･････</TYPE>
10-03.txt,149,セリフ◇は,<TYPE interval=45>･･････</TYPE>はい,<TYPE interval=45>･･････</TYPE>是
10-03.txt,176,セリフ◇地下知登,"知佳<TYPE interval=45>･･････</TYPE>,<BR>知登<TYPE interval=45>･･････</TYPE>","知佳<TYPE interval=45>･･････</TYPE>,<BR>知登<TYPE interval=45>･･････</TYPE>"
10-03.txt,191,セリフ◇レ,"<TYPE interval=55>レベル１リミッター<BR>,解除開始します",<TYPE interval=55>一级限制器<BR>开始解除
10-04.txt,29,セリフ◇さて,さて　これから<BR>..どうするか..　だな,那么 接下来･･････<BR>･･････该怎么办･･････ 呢
10-04.txt,35,セリフ◇知,知佳と知登の姿は..<BR>見えないですね,看不见<BR>知佳和知登的身影呢
10-04.txt,54,セリフ◇そうだな,そうだな,是啊
10-04.txt,58,セリフ◇だけど,だけど　きっと<BR>何処かにいるだろうね,但她们一定<BR>在某个地方吧
10-04.txt,62,セリフ◇気合,気合入れて<BR>いかなきゃ,得打起精神<BR>上了
10-04.txt,68,セリフ◇きあい,"<FONT size=18 face=""MS ゴシック\>きあいー","<FONT size=18 face=""MS ゴシック\>气势——"
10-04.txt,93,セリフ◇この,この子達にかかったら<BR>...こんな無謀な戦いでも..<BR>遠足気分になっちゃいますね,有这些孩子在的话<BR>･･････就算是这么轻率的战斗･･････<BR>也会变成远足般的心情呢
10-04.txt,99,セリフ◇気,気をつけなければいけないけど...<BR>気負いすぎるのはよくない,虽然必须小心...<BR>但过于紧张也不好
10-04.txt,103,セリフ◇だから,だからこれで<BR>..いいのさ,所以这样<BR>･･････就挺好的
10-04.txt,116,セリフ◇それに,それにしても<BR>...どうするんですか？,话说回来<BR>･･････我们该怎么办？
10-04.txt,120,セリフ◇かなり,かなり厳重な...<BR>警備体制ですよ,戒备可是相当森严啊<BR>
10-04.txt,124,セリフ◇侵入,侵入経路は<BR>もう把握しているよ,入侵路线<BR>我已经掌握了
10-04.txt,128,セリフ◇あとは,あとはいかに早く..<BR>そこの守りを突破するかだね,剩下的就是如何尽快･･････<BR>突破那里的防守了
10-04.txt,143,セリフ◇敵の,敵のいないところは<BR>ないんですか？,就没有<BR>没有敌人的地方吗？
10-04.txt,147,セリフ◇この手の,この手の基地で複数の人間が<BR>気付かれずに侵入するのは<BR>無理な相談だな,在这种基地里，想让多人<BR>不被发现地潜入<BR>是不现实的。
10-04.txt,151,セリフ◇守備,守備の薄そうなところは<BR>知り合いが残してくれた手紙に<BR>書いてある,防守薄弱的位置<BR>熟人留下的信里有写<BR>
10-04.txt,155,セリフ◇とり,とりあえずそれを頼りに<BR>調べるのが最初だね,总之先以此为线索<BR>展开调查吧
10-04.txt,170,セリフ◇それじゃ,それじゃ<BR>..まずはそれですか,那么<BR>･･････首先就查这个吗
10-04.txt,174,セリフ◇二手,"そうだね,<BR>二手に分かれて捜索しよう","是啊,<BR>兵分两路查找吧"
10-04.txt,178,セリフ◇誰か,誰か一人か二人..<BR>倉巳君についていって<BR>あげなさい,派一两个人･･････<BR>跟着仓巳君<BR>一起去吧
10-04.txt,201,セリフ◇沈黙,<TYPE interval=45>･･････</TYPE>,<TYPE interval=45>･･････</TYPE>
10-04.txt,205,セリフ◇じゃん,じゃんけんかな,猜拳吗
10-04.txt,219,セリフ◇じゃ,<TYPE interval=45>じゃん....けんっ！,<TYPE interval=45>石头･･････剪刀！
10-04.txt,223,セリフ◇ぽん,<TYPE interval=20>ぽんっ,<TYPE interval=20>布！
10-04.txt,244,セリフ◇ああ,ああ～<BR>負けちゃった～,啊〜<BR>输啦〜
10-04.txt,251,セリフ◇宗慈,宗慈さん～,宗慈先生〜
10-04.txt,264,セリフ◇負け,負けたんだから<BR>仕方ないね,既然输了<BR>也没办法呢
10-04.txt,270,セリフ◇倉巳,それじゃ<TYPE interval=45>･･････</TYPE>...<BR>倉巳君はエマと一緒に<BR>..東の倉庫側の入り口を<BR>調べてくれ,那么<TYPE interval=45>･･････</TYPE>･･････<BR>仓巳君和艾玛一起<BR>･･････去调查<BR>东边仓库侧的入口吧
10-04.txt,274,セリフ◇僕達,僕達は西側の格納庫周辺を..<BR>調べてみるよ,我们去西边机库周围･･････<BR>调查一下
10-04.txt,291,セリフ◇え,"<TYPE interval=25><FONT size=18>えっ　ええっ？,<BR>い　いいんですか？","<TYPE interval=25><FONT size=18>诶 诶诶？,<BR>真 真的可以吗？"
10-04.txt,299,セリフ◇何が,何が？,什么？
10-04.txt,310,セリフ◇あ,"<TYPE interval=45>あ　いえ！...<BR>なんでもないです,<BR>やる時はやりますよ僕は～！","<TYPE interval=45>啊，不！･･････<BR>没什么啦,<BR>该出手的时候我自然会出手的〜！"
10-04.txt,314,セリフ◇いや,"いやあ　..もう<BR>...今日は実に良い日ですね！,..<BR>よーしっ！！",哎呀･･････真是的<BR>･･････今天可真是个好日子啊！･･････<BR>好嘞！！
10-04.txt,319,セリフ◇･･････,<TYPE interval=45><FONT size=14>･･････</TYPE>,<TYPE interval=45><FONT size=14>･･････</TYPE>
10-05.txt,16,セリフ◇ふう,ふう<TYPE interval=45>･･･</TYPE>,呼<TYPE interval=45>･･････</TYPE>
10-05.txt,23,セリフ◇倉巳,倉巳さん<BR>..大丈夫？,仓巳先生<BR>･･････没事吧？
10-05.txt,36,セリフ◇はは,はは<TYPE interval=45>･･･</TYPE><BR>なんとかね,哈哈<TYPE interval=45>･･････</TYPE><BR>勉强撑得住吧
10-05.txt,40,セリフ◇どんまい,"<TYPE interval=45>どんまいどんまい,..<BR>はりきっていこ！",<TYPE interval=45>别在意别在意･･････<BR>打起精神上吧！
10-05.txt,43,セリフ◇沈黙,<TYPE interval=45>･･････</TYPE>,<TYPE interval=45>･･････</TYPE>
10-05.txt,67,セリフ◇どう,どうやら西側では<BR>ここが手薄のようだね<TYPE interval=45>･･････</TYPE>,看来西侧这边<BR>防守比较薄弱呢<TYPE interval=45>･･････</TYPE>
10-05.txt,73,セリフ◇東,東側はどうだった？,东侧那边怎么样？
10-05.txt,77,セリフ◇東側,東側は駄目でした<BR>かなり人数がいますね,东侧没戏<BR>人数相当多啊
10-05.txt,96,セリフ◇何か,何か罠のような<BR>気もするが<TYPE interval=45>･･････</TYPE>,总感觉像是个陷阱<BR>不过･･････<TYPE interval=45>･･････</TYPE>
10-05.txt,100,セリフ◇ま,ま　ここまできたら<BR>四の五の言ってる<BR>場合じゃないか,嘛，既然都走到这一步了<BR>现在可不是说三道四的<BR>时候了吧
10-05.txt,104,セリフ◇三人,三人とも<BR>用意はいい？,你们三个<BR>准备好了吗？
10-05.txt,109,セリフ◇ば,"<FONT size=18 face=""MS ゴシック\><TYPE interval=30>ばち～しです","<FONT size=18 face=""MS ゴシック\><TYPE interval=30>万无一失"
10-05.txt,125,セリフ◇よし,"よし,　それじゃ..<BR>行こうか",好，那･･････<BR>出发吧
10-06.txt,30,セリフ◇なん,<TYPE interval=30>な.　なんだ<BR>..お前達は？,<TYPE interval=30>什･･････什么<BR>･･････你们是谁？
10-06.txt,40,セリフ◇う,<TYPE interval=20><FONT size=20>う..　ぐぁっ！,<TYPE interval=20><FONT size=20>呜･･････咕啊！
10-06.txt,62,セリフ◇大丈夫,大丈夫ですか...<BR>グラハム様,您没事吧･･････<BR>格拉汉姆大人
10-06.txt,67,セリフ◇あ,"ありがとう,<BR>大丈夫だ","多谢,<BR>我没事。"
10-06.txt,71,セリフ◇進行,進捗状況は？,进度如何？
10-06.txt,85,セリフ◇終了,搬送は既に終了しました...<BR>現在は電源ライン確保及び..<BR>粒子加速器試験運転中です,搬运工作已经结束･･････<BR>目前正在确保电源线路，以及･･････<BR>进行粒子加速器的试运行。
10-06.txt,89,セリフ◇動ける,動けるものは..<BR>何人ほどいる？,还能行动的人･･････<BR>有多少？
10-06.txt,93,セリフ◇あまり,あまりいません,不多了。
10-06.txt,97,セリフ◇この,この作戦の少し前に<BR>殆どの協力者が解雇もしくは<BR>違う部署に飛ばされました,"在这次行动开始前不久,<BR>大部分合作者都被辞退,<BR>或是调去了其他部门。"
10-06.txt,112,セリフ◇手を,手を打たれた<BR>わけか<TYPE interval=45>･･････</TYPE>,看来是被对方<BR>先了一步了啊<TYPE interval=45>･･････</TYPE>
10-06.txt,116,セリフ◇現在,現在の警備の<BR>状態はどうだ？,现在的警备<BR>情况如何？
10-06.txt,120,セリフ◇外側,外側の警備は厳重ですが..<BR>中はそれほどでは<BR>無いようです,外部警备十分严密･･････<BR>但内部似乎<BR>没那么森严。
10-06.txt,124,セリフ◇それも,それも..　私が<BR>自由になったのが<BR>ばれるまでだな,这也只是･･････<BR>在我重获自由<BR>被发现之前罢了。
10-06.txt,139,セリフ◇急がない,急がないと<BR>いけないようだ,看来得<BR>抓紧时间了。
10-06.txt,143,セリフ◇はい,はい,是。
10-06.txt,147,セリフ◇こちら,それではこちらへ,那么，这边请。
10-06.txt,169,セリフ◇なんだ,<TYPE interval=40>な..　なんだきさ<TYPE interval=45>･･･</TYPE>,<TYPE interval=40>你･･････你这家伙<TYPE interval=45>･･････</TYPE>
10-06.txt,181,セリフ◇ぐ,<FONT size=18 face='G'>ぐあッ,<FONT size=18 face='G'>咕啊！
10-06.txt,198,セリフ◇ここまで,ここまでです<BR>グラハム老,就到这里了<BR>格拉汉姆老先生
10-06.txt,202,セリフ◇ス,<TYPE interval=45>･･････</TYPE>スパッド直属の<BR>部下か,<TYPE interval=45>･･････</TYPE>斯帕德的直属<BR>部下吗
10-06.txt,215,セリフ◇おと,おとなしくすれば<BR>危害は加えません,只要乖乖配合<BR>我们不会伤害你
10-06.txt,219,セリフ◇貴方,貴方は一応この計画の<BR>ゲストですから,毕竟您多少也是这项计划的<BR>贵宾
10-06.txt,230,セリフ◇ふん,ふん,哼
10-06.txt,236,セリフ◇大層,"大層な待遇だな,<BR>グラハム","待遇还真不错啊,<BR>格拉汉姆"
10-06.txt,252,セリフ◇誰だ,<FONT size=20>誰だ！？,<FONT size=20>谁！？
10-06.txt,269,セリフ◇公安,"公安の<TYPE interval=45>･･････</TYPE><BR>,荒山<TYPE interval=45>･･････</TYPE><BR>...か<TYPE interval=45>･･････</TYPE>",公安的<TYPE interval=45>･･････</TYPE><BR>荒山<TYPE interval=45>･･････</TYPE><BR>･･････吗<TYPE interval=45>･･････</TYPE>
10-06.txt,271,セリフ◇貴様,貴様ごときに<BR>名乗る名など..<BR>持っていないな,就凭你，也配让我<BR>报上名号･･････<BR>我可不记得有这名字
10-06.txt,293,セリフ◇荒山,荒山<TYPE interval=45>･･････</TYPE>,荒山<TYPE interval=45>･･････</TYPE>
10-06.txt,298,セリフ◇グラハム,"グラハム　,俺はお前を<BR>助けたわけでも<BR>..これから助けるつもりでもないぞ","格拉汉姆,<BR>我可不是来救你的<BR>･･････以后也没打算救你"
10-06.txt,302,セリフ◇俺,俺はただ　..品藤との約束を<BR>..果たしにきただけだ,我只是･･････来完成和品藤的<BR>･･････约定罢了
10-06.txt,315,セリフ◇だから,だから ..これから<BR>起こることには<BR>..別に興味は無い,所以･･････对于接下来<BR>会发生的事<BR>･･････我没什么兴趣
10-06.txt,319,セリフ◇お前,それはお前達で..<BR>決着をつけろ,你们自己･･････<BR>去一决胜负吧
10-06.txt,323,セリフ◇雑魚,雑魚は片付けて<BR>おいてやるがな,杂兵<BR>就帮你们清理掉吧
10-06.txt,336,セリフ◇お前達,<TYPE interval=45>･･････</TYPE>お前達？,<TYPE interval=45>･･････</TYPE>你们？
10-06.txt,340,セリフ◇津名川,"津名川も<BR>..ここに来ているようだ<BR>,津名川のあの娘達も",津名川也<BR>･･････好像来这里了<BR>津名川的那几个丫头也在
10-06.txt,344,セリフ◇そうか,そうか<TYPE interval=45>･･････</TYPE>,是吗<TYPE interval=45>･･････</TYPE>
10-06.txt,357,セリフ◇正直,"正直　...もう<BR>お前とは顔を合わせることは<BR>無いと思っていたよ　,荒山",说实话･･････我本以为<BR>这辈子都不会<BR>再和你见面了，荒山
10-06.txt,361,セリフ◇それは,"それはこっちも同じだ<BR>,..気分が悪い","彼此彼此<BR>,..真让人恶心"
10-06.txt,372,セリフ◇ふ,ふっ･･･<BR>もう１０年以上も<BR>前になるのか,呵･･････<BR>已经是<BR>十多年前的事了啊
10-06.txt,376,セリフ◇古痕,お前が古痕を抜け<BR>公安の人間となってから<BR>全ての歯車が崩れだした気がする,自从你脱离古痕<BR>成为公安的人之后<BR>感觉一切就开始分崩离析了
10-06.txt,380,セリフ◇だと,俺のせいだとでも？,你的意思是怪我？
10-06.txt,395,セリフ◇全て,"いや..　全て<BR>,私の所為だ",不･･････一切<BR>都是我的过错
10-06.txt,399,セリフ◇離れて,お前が離れたのも<BR>そして今ここにいるのも<BR>私の力が足りなかったのだ,你当初离开<BR>以及现在会出现在这里<BR>都是因为我能力不足
10-06.txt,403,セリフ◇くだらん,くだらんな,无聊透顶
10-06.txt,409,セリフ◇老人,老人の感傷ほど<BR>聞くに堪えんものはない,没什么比老人的感伤<BR>更让人听不下去的了
10-06.txt,426,セリフ◇荒山,荒山――,荒山——
10-06.txt,433,セリフ◇正義は,正義は果たして<BR>...あると思うか？,你认为<BR>･･････正义真的存在吗？
10-06.txt,437,セリフ◇正義,正義はある,正义存在
10-06.txt,441,セリフ◇ここ,ここにな,就在此处
10-06.txt,458,セリフ◇負けて,では　負けても<BR>保たれる正義は？,那么，即便输了<BR>也能得以维系的正义又是？
10-06.txt,462,セリフ◇･･････,<TYPE interval=45>･･････</TYPE>,<TYPE interval=45>･･････</TYPE>
10-06.txt,469,セリフ◇荒,荒山,荒山
10-06.txt,482,セリフ◇本当は,"俺も本当は..<BR>それを見てみたいのさ,<BR>グラハム",其实我也･･････<BR>想亲眼看看啊<BR>格拉汉姆
10-07.txt,17,セリフ◇ト,"トン――と,.<BR>これで終了ー","当——,.<BR>大功告成啦〜"
10-07.txt,32,セリフ◇片,"片付きました,<BR>ご主人様","都收拾好了,<BR>主人。"
10-07.txt,38,セリフ◇こ,<FONT size=18 face='G'>こーちも..<BR>おわーたよー,<FONT size=18 face='G'>这边也･･････<BR>搞定啦〜
10-07.txt,60,セリフ◇ご,三人とも<BR>ご苦労様,你们三个<BR>辛苦了
10-07.txt,66,セリフ◇にへ,<FONT size=18 face='G'>にへへへ～,<FONT size=18 face='G'>嘿嘿嘿〜
10-07.txt,83,セリフ◇あ,"あー沙友<BR>ずるーい,　わたしもー",啊——沙友<BR>太狡猾啦，我也要〜
10-07.txt,90,セリフ◇･･･,<TYPE interval=45>･･････</TYPE>,<TYPE interval=45>･･････</TYPE>
10-07.txt,104,セリフ◇こ,ははは<BR>..こらこら<TYPE interval=45>･･････</TYPE>,哈哈哈<BR>･･････好了好了<TYPE interval=45>･･････</TYPE>
10-07.txt,120,セリフ◇いや,"いやあ..　初めてこんな近くで<BR>彼女達の戦闘を見ましたけど,<BR>やっぱ凄いですね","哎呀･･････这还是我第一次<BR>这么近距离看她们战斗,<BR>果然厉害啊。"
10-07.txt,126,セリフ◇この,この人数の兵士が<BR>..あっという間に<BR>片付けられるなんて<TYPE interval=45>･･････</TYPE>,"这么多士兵,<BR>･･････转眼间就被<BR>收拾干净了･･････<TYPE interval=45>･･････</TYPE>"
10-07.txt,137,セリフ◇エク,エクストラは<BR>そういう存在だからね,毕竟Extra<BR>就是这样的存在啊。
10-07.txt,141,セリフ◇でも,"でもその為の存在<BR>というわけじゃないんだ<BR>,..少なくとも僕はそう思っている","但她们并非<BR>仅仅是为此而存在的,<BR>･･････至少我是这么想的。"
10-07.txt,152,セリフ◇それは,それは彼女達を<BR>見ていると<BR>わかりますよ,"只要看着<BR>她们,<BR>自然就会明白的。"
10-07.txt,156,セリフ◇彼女,彼女達はちゃんとした..<BR>女の子だ,她们是真正的･･････<BR>女孩子。
10-07.txt,160,セリフ◇そうだね,"ああ　そうだね<BR>,..だから<TYPE interval=45>･･････</TYPE><BR>これで最後にしないとな",啊　是啊<BR>･･････所以<TYPE interval=45>･･････</TYPE><BR>必须让这成为最后一次啊。
10-08.txt,22,セリフ◇エレン,"エレンさん<TYPE interval=45>･･････</TYPE><BR>,レベル４解除<TYPE interval=45>･･････</TYPE>...<BR>しました<TYPE interval=45>･･････</TYPE>",艾伦小姐<TYPE interval=45>･･････</TYPE><BR>等级4解除<TYPE interval=45>･･････</TYPE>･･････<BR>完成了<TYPE interval=45>･･････</TYPE>
10-08.txt,27,セリフ◇そう,そう...　じゃあ<BR>残るは１つね,这样啊･･････那么<BR>就只剩最后一个了呢
10-08.txt,46,セリフ◇さん,"エレンさん<TYPE interval=45>･･････</TYPE>,<BR>もう<TYPE interval=45>･･････</TYPE>,　いいじゃ<BR>ないですか","艾伦小姐<TYPE interval=45>･･････</TYPE>,<BR>已经<TYPE interval=45>･･････</TYPE>，够了吧<BR>不是吗"
10-08.txt,53,セリフ◇十分,"十分です<BR>,もう十分勝てるはずです",已经足够了<BR>现在的程度应该足够取胜了
10-08.txt,66,セリフ◇篤子,"篤子<TYPE interval=45>･･････,</TYPE>　まだ貴方は<BR>わかっていないようね",笃子<TYPE interval=45>･･････</TYPE>　看来你<BR>还没明白呢
10-08.txt,72,セリフ◇わたし,わたし達のやっている事に<BR>十分という言葉は無いのよ,在我们所从事的事业中<BR>可没有“足够”这个词哦
10-08.txt,76,セリフ◇続け,続けなさい　..篤子,继续吧･･････笃子
10-08.txt,89,セリフ◇でも,"<FONT size=15>エレンさん<TYPE interval=45>･･････</TYPE>,<BR>でも<TYPE interval=45>･･････</TYPE>...　わたし<TYPE interval=45>･･････</TYPE>","<FONT size=15>艾伦<TYPE interval=45>･･････</TYPE>,<BR>但是<TYPE interval=45>･･････</TYPE>･･･　我<TYPE interval=45>･･････</TYPE>"
10-08.txt,94,セリフ◇こんな,<FONT size=15>もう<TYPE interval=45>･･････</TYPE>こんな<TYPE interval=45>･･････</TYPE><BR>知佳と知登の姿<TYPE interval=45>･･････</TYPE><BR>見てられない<TYPE interval=45>･･････</TYPE>,<FONT size=15>已经<TYPE interval=45>･･････</TYPE>像这样<TYPE interval=45>･･････</TYPE><BR>知佳和知登的样子<TYPE interval=45>･･････</TYPE><BR>我实在看不下去了<TYPE interval=45>･･････</TYPE>
10-08.txt,99,セリフ◇わ,"<FONT size=15><TYPE interval=45>･･････</TYPE>...わたし<TYPE interval=45>･･････</TYPE>,<BR>情けないけど<TYPE interval=45>･･････</TYPE><BR>..辛いんです<TYPE interval=45>･･････</TYPE>","<FONT size=15><TYPE interval=45>･･････</TYPE>･･････我<TYPE interval=45>･･････</TYPE>,<BR>虽然很没出息<TYPE interval=45>･･････</TYPE><BR>･･････但真的很痛苦<TYPE interval=45>･･････</TYPE>"
10-08.txt,113,セリフ◇ごめん,<FONT size=15><TYPE interval=45>･･････</TYPE>ごめんなさい<TYPE interval=45>･･････</TYPE><BR>エレンさん<TYPE interval=45>･･････</TYPE>,<FONT size=15><TYPE interval=45>･･････</TYPE>对不起<TYPE interval=45>･･････</TYPE><BR>艾伦小姐<TYPE interval=45>･･････</TYPE>
10-08.txt,118,セリフ◇･･･,<TYPE interval=45>･･････</TYPE>,<TYPE interval=45>･･････</TYPE>
10-08.txt,130,セリフ◇･･････,<TYPE interval=45>･･････</TYPE>篤子,<TYPE interval=45>･･････</TYPE>笃子
10-08.txt,132,セリフ◇もういい,<TYPE interval=45>･･････</TYPE>もういいわ<BR>ここを去りなさい,<TYPE interval=45>･･････</TYPE>够了<BR>你离开这里吧
10-08.txt,134,セリフ◇後は,後は私が..全部やるわ,剩下的由我･･････全部来完成
10-08.txt,164,セリフ◇え,え<TYPE interval=45>･･････</TYPE><BR>エレンさん<TYPE interval=45>･･････</TYPE>？,诶<TYPE interval=45>･･････</TYPE><BR>艾伦小姐<TYPE interval=45>･･････</TYPE>？
10-08.txt,170,セリフ◇ご,ごめんなさいね,抱歉了呢
10-08.txt,184,セリフ◇えっ,えっ<TYPE interval=45>･･････</TYPE>,诶<TYPE interval=45>･･････</TYPE>
10-08.txt,189,セリフ◇私は,私はすっかり貴方を..<BR>自分と同じ研究者として<BR>みていた,我完全把你･･････<BR>当成和我一样的研究者<BR>来看待了
10-08.txt,193,セリフ◇そして,そして...　でもまだ貴方は<BR>ティーンだということを...<BR>忘れていたわ,然后･･････却忘了你还是个<BR>十几岁的孩子･･････<BR>这件事呢
10-08.txt,197,セリフ◇心,心を全て自分のしていることに<BR>捧げることは流石に出来ないわね,毕竟没法把全部心思<BR>都倾注给自己正在做的事呢
10-08.txt,212,セリフ◇レン,エレンさん<TYPE interval=45>･･････</TYPE>,艾伦小姐<TYPE interval=45>･･････</TYPE>
10-08.txt,216,セリフ◇それに,それに 知佳と知登は<BR>貴方の遺伝子を使っている,而且知佳和知登<BR>使用的是你的基因
10-08.txt,220,セリフ◇貴方,つまり貴方にとっては<BR>妹みたいなもの,也就是说对你而言<BR>她们就像妹妹一样
10-08.txt,233,セリフ◇酷,"随分と酷な仕打ちだったわね<BR>,.今ここで謝っておくわ",这对你来说确实太苛刻了<BR>我现在就向你道歉
10-08.txt,237,セリフ◇な,そんな<TYPE interval=45>･･････</TYPE>,怎么会<TYPE interval=45>･･････</TYPE>
10-08.txt,254,セリフ◇覚え,"ただ<TYPE interval=45>･･････</TYPE>篤子,<BR>覚えておいて――","只是<TYPE interval=45>･･････</TYPE>笃子,<BR>你要记住——"
10-08.txt,259,セリフ◇可能,――人間の可能性を<BR>追求するということは...<BR>決して冒涜でも愚かな試みでも<BR>ないということを,"——追求人类的可能性<BR>･･････<BR>绝不是亵渎,<BR>也绝非愚蠢的尝试"
10-08.txt,271,セリフ◇真実,<TYPE interval=75>真実を追究する権利は..<BR>誰にも奪えないのだから,<TYPE interval=75>因为追求真相的权利･･････<BR>是任何人都无法夺去的
10-08.txt,275,セリフ◇ン,エレンさん<TYPE interval=45>･･････</TYPE>,艾伦小姐<TYPE interval=45>･･････</TYPE>
10-08.txt,286,セリフ◇轍,<TYPE interval=75>私と同じ<RUBY text='てつ'>轍</RUBY>は...<BR>踏まないようにね,<TYPE interval=75>可别...<BR>重蹈和我一样的覆辙啊
10-08.txt,300,セリフ◇･････････,"<TYPE style=Fade>･･････エレンさん･･････</TYPE>,<BR>･･････さようなら･･････</TYPE>","<TYPE style=Fade>...艾伦...</TYPE>,<BR>...再见...</TYPE>"
10-09.txt,12,セリフ◇薄気味,"薄気味悪いな<TYPE interval=45>･･････</TYPE>,<BR>ここまで内部は警備が..<BR>いないなんて<TYPE interval=45>･･････</TYPE>","真让人毛骨悚然啊<TYPE interval=45>･･････</TYPE>,<BR>都深入到内部了，居然连个警卫･･････<BR>都没有<TYPE interval=45>･･････</TYPE>"
10-09.txt,18,セリフ◇罠,罠でしょうか<TYPE interval=45>･･････</TYPE>,难道是陷阱吗<TYPE interval=45>･･････</TYPE>
10-09.txt,24,セリフ◇そう,そうかもね<TYPE interval=45>･･････</TYPE>,说不定呢<TYPE interval=45>･･････</TYPE>
10-09.txt,36,セリフ◇ん,ん？,嗯？
10-09.txt,54,セリフ◇待って,"待っていたわ<BR>,津名川宗慈",等你很久了<BR>津名川宗慈
10-09.txt,56,セリフ◇高宮,高宮<TYPE interval=45>･･････</TYPE>？,高宫<TYPE interval=45>･･････</TYPE>？
10-09.txt,80,セリフ◇さて,さあ<BR>...始めましょうか,来吧<BR>･･････开始吧
10-09.txt,85,セリフ◇私,私たちの間でも...<BR>けじめはつけないとね,我们之间･･････<BR>也该做个了断了呢
10-09.txt,89,セリフ◇知佳,知佳..　知登,知佳･･････ 知登
10-09.txt,93,セリフ◇･･･,<TYPE interval=45>･･････</TYPE>,<TYPE interval=45>･･････</TYPE>
10-09.txt,115,セリフ◇知登,知佳<TYPE interval=45>･･････</TYPE><BR>知登<TYPE interval=45>･･････</TYPE>？,知佳<TYPE interval=45>･･････</TYPE><BR>知登<TYPE interval=45>･･････</TYPE>？
10-10.txt,7,セリフ◇待て,待て！.　.高宮！,住手！･･････高宫！
10-10.txt,12,セリフ◇怖気,"怖気づいたの　..津名川,<BR>私達は既に不退転の道を<BR>歩いてきたのよ","你胆怯了吗･･････津名川,<BR>我们早已踏上了<BR>不归路啊"
10-10.txt,16,セリフ◇これが,"これが必然<BR>,これが私達の最後の戦いだわ","这是必然,<BR>这也是我们最后的决战"
10-10.txt,20,セリフ◇そして,そして私は..<BR>必ず貴方に勝つのよ,而我･･････<BR>一定会战胜你
10-10.txt,31,セリフ◇それに,"<TYPE interval=40>それにどんな意味がある！<BR>,勝ち負けで全てを決めるなんて<BR>..愚かだ！","<TYPE interval=40>那又有什么意义！<BR>用胜负来决定一切,<BR>･･････简直愚蠢透顶！"
10-10.txt,36,セリフ◇いえ,いえ　..もう勝ち負けの<BR>問題ではないのよ,不･･････这已经不再是<BR>胜负的问题了
10-10.txt,42,セリフ◇これは,これはどっちの信念が<BR>強かったのか<BR>..という証明,这是...<BR>哪一方的信念<BR>..更强烈的证明
10-10.txt,46,セリフ◇信念,信念の強いほうが<BR>..生き残るのよ,"信念更坚定的一方,<BR>･･････才能生存下去"
10-10.txt,58,セリフ◇どちらか,<TYPE interval=40>どちらか片方だけが..<BR>生き残るだと<TYPE interval=45>･･････</TYPE>,<TYPE interval=40>只有其中一方･･････<BR>能活下来吗<TYPE interval=45>･･････</TYPE>
10-10.txt,62,セリフ◇０か,<TYPE interval=45>０か１か　...それしか君には<BR>選択が無いのか！,<TYPE interval=45>0或1･･････<BR>你只有这种选择吗！
10-10.txt,66,セリフ◇そう,そう　...私たちの間には<BR>..もともとそれしか<BR>なかったのよ,"没错･･････<BR>我们之间,<BR>･･････从一开始就只有这种选择"
10-10.txt,70,セリフ◇私たち,<TYPE interval=30>私たちは..<BR>おままごとをしていた<BR>わけじゃないわ！,<TYPE interval=30>我们･･････<BR>可不是在玩<BR>过家家！
10-10.txt,80,セリフ◇知佳,<TYPE interval=30>知佳　..知登<BR>最後の命令よ...<BR>津名川達を倒しなさい！,"<TYPE interval=30>知佳･･････知登,<BR>这是最后的命令･･････<BR>打倒津名川他们！"
10-10.txt,101,セリフ◇くそ,くそっ！,可恶！
10-10.txt,115,セリフ◇透花,"<TYPE interval=20>透花！　..エマ！　..沙友！,..<BR>知佳と知登を<BR>なんとか押さえるんだ！",<TYPE interval=20>透花！･･････艾玛！･･････沙友！･･････<BR>想办法牵制住<BR>知佳和知登！
10-10.txt,120,セリフ◇はい,<TYPE interval=0>はい！,<TYPE interval=0>是！
10-11.txt,9,セリフ◇ここ,ここか<TYPE interval=45>･･････</TYPE>,就是这里吗<TYPE interval=45>･･････</TYPE>
10-11.txt,27,セリフ◇進化,"進化の台座へようこそ,<BR>グラハム","欢迎来到进化的台座,<BR>格拉汉姆"
10-11.txt,33,セリフ◇使い,"使いのものを<BR>やったんだがね<BR>,行かなかったかな？",我派了手下<BR>去传话<BR>难道没去吗？
10-11.txt,37,セリフ◇ス,スパッド<BR>..もうやめるんだ,斯帕德<BR>･･････快住手吧
10-11.txt,49,セリフ◇あ,おまえ自身は何も力を持たない<BR>..ただの人間だろう,你自身根本没有任何力量<BR>･･････不过是个普通人罢了
10-11.txt,51,セリフ◇だから,だからといって何も行動しない<BR>というわけではないぞ,但这并不意味着<BR>我就会坐以待毙
10-11.txt,55,セリフ◇ふ,ふ..　お前に<BR>何が出来る,呵･･････凭你<BR>能做什么
10-11.txt,77,セリフ◇お前,お前はそんな..高みで見物か,你就打算･･････高高在上地看戏吗
10-11.txt,81,セリフ◇もしか,もしかすると..この老いぼれを<BR>恐れているのかな,难道说･･････<BR>是在害怕我这个老骨头吗
10-11.txt,85,セリフ◇くく,"ふ　,..高い技能を持った<BR>催眠術者は相手に触れるだけで<BR>誘導を促すことが出来るというからな",呵，..因为据说拥有高超技能的<BR>催眠术师，仅凭触碰对方就能<BR>进行引导呢
10-11.txt,89,セリフ◇臆病,臆病者という評価は<BR>..甘んじて受け止めておこう,“胆小鬼”这样的评价<BR>..我就甘心接受吧
10-11.txt,110,セリフ◇グ,"<FONT size=18 face=""MS ゴシック\>グッ！！","<FONT size=18 face=""MS ゴシック\>唔！！"
10-11.txt,127,セリフ◇心配,心配するな<BR>...これが動き出せば.<BR>全ての欠損が無くなる,别担心<BR>･･････只要它开始运转<BR>所有的残缺都会消失
10-11.txt,133,セリフ◇欠点,欠点を欠点としない世界では<BR>.お前も私も同等の存在だ...<BR>それまでの辛抱さ,"在不把缺点当成缺点的世界里,<BR>你和我都是平等的存在...<BR>在那之前就先忍耐一下吧"
10-11.txt,137,セリフ◇･･････,<TYPE interval=45>･･････</TYPE>,<TYPE interval=45>･･････</TYPE>
10-11.txt,151,セリフ◇さて,"<TYPE interval=80>さて――<BR>,序曲の演奏の開始だな",<TYPE interval=80>那么——<BR>序曲的演奏就此开始
10-11.txt,173,セリフ◇ク,ク<TYPE interval=45>･･･</TYPE>ククク<TYPE interval=45>･･･</TYPE>,呵<TYPE interval=45>･･････</TYPE>呵呵呵<TYPE interval=45>･･････</TYPE>
10-12.txt,41,セリフ◇き,"<FONT size=24 face=""MS ゴシック\><TYPE interval=10>きゃあっ！","<FONT size=24 face=""MS ゴシック\><TYPE interval=10>呀啊！"
10-12.txt,67,セリフ◇屋,"<FONT size=22 face=""MS ゴシック\><TYPE interval=10>やっ！","<FONT size=22 face=""MS ゴシック\><TYPE interval=10>呀！"
10-12.txt,102,セリフ◇なに,"<TYPE interval=20>くっ<TYPE interval=45>･･････</TYPE>,..<BR>何これ！",<TYPE interval=20>唔<TYPE interval=45>･･････</TYPE>･･････<BR>这是什么！
10-12.txt,108,セリフ◇普通,<TYPE interval=80>はや<TYPE interval=10>･･････</TYPE>すぎる....<BR>普通じゃない,<TYPE interval=80>太<TYPE interval=10>･･････</TYPE>快了･･････<BR>太反常了
10-13.txt,9,セリフ◇バ,バベルが<BR>起動したようね<TYPE interval=45>･･････</TYPE>,巴别<BR>好像启动了<TYPE interval=45>･･････</TYPE>
10-13.txt,45,セリフ◇光,――光？,——光？
10-13.txt,60,セリフ◇なに,なにこれ<TYPE interval=35>･･･,这是什么<TYPE interval=35>･･････
10-13.txt,67,セリフ◇れ,"<FONT size=18 face=""MS ゴシック\>きれー","<FONT size=18 face=""MS ゴシック\>好漂亮"
10-13.txt,92,セリフ◇き,"<FONT size=20 face=""MS ゴシック\><TYPE interval=10>きゃぁっ！！","<FONT size=20 face=""MS ゴシック\><TYPE interval=10>呀啊！！"
10-13.txt,98,セリフ◇戦い,<TYPE interval=30>戦いに<BR>集中して！,<TYPE interval=30>专心<BR>战斗！
10-13.txt,121,セリフ◇この,"<FONT size=18 face=""MS ゴシック\><TYPE interval=30>このおびみたいなの<BR>なんだろ？,<BR>おもしろーい","<FONT size=18 face=""MS ゴシック\><TYPE interval=30>这像带子一样的东西<BR>是什么啊？<BR>好有趣"
10-13.txt,124,セリフ◇きを,<TYPE interval=10>気をつけて..　沙友！,<TYPE interval=10>小心点･･････ 沙友！
10-13.txt,135,セリフ◇でも,"でも　...ほんと<TYPE interval=45>･･････</TYPE>,<BR>生き物みたい――","可是･･････真的<TYPE interval=45>･･････</TYPE>,<BR>就像活物一样——"
10-13.txt,149,セリフ◇あわわ,"<FONT face=""MS ゴシック"" size=22>あわわわ<BR>,ぶつかー.るー","<FONT face=""MS ゴシック"" size=22>啊哇哇哇<BR>要撞上了〜"
10-13.txt,162,セリフ◇！,"<FONT size=20 face=""MS ゴシック\>！？","<FONT size=20 face=""MS ゴシック\>！？"
10-13.txt,169,セリフ◇なるほど,<TYPE interval=40>なるほどね<BR>...<TYPE interval=45>荒山さんの言っていたことが..<BR>なんとなくわかった気がする,<TYPE interval=40>原来如此<BR>･･････<TYPE interval=45>荒山说过的话･･････<BR>我好像有点明白了
10-13.txt,186,セリフ◇これが,"<FONT size=18 face=""MS ゴシック\><TYPE interval=35>これが――","<FONT size=18 face=""MS ゴシック\><TYPE interval=35>这就是——"
10-13.txt,212,セリフ◇空間,空間を捉える<BR>ということ――,把握空间<BR>这件事——
10-13.txt,231,セリフ◇がは,"<FONT size=18 face=""MS ゴシック\><TYPE interval=20>がはっ！","<FONT size=18 face=""MS ゴシック\><TYPE interval=20>嘎哈！"
10-13.txt,241,セリフ◇そうか,"<TYPE interval=45>そ　..そうか――<BR>,こうね",<TYPE interval=45>原･･････原来如此——<BR>是这样啊
10-13.txt,282,セリフ◇沙友,<TYPE interval=35>沙友　...あなたが<BR>ヒントをくれたのよ,<TYPE interval=35>沙友･･････是你<BR>给了我提示哦
10-13.txt,289,セリフ◇？？,"<FONT size=18 face=""MS ゴシック\>？","<FONT size=18 face=""MS ゴシック\>？"
10-14.txt,22,セリフ◇あ,――ぁぁ<TYPE style=Fade interval=45>･･････</TYPE>,――啊<TYPE style=Fade interval=45>･･････</TYPE>
10-14.txt,27,セリフ◇お,――ぉぁ<TYPE style=Fade interval=45>･･････</TYPE>,――呃<TYPE style=Fade interval=45>･･････</TYPE>
10-14.txt,40,セリフ◇どう,どうしたのかしら<TYPE interval=30>･･････</TYPE>？,怎么了<TYPE interval=30>･･････</TYPE>？
10-14.txt,47,セリフ◇ね,ねえ透花――って...<BR>何　...どうしたの？,喂，透花——等等･･････<BR>怎么回事･･････你怎么了？
10-14.txt,60,セリフ◇は,はぁはぁ<TYPE interval=30>･･････,哈啊哈啊<TYPE interval=30>･･････
10-14.txt,68,セリフ◇息,"なにか<TYPE interval=30>･･････</TYPE>,<BR>息苦しい<TYPE interval=30>･･････</TYPE>","总觉得<TYPE interval=30>･･････</TYPE>,<BR>喘不过气<TYPE interval=30>･･････</TYPE>"
10-14.txt,79,セリフ◇ど,とーか...<BR>だいよーぶ？,透花･･････<BR>没事吧？
10-14.txt,85,セリフ◇うん,うん<BR>...なんとか<TYPE interval=30>･･････</TYPE>,嗯<BR>･･････总算･･････<TYPE interval=30>･･････</TYPE>
10-14.txt,103,セリフ◇あー,"<FONT size=20 face=""MS ゴシック\><TYPE interval=80 style=Fade>あ――","<FONT size=20 face=""MS ゴシック\><TYPE interval=80 style=Fade>啊——"
10-14.txt,111,セリフ◇ァ,"<FONT size=20 face=""MS ゴシック\>ぐぁぁああああぁ","<FONT size=20 face=""MS ゴシック\>咕啊啊啊啊啊"
10-14.txt,133,セリフ◇ァ,"<FONT size=30 face=""MS ゴシック\>ァァァオオオオァァァ<BR>ァアアア","<FONT size=30 face=""MS ゴシック\>啊啊啊噢噢噢啊啊啊<BR>啊啊啊啊"
10-14.txt,164,セリフ◇これが,これが<TYPE interval=35>･･････</TYPE><BR>...<TYPE interval=30>エクストラというものなの<TYPE interval=35>･･････</TYPE>,这就是<TYPE interval=35>･･････</TYPE><BR>･･････<TYPE interval=30>所谓的Extra吗<TYPE interval=35>･･････</TYPE>
10-14.txt,170,セリフ◇ちがう,ちがう...　<TYPE interval=30><FONT size=18>こんなの<BR>エクストラじゃない――！,不对･･････　<TYPE interval=30><FONT size=18>这种东西<BR>才不是Extra——！
10-14.txt,184,セリフ◇知佳,"<TYPE interval=30><FONT size=22 face=""MS ゴシック\>知佳 ...知登――<BR>,やりなさい――","<TYPE interval=30><FONT size=22 face=""MS ゴシック\>知佳･･････知登——<BR>动手吧——"
10-14.txt,199,セリフ◇こんなの,"こんなのが<TYPE interval=30>･･････<TYPE interval=65>,<BR><TYPE interval=30>あなたの答えなんですか<BR>..エレンさん！","这种东西<TYPE interval=30>･･････<TYPE interval=65>,<BR><TYPE interval=30>就是你的答案吗<BR>･･････艾伦小姐！"
10-14.txt,205,セリフ◇おねがい,"<FONT size=18 face=""MS ゴシック\>おねがい！,　ちかとちとを<BR>もとにもどしてあげてー！","<FONT size=18 face=""MS ゴシック\>求求你！把知佳和知登<BR>恢复原状吧——！"
10-14.txt,226,セリフ◇ァ,"<FONT size=30 face=""MS ゴシック\>ゴォァァ<FONT size=24>ァァァ","<FONT size=30 face=""MS ゴシック\>哇啊啊<FONT size=24>啊啊啊"
10-14.txt,241,セリフ◇･･････,<TYPE interval=30>･･････</TYPE>,<TYPE interval=30>･･････</TYPE>
10-14.txt,248,セリフ◇どうしよ,"<FONT size=18 face=""MS ゴシック\>ど　...どーしよー･･･","<FONT size=18 face=""MS ゴシック\>怎 ･･････怎么办･･････"
10-14.txt,262,セリフ◇戦う,"<FONT size=18>戦う<TYPE interval=30>･･････</TYPE>,<BR><TYPE interval=25>戦うのよ！","<FONT size=18>战斗<TYPE interval=30>･･････</TYPE>,<BR><TYPE interval=25>必须战斗！"
10-14.txt,268,セリフ◇戦って,<TYPE interval=25><FONT size=18>戦って..知佳と知登を<BR>止めなくちゃ！,<TYPE interval=25><FONT size=18>要战斗･･････必须阻止知佳和知登<BR>才行！
10-14.txt,296,セリフ◇二人,ふたりとも<BR>かわいそう――,这两人<BR>太可怜了——
10-14.txt,303,セリフ◇もう,"もう<TYPE interval=30>･･････</TYPE>,<BR>やすませてあげようよ","已经<TYPE interval=30>･･････</TYPE>,<BR>让他们安息吧"
10-14.txt,317,セリフ◇許して,<TYPE interval=75>許してとは<BR>言わないけれど<TYPE interval=30>･･････</TYPE>,<TYPE interval=75>我并不奢求<BR>你们的原谅<TYPE interval=30>･･････</TYPE>
10-14.txt,324,セリフ◇あなた,<TYPE interval=75>あなたたちと<BR>..お友達になりたかった,"<TYPE interval=75>已经･･････,<BR>让她们休息吧"
10-14.txt,329,セリフ◇忘れない,<TYPE interval=75>忘れないから――,<TYPE interval=75>我绝不会忘记——
10-14.txt,336,セリフ◇きっと,<TYPE interval=80>きっと――<BR>.....絶対――,<TYPE interval=80>一定——<BR>･･････绝对——
10-14.txt,347,セリフ◇ゴメン,<TYPE interval=30>ゴメンなさいっ――,<TYPE interval=30>对不起——
10-14.txt,414,セリフ◇はあ,"<FONT size=15>はあ<TYPE interval=30>･･････</TYPE>,<BR>はあ<TYPE interval=30>･･････</TYPE>","<FONT size=15>哈<TYPE interval=30>･･････</TYPE>,<BR>哈<TYPE interval=30>･･････</TYPE>"
10-14.txt,421,セリフ◇大丈夫,大丈夫か<TYPE interval=30>･･････</TYPE>？,没事吧<TYPE interval=30>･･････</TYPE>？
10-14.txt,427,セリフ◇はい,はい<TYPE interval=30>･･････</TYPE>,是的<TYPE interval=30>･･････</TYPE>
10-14.txt,441,セリフ◇沈黙,<TYPE interval=30>･･････</TYPE>,<TYPE interval=30>･･････</TYPE>
10-14.txt,458,選択肢セリフ◇高宮,<TYPE interval=0><FONT color=red>高宮･･････</FONT>,<TYPE interval=0><FONT color=red>高宫･･････</FONT>
10-14.txt,459,選択肢セリフ◇沈黙,<TYPE interval=0><FONT color=red>･･････,<TYPE interval=0><FONT color=red>･･････
10-14.txt,495,セリフ◇高宮,高宮――,高宫——
10-14.txt,501,セリフ◇どうやら,"<TYPE interval=65>どうやら<TYPE interval=45>･･････</TYPE><BR>,<TYPE interval=65>私の方が駄目な母親<BR>だったようね――",<TYPE interval=65>看来<TYPE interval=45>･･････</TYPE><BR><TYPE interval=65>我才是那个不称职的母亲<BR>呢——
10-14.txt,508,セリフ◇結局,<TYPE interval=65>結局　.....間違って<BR>いたのは私――,<TYPE interval=65>到头来･･････错<BR>的人是我——
10-14.txt,512,セリフ◇いや,<TYPE interval=85>嫌になっちゃうわね<TYPE interval=45>･･････</TYPE>,<TYPE interval=85>真是让人受不了呢<TYPE interval=45>･･････</TYPE>
10-14.txt,533,セリフ◇違う,"<TYPE interval=65>違うよ　..高宮<BR>,僕達は間違っていない",<TYPE interval=65>不对哦･･････高宫<BR>我们并没有错
10-14.txt,539,セリフ◇同じ,<TYPE interval=65>形は違えども<BR>...同じく人の可能性を<BR>知りたかっただけだ,<TYPE interval=65>尽管形式不同<BR>･･････我们也只是想探知<BR>人类的可能性罢了
10-14.txt,543,セリフ◇きみは,<TYPE interval=65>君は急ぎすぎた<BR>だけなんだ,<TYPE interval=65>你只是<BR>太心急了而已
10-14.txt,558,セリフ◇貴方,<TYPE interval=65>私は貴方のように<BR>二人を扱おうとはしなかった,<TYPE interval=65>我可没有像你那样<BR>去对待那两人
10-14.txt,565,セリフ◇それは,"<TYPE interval=65>それは――<BR>,貴方と同じことをやってたんでは..<BR>きっと私が負けてしまう<BR>と思ったからよ",<TYPE interval=65>那是因为——<BR>如果做和你一样的事･･････<BR>我肯定会输的<BR>我是这么想的
10-14.txt,576,セリフ◇負け,<TYPE interval=65>だからやっぱり<BR>...この負けは私のせい,<TYPE interval=65>所以果然･･････<BR>这次失败是我的错
10-14.txt,581,セリフ◇私の,<TYPE interval=70>私の卑屈なエゴの所為で..<BR>二人は死んだのよ,<TYPE interval=70>因为那软弱的自我･･････<BR>害死了那两人
10-14.txt,593,セリフ◇だが,<TYPE interval=65>だが君は目を<BR>逸らさなかった,<TYPE interval=65>但你并没有<BR>移开视线
10-14.txt,597,セリフ◇目,<TYPE interval=60>二人がああなっても<BR>目を逸らすことは無かった,<TYPE interval=60>就算那两人落得那般下场<BR>你也没有移开视线
10-14.txt,601,セリフ◇容易,<TYPE interval=60>それは容易に<BR>出来ることではないよ,<TYPE interval=60>那可不是轻易<BR>就能做到的
10-14.txt,614,セリフ◇馬鹿,"<TYPE interval=60>馬鹿なことは考えるな,<BR>高宮","<TYPE interval=60>别想些傻事了,<BR>高宫"
10-14.txt,618,セリフ◇彼女,"<TYPE interval=65>彼女達は最後,<BR>笑っていなかったか？","<TYPE interval=65>她们到最后,<BR>不也是笑着的吗？"
10-14.txt,622,セリフ◇君が,"<TYPE interval=55>君が彼女達の後を追っても<TYPE interval=45>･･････</TYPE>,<BR>彼女達は喜ばないよ","<TYPE interval=55>就算你去追随她们<TYPE interval=45>･･････</TYPE>,<BR>她们也不会高兴的"
10-14.txt,626,セリフ◇･･････,<TYPE interval=65>･･････</TYPE>,<TYPE interval=65>･･････</TYPE>
10-14.txt,644,セリフ◇宮,"<TYPE interval=65>高宮<TYPE interval=45>･･････</TYPE>,<BR><TYPE interval=65>君はこれから<BR>どうする<TYPE interval=45>･･････</TYPE>？","<TYPE interval=65>高宫<TYPE interval=45>･･････</TYPE>,<BR><TYPE interval=65>你接下来<BR>打算怎么办<TYPE interval=45>･･････</TYPE>？"
10-14.txt,651,セリフ◇･･･,<TYPE interval=45>･･････</TYPE>,<TYPE interval=45>･･････</TYPE>
10-14.txt,661,セリフ◇沈黙0,<TYPE interval=60>･･････</TYPE>,<TYPE interval=60>･･････</TYPE>
10-15.txt,51,セリフ◇？,<FONT face='G'>！？,<FONT face='G'>！？
10-15.txt,60,セリフ◇グ,<TYPE interval=30><FONT size=18>グラハムさん！,<TYPE interval=30><FONT size=18>格拉汉姆先生！
10-15.txt,71,セリフ◇はじ,"<TYPE interval=60>はじめまして...　津名川君<BR>,そしてエクストラの<BR>お嬢さんたち",<TYPE interval=60>初次见面･･････津名川君<BR>还有Extra的<BR>各位小姐
10-15.txt,78,セリフ◇君,<TYPE interval=60>君達のことは<BR>..エレンからよく聞いているよ,<TYPE interval=60>你们的事<BR>･･････我经常听艾伦提起哦
10-15.txt,82,セリフ◇その,<TYPE interval=60>その様子だと――<BR>...エレンは負けたようだね,<TYPE interval=60>看这副样子——<BR>･･････艾伦似乎输了呢
10-15.txt,97,セリフ◇お前,"<TYPE interval=50>お前が<TYPE interval=45>･･････</TYPE><BR>,<TYPE interval=50>スパッドか",<TYPE interval=50>你就是<TYPE interval=45>･･････</TYPE><BR><TYPE interval=50>斯帕德吗
10-15.txt,101,セリフ◇お前は,"<TYPE interval=50>お前は<TYPE interval=45>･･････</TYPE>,<BR><TYPE interval=50>バベルを使って何をしようと<BR>しているんだ？","<TYPE interval=50>你<TYPE interval=45>･･････</TYPE>,<BR><TYPE interval=50>究竟想用巴别塔<BR>做什么？"
10-15.txt,109,セリフ◇同じ,<TYPE interval=60>お前と同じさ,<TYPE interval=60>和你一样
10-15.txt,113,セリフ◇同じ？,同じ？,一样？
10-15.txt,124,セリフ◇進化,"<TYPE interval=60>進化だよ<TYPE interval=45>･･････</TYPE>,<BR>...<TYPE interval=60>人という種のね","<TYPE interval=60>是进化哦<TYPE interval=45>･･････</TYPE>,<BR>･･････<TYPE interval=60>属于人类这一物种的进化"
10-15.txt,128,セリフ◇作り,<TYPE interval=60>君達の作り上げたエクストラもまた...<BR>人の進化の一つのカタチだろう？,<TYPE interval=60>你们创造出的Extra也是･･････<BR>人类进化的一种形态吧？
10-15.txt,132,セリフ◇戦闘,<TYPE interval=60>戦闘者としての...<BR>人のあり方を追求した<BR>結果だ,<TYPE interval=60>这是追求作为战斗者的･･････<BR>人类应有之姿的<BR>结果
10-15.txt,136,セリフ◇エクス,<TYPE interval=35>エクストラは<BR>...そんなことの為に<BR>作られたんじゃない,<TYPE interval=35>Extra<BR>･･････不是为了那种目的<BR>被创造出来的
10-15.txt,150,セリフ◇そうかな,<TYPE interval=80>そうかな,<TYPE interval=80>是吗
10-15.txt,169,セリフ◇ぐ,<TYPE interval=20><FONT size=22 face='G'>ぐがぁぁぁぁぁあっ,<TYPE interval=20><FONT size=22 face='G'>咕啊啊啊啊啊
10-15.txt,192,セリフ◇宗慈,<TYPE interval=20><FONT size=18>宗慈さん！！,<TYPE interval=20><FONT size=18>宗慈先生！！
10-15.txt,194,セリフ◇ご,<TYPE interval=20>ご主人様！！,<TYPE interval=20>主人！！
10-15.txt,196,セリフ◇せ,<TYPE interval=20><FONT size=18 face='G'>せんせー！！,<TYPE interval=20><FONT size=18 face='G'>老师——！！
10-15.txt,198,セリフ◇津名川,<TYPE interval=20>津名川さん！！,<TYPE interval=20>津名川先生！！
10-15.txt,225,セリフ◇見物,"<TYPE interval=60>おっと！,　見物人は<BR>おとなしくしているんだよ",<TYPE interval=60>哎呀！， 旁观者就<BR>乖乖待着别动
10-15.txt,233,セリフ◇痛い,"<TYPE interval=60>痛いだろう津名川<BR>...テフロンの9ｍｍ弾だ<BR>,だが殺しはしないよ",<TYPE interval=60>很痛吧，津名川<BR>･･････用的是特氟龙9mm弹<BR>不过不会杀你
10-15.txt,237,セリフ◇･･････,<TYPE interval=45>･･････</TYPE>？,<TYPE interval=45>･･････</TYPE>？
10-15.txt,255,セリフ◇人間,<TYPE interval=60>人間とは<BR>..不便な生き物だ,<TYPE interval=60>人类真是･･････<BR>･･････不便的生物啊
10-15.txt,259,セリフ◇痛み,<TYPE interval=90>痛み――<BR>...悲しみ――<BR>...憎しみ合う,<TYPE interval=90>痛苦——<BR>･･････悲伤——<BR>･･････互相憎恨
10-15.txt,263,セリフ◇！？,！？,！？
10-15.txt,284,セリフ◇あまり,<TYPE interval=70>あまりに不平等なんだよ...<BR>この世界は,<TYPE interval=70>实在太不平等了啊･･････<BR>这个世界
10-15.txt,288,セリフ◇軋轢,<TYPE interval=60>だからこそ<BR>..軋轢が生まれる,<TYPE interval=60>正因如此<BR>･･････才会产生冲突
10-15.txt,292,セリフ◇手,<TYPE interval=60>お前<TYPE interval=45>･･････</TYPE><BR>....<TYPE interval=60>手が<TYPE interval=45>･･････</TYPE>,<TYPE interval=60>你<TYPE interval=45>･･････</TYPE><BR>･･････<TYPE interval=60>手<TYPE interval=45>･･････</TYPE>
10-15.txt,306,セリフ◇バ,<TYPE interval=60>バベルの発動によって..<BR>全ての人間は救世主となる,<TYPE interval=60>通过发动巴别塔･･････<BR>全人类都将成为救世主
10-15.txt,310,セリフ◇そこは,<TYPE interval=80>そこは<TYPE interval=45>･･････</TYPE><BR>..<TYPE interval=80>痛みも...　悲しみも...　憎しみも無い,<TYPE interval=80>那里<TYPE interval=45>･･････</TYPE><BR>･･････<TYPE interval=80>没有痛苦･･････没有悲伤･･････没有憎恨
10-15.txt,314,セリフ◇ただ,<TYPE interval=80>ただ満たされる<BR>だけの世界,<TYPE interval=80>仅仅被满足的<BR>世界
10-15.txt,327,セリフ◇素晴らしい,"<TYPE interval=40>素晴らしいと思わないか？,<BR><TYPE interval=30>....ハハハハハ――",<TYPE interval=40>不觉得这很美妙吗？<BR><TYPE interval=30>･･････哈哈哈哈——
10-15.txt,331,セリフ◇理解,"<TYPE interval=50>理解できたかな――<BR>,津名川宗慈君",<TYPE interval=50>理解了吗——<BR>津名川宗慈
10-15.txt,335,セリフ◇一応,<TYPE interval=52>君も一応<BR>...招待された客だ,<TYPE interval=52>你也姑且算是<BR>･･････受邀而来的客人
10-15.txt,348,セリフ◇今から,<TYPE interval=60>今からのショーを<BR>...とくと見ていってくれ,<TYPE interval=60>接下来的这场好戏<BR>･･････就睁大眼睛看好了
10-15.txt,353,セリフ◇さて,<TYPE interval=60>さて<BR>すばらしき世界の<BR>始まりだ――,<TYPE interval=60>好了<BR>这美妙世界的<BR>序幕就此拉开——
10-15.txt,375,セリフ◇くく,<TYPE interval=45>･･････</TYPE>くく,<TYPE interval=45>･･････</TYPE>呵呵
10-15.txt,386,セリフ◇？,<TYPE interval=60>？,<TYPE interval=60>？
10-15.txt,392,セリフ◇どうした,"<TYPE interval=60>どうした<BR>,何がおかしい？",<TYPE interval=60>怎么了<BR>有什么好笑的？
10-15.txt,402,セリフ◇何,"<TYPE interval=45>･･････</TYPE><BR>,何が<TYPE interval=45>･･････</TYPE>",<TYPE interval=45>･･････</TYPE><BR>什么<TYPE interval=45>･･････</TYPE>
10-15.txt,406,セリフ◇ん,ん？,嗯？
10-15.txt,414,セリフ◇何が,"<TYPE interval=60>何がすばらしいんだ<TYPE interval=45>･･････</TYPE>,<BR><TYPE interval=60>そんな世界<TYPE interval=45>･･････</TYPE>","<TYPE interval=60>到底哪里美妙了<TYPE interval=45>･･････</TYPE>,<BR><TYPE interval=60>那种世界<TYPE interval=45>･･････</TYPE>"
10-15.txt,418,セリフ◇何？,何？,什么？
10-15.txt,431,セリフ◇そんな,そんな世界の良さなんて<BR>...僕にはわからない,那种世界有什么好的<BR>･･････我完全无法理解
10-15.txt,440,セリフ◇人から,人から与えられた自由...平和...<BR>そして平等なんて<BR>何の価値も無いじゃないか！,由他人施舍的自由･･････和平･･････<BR>还有所谓的平等<BR>根本毫无价值可言！
10-15.txt,447,セリフ◇何で,何であんたは<BR>...それに気付かないんだ！,为什么你<BR>･･････就是察觉不到呢！
10-15.txt,477,セリフ◇黙れ,<TYPE interval=30><FONT size=20 face='G'>黙れ！,<TYPE interval=30><FONT size=20 face='G'>闭嘴！
10-15.txt,485,セリフ◇もつ,《持つもの》は<BR>..みなそういうのだ,“拥有者”<BR>･･････全都是这副德行
10-15.txt,489,セリフ◇だが,だがお前達は<BR>《持たざるもの》の気持ちが<BR>何一つわかっていない！,但你们<BR>对“一无所有之人”的心情<BR>根本一无所知！
10-15.txt,494,セリフ◇結局,結局は偽善者なのだ<BR>...お前達は！,说到底<BR>･･････你们就是一群伪善者！
10-15.txt,502,セリフ◇違う,<FONT size=22 face='G'>違う！！,<FONT size=22 face='G'>不对！！
10-15.txt,507,セリフ◇有る,"坊さんが言ってたよ,<BR>鳥を羨む人間は..<BR>鳥になれば今度は人を羨む","和尚说过,<BR>羡慕鸟儿的人･･････<BR>一旦变成鸟儿，又会去羡慕人类"
10-15.txt,511,セリフ◇すごい,どんなに凄い力を手に入れたって..<BR>変わらないんだよ！,不管获得多么强大的力量･･････<BR>都不会有任何改变的！
10-15.txt,519,セリフ◇平和,平和や幸福なんて...<BR><RUBY text='ちから'>能力</RUBY>で手に入れられる<BR>ものじゃないんだ！,和平或幸福什么的...<BR>并不是凭能力就能到手的<BR>东西啊！
10-15.txt,524,セリフ◇そんなもの,そんなもの<BR>..自分で生み出すしか..<BR>育てるしか..ないものじゃないか！,那种东西<BR>･･････只能靠自己去创造･･････<BR>只能靠自己去培育･･････不是吗！
10-15.txt,532,セリフ◇届き,何を手に入れたって<BR>..何を変えたって..<BR>届きはしないんだ,不管得到什么･･････<BR>･･････不管改变什么･･････<BR>都永远无法触及
10-15.txt,536,セリフ◇愛す,"ただそこにあるものを<BR>..愛す事でしか得られないものを<BR>,<TYPE interval=45>･･････</TYPE>どうして",那是只能靠去爱･･････眼前原本就存在的事物<BR>･･････才能得到的东西啊<BR><TYPE interval=45>･･････</TYPE>为什么
10-15.txt,540,セリフ◇どうして,<FONT size=18>どうして<BR>そんなことが<BR>わからないんだよ！,<FONT size=18>为什么<BR>你就是不明白<BR>这个道理啊！
10-15.txt,548,セリフ◇全て,すべてを持っているお前に<BR>私の気持ちが<BR>わかってたまるか！,拥有一切的你<BR>怎么可能<BR>理解我的心情！
10-15.txt,553,セリフ◇何も,"私には何もない！<BR>,何も持たないものが<BR>..何を愛せるというのだ",我什么都没有！<BR>一无所有的人<BR>･･････还能去爱什么呢
10-15.txt,561,セリフ◇違う！,<FONT size=22 face='G'>違う！,<FONT size=22 face='G'>不对！
10-15.txt,566,セリフ◇見ようと,<FONT size=18>見ようとして<BR>いないだけだ！,<FONT size=18>我只是没去刻意看<BR>罢了！
10-15.txt,574,セリフ◇知った,知ったようなことを<BR>言うな！！,别装作什么都懂<BR>似的！！
10-15.txt,579,セリフ◇も,これは何も持たぬ<BR>...私の運命だ,你只是没有试着<BR>去看而已！
10-15.txt,583,セリフ◇得て,私は何も持たず生まれ<BR>すべてを得て昇華するのだ,"我生来一无所有,<BR>终将拥有一切，得以升华。"
10-15.txt,587,セリフ◇自分,<FONT size=18 face='G'>自分を否定して<BR>幸せになれる奴なんて<BR>いない！！,<FONT size=18 face='G'>否定自己<BR>就能获得幸福的家伙<BR>根本不存在！！
10-15.txt,595,セリフ◇！,<FONT size=22 face='G'>違う！,<FONT size=22 face='G'>不对！
10-15.txt,602,セリフ◇わ,<FONT size=22 face='G'>違わない！,<FONT size=22 face='G'>没错！
10-15.txt,622,セリフ◇ふん,"――ふん....<BR>,まあいい",——哼･･････<BR>也罢
10-15.txt,628,セリフ◇発動,"<TYPE interval=55>バベルが発動すれば,<BR>全てが変わる","<TYPE interval=55>只要巴别发动,<BR>一切都将改变"
10-15.txt,632,セリフ◇正し,"<TYPE interval=56>お前が正しいか..<BR>私が正しいか,<BR>はっきりするだろう","<TYPE interval=56>究竟是你正确･･････<BR>还是我正确,<BR>很快就会见分晓了"
10-15.txt,636,セリフ◇驚き,！,！
10-15.txt,654,セリフ◇そこで,そこでお前は<BR>...おとなしく見ているがいい,所以你就<BR>･･････乖乖看着吧
10-15.txt,658,セリフ◇ハ,<FONT size=18 face='G'><TYPE interval=20>フハハハハハ<BR>ハハハハハハ！！！,<FONT size=18 face='G'><TYPE interval=20>呼哈哈哈哈哈哈<BR>哈哈哈哈哈哈！！！
10-16.txt,74,セリフ◇･･････,･･････,･･････
10-16.txt,81,セリフ◇･･･,･･････,･･････
10-16.txt,99,セリフ◇美しい,"美しい･･････,<BR>これがグラハムが<BR>見ていた世界か",真美啊･･････<BR>这就是格拉汉姆<BR>所看到的世界吗
10-16.txt,107,セリフ◇なんて,"なんて<BR>,なんて不平等<TYPE interval=45>･･････</TYPE>",多么･･････<BR>多么不平等<TYPE interval=45>･･････</TYPE>
10-16.txt,112,セリフ◇力,力あるものは<BR>...このような素晴らしい世界を<BR>生きていたのか,拥有力量的人<BR>･･････一直生活在<BR>如此美妙的世界里吗
10-16.txt,127,セリフ◇しかし,しかしいま..　全ては解決した<BR>...全ては平等になったのだ,但现在･･････一切都解决了<BR>･･････一切都变得平等了
10-16.txt,132,セリフ◇これで,"これでもう<BR>,誰も苦しむことはない",这样一来<BR>就再也没有人会受苦了
10-16.txt,137,セリフ◇誰も,"誰も思い煩うことはない<BR>,もう<TYPE interval=45>･･････</TYPE>だれも",再也没有人会烦恼了<BR>已经<TYPE interval=45>･･････</TYPE>谁也不会了
10-16.txt,159,セリフ◇なんだ,"<TYPE interval=30>なんだ？<BR>,この音は",<TYPE interval=30>什么？<BR>这声音是
10-16.txt,176,セリフ◇ば,ば　...馬鹿な！<BR>システムは完璧だったはずだ！,怎･･････怎么可能！<BR>系统应该是完美无缺的！
10-16.txt,194,セリフ◇どんな,どんなシステムにも<BR>ゆらぎはある,任何系统都<BR>存在波动
10-16.txt,200,セリフ◇特に,特にこのバベルは<BR>エネルギーの極大と極小の差が激しく...<BR>しかも距離が殆ど無い,尤其是这座巴别<BR>能量的极大值与极小值之差极为剧烈･･････<BR>而且两者之间的距离几乎为零
10-16.txt,204,セリフ◇その,"そのようなものに<BR>安定という言葉は――<BR>,まさに神の御心なくしては<BR>..ありえんのだ",对于这种东西<BR>“稳定”二字——<BR>若无神的旨意<BR>･･････根本无从谈起
10-16.txt,222,セリフ◇馬鹿な,"<TYPE interval=30>馬鹿な！<BR>,私は神に愛されている！",<TYPE interval=30>胡说！<BR>我是被神所爱的！
10-16.txt,229,セリフ◇この,"<TYPE interval=30>この両手を見ろ！,<BR>この両手こそがその証だ！","<TYPE interval=30>看看这双手！,<BR>这双手就是证明！"
10-16.txt,234,セリフ◇不自由,<TYPE interval=20>不自由を背負った私が<BR>今ここにいるのも...<BR>神が私とともにいたからこそだ！,<TYPE interval=20>身负残缺的我<BR>如今能站在这里･･････<BR>正是因为神与我同在！
10-16.txt,242,セリフ◇そんな,<TYPE interval=30><FONT size=18>そんな私が<BR>今ここで見捨てられる<BR>はずは無い！,<TYPE interval=30><FONT size=18>这样的我<BR>怎么可能在这里<BR>被抛弃！
10-16.txt,247,セリフ◇私は,<TYPE interval=30><FONT size=18>私は神の国を<BR>作ろうとしている<BR>のだからな！,<TYPE interval=30><FONT size=18>我可是要<BR>创造神之国<BR>的人啊！
10-16.txt,257,セリフ◇神の,神の御心は深遠だ,神的旨意深不可测
10-16.txt,262,セリフ◇誰,その心は――誰にも<BR>...わかりはしない,那心意——是谁也<BR>･･････无法理解的
10-16.txt,275,セリフ◇信じない,"<TYPE interval=30>馬鹿な！<BR>,私は信じない――",<TYPE interval=30>不可能！<BR>我不相信——
10-16.txt,280,セリフ◇見捨て,"<TYPE interval=30>私が　,私が――<BR>,見捨てられたなどと！！","<TYPE interval=30>我 ,我——<BR>,竟然说我被抛弃了什么的！！"
10-16.txt,298,セリフ◇ぐ,<FONT size=20 face='G'><TYPE interval=20>ぐあああぁぁぁぁぁぁっ！！,<FONT size=20 face='G'><TYPE interval=20>咕啊啊啊啊啊啊啊！！
10-16.txt,333,セリフ◇逃げ,"<TYPE interval=30>どうやら<BR>,早く逃げたほうが<BR>よさそうですよ！",<TYPE interval=30>看来<BR>还是早点逃跑<BR>比较好啊！
10-16.txt,340,セリフ◇そうだね,"そうだね――<BR>,だがバベルが<TYPE interval=45>･･････</TYPE>",是啊——<BR>但巴别要是<TYPE interval=45>･･････</TYPE>
10-16.txt,353,セリフ◇あれを,あれを<BR>止めなければ<TYPE interval=45>･･････</TYPE>,不阻止<BR>那个<TYPE interval=45>･･････</TYPE>
10-16.txt,358,セリフ◇無茶,無茶です！<BR>...津名川さん！！,太乱来了！<BR>･･････津名川先生！！
10-16.txt,370,セリフ◇アレを,"あれを<TYPE interval=45>･･････,</TYPE><BR>止めなければ<TYPE interval=45>･･････,</TYPE><BR>何の為にここに来たのか<TYPE interval=45>･･････</TYPE>",那个<TYPE interval=45>･･････</TYPE><BR>如果不阻止<TYPE interval=45>･･････</TYPE><BR>我们来这里是为了什么<TYPE interval=45>･･････</TYPE>
10-16.txt,375,セリフ◇為に,"何の為に<TYPE interval=45>･･････</TYPE>,<BR>品藤が死んだのか<TYPE interval=45>･･････</TYPE><BR>わからなくなる<TYPE interval=45>･･････</TYPE>","品藤的死<TYPE interval=45>･･････</TYPE>,<BR>究竟是为了什么<TYPE interval=45>･･････</TYPE><BR>我都快想不明白了<TYPE interval=45>･･････</TYPE>"
10-16.txt,380,セリフ◇止め,だから止めないと<TYPE interval=45>･･････</TYPE>,所以必须阻止<TYPE interval=45>･･････</TYPE>
10-16.txt,400,セリフ◇足,<TYPE interval=30>その足では無理です！！<BR>ご主人様！！,<TYPE interval=30>就凭您这腿脚，不行的！！<BR>主人！！
10-16.txt,406,セリフ◇宗慈,"<TYPE interval=30>逃げましょう！！,<BR>宗慈さぁん！！","<TYPE interval=30>快逃吧！！,<BR>宗慈先生——！！"
10-16.txt,418,セリフ◇せ,<FONT size=20 face='G'>せんせー！！,<FONT size=20 face='G'>老师——！！
10-16.txt,424,セリフ◇沈黙,<TYPE interval=45>･･････</TYPE>,<TYPE interval=45>･･････</TYPE>
10-16.txt,436,セリフ◇津名川,"<TYPE interval=80>君は逃げたまえ<TYPE interval=45>･････</TYPE>,<BR><TYPE interval=80>津名川君","<TYPE interval=80>你先逃吧<TYPE interval=45>･･････</TYPE>,<BR><TYPE interval=80>津名川君"
10-17.txt,15,セリフ◇ここは,ここは...　この老兵<BR>一人で充分だ,这里･･････有我这个老兵<BR>一个人就足够了
10-17.txt,22,セリフ◇グラハム,"グラハムさん<TYPE interval=45>･･････</TYPE><BR>,どういうことです？",格拉汉姆先生<TYPE interval=45>･･････</TYPE><BR>这是怎么回事？
10-17.txt,37,セリフ◇･･････,<TYPE interval=45>･･････</TYPE>！？,<TYPE interval=45>･･････</TYPE>！？
10-17.txt,44,セリフ◇グ,<TYPE interval=30>グ　...グラハムさん<TYPE interval=45>･･････</TYPE><BR>血が<TYPE interval=45>･･････,<TYPE interval=30>格･･････格拉汉姆先生<TYPE interval=45>･･････</TYPE><BR>您在流血<TYPE interval=45>･･････
10-17.txt,55,セリフ◇大丈夫,"大丈夫だよ　...エマ<BR>,心配してくれて<BR>ありがとう<TYPE interval=45>･･････</TYPE>",我没事的･･････艾玛<BR><BR>谢谢你的关心<TYPE interval=45>･･････</TYPE>
10-17.txt,60,セリフ◇津名川,"津名川君..<BR>私がここを引き受けよう<BR>,..それが私の役目なのだ",津名川･･････<BR>这里就交给我吧<BR>･･････这就是我的使命
10-17.txt,71,セリフ◇時間,"もう時間が無い,..<BR>急がねばバベルの塔が<BR>完成してしまう","经没有时间了,..<BR>不抓紧的话巴别塔就要<BR>完成了"
10-17.txt,75,セリフ◇暴走,"暴走したバベルは<BR>全ての力を飲み込み<BR>,全てを昇華してしまうだろう",暴走的巴别塔会<BR>吞噬所有的力量<BR>将一切都升华掉吧
10-17.txt,79,セリフ◇全て,"全て――<BR>,私の責任なのだ",这一切——<BR>都是我的责任
10-17.txt,83,セリフ◇罪,"私の罪は<TYPE interval=45>･･････</TYPE>,<BR>私自身が償うしかあるまい","我的罪孽<TYPE interval=45>･･････</TYPE>,<BR>只能由我亲自去赎清了"
10-17.txt,98,セリフ◇再び,それに再びあの中心に<BR>近づくのは..精神波を見られる<BR>私にしかできないことだ,而且，再次<BR>接近那个中心..是只有能够看到精神波的<BR>我才能办到的事
10-17.txt,102,セリフ◇神の,"これも全て――<BR>,神の配剤だろう<TYPE interval=45>･･････</TYPE>",这一切——<BR>也是神的安排吧<TYPE interval=45>･･････</TYPE>
10-17.txt,107,セリフ◇･･･,<TYPE interval=45>･･････</TYPE>,<TYPE interval=45>･･････</TYPE>
10-17.txt,120,セリフ◇さん,グラハムさん<TYPE interval=45>･･････</TYPE>,格拉汉姆先生<TYPE interval=45>･･････</TYPE>
10-17.txt,124,セリフ◇力,僕はあなたに<BR>..感謝しなければならない,我必须要向您<BR>･･････表达我的感激
10-17.txt,135,セリフ◇何,何もできない僕に<BR>力を与えてくれたのは<BR>..あなただった,给无能为力的我<BR>赋予力量的<BR>･･････正是您
10-17.txt,139,セリフ◇今の,今の僕がここにあるのも..<BR>あなたのおかげだ,现在的我能站在这里･･････<BR>都是多亏了您
10-17.txt,156,セリフ◇何も,"私は何もしとらんよ<TYPE interval=45>･･････</TYPE><BR>,..すべて君自身が決断したことだ",我什么都没做<TYPE interval=45>･･････</TYPE><BR>･･････这一切都是你自己做出的抉择
10-17.txt,163,セリフ◇頼ん,"エマを<TYPE interval=45>･･････</TYPE>,<BR>頼んだよ<TYPE interval=45>･･････</TYPE>","艾玛就<TYPE interval=45>･･････</TYPE>,<BR>拜托你了<TYPE interval=45>･･････</TYPE>"
10-17.txt,170,セリフ◇わか,<TYPE interval=45>･･････</TYPE>わかりました,<TYPE interval=45>･･････</TYPE>我明白了
10-17.txt,188,セリフ◇ハム,<FONT size=15><TYPE interval=45>･･････</TYPE>グラハムさん<TYPE interval=45>･･････</TYPE>,<FONT size=15><TYPE interval=45>･･････</TYPE>格拉汉姆先生<TYPE interval=45>･･････</TYPE>
10-18.txt,20,セリフ◇出口,<FONT size=18><TYPE interval=30>出口は何処だ？,<FONT size=18><TYPE interval=30>出口在哪里？
10-18.txt,27,セリフ◇どうやら,<TYPE interval=30>どうやら<BR>..こっちのようですよ！,<TYPE interval=30>看来<BR>･･････是这边！
10-18.txt,33,セリフ◇じゃや,<TYPE interval=30>じゃあ急ごう！,<TYPE interval=30>那我们快走！
10-18.txt,52,セリフ◇なんだ,"なんだ,　この倒れている<BR>兵士達は<TYPE interval=45>･･････</TYPE>",怎么回事，这些倒地的<BR>士兵<TYPE interval=45>･･････</TYPE>
10-18.txt,56,セリフ◇アレ,<FONT size=15>アレ？...　あれって<TYPE interval=45>･･････</TYPE><BR>..あのロボット？,<FONT size=15>那是？･･････那个难道是<TYPE interval=45>･･････</TYPE><BR>･･････那台机器人？
10-18.txt,60,セリフ◇すごい,<FONT size=15>凄い<TYPE interval=45>･･････</TYPE>,<FONT size=15>好厉害<TYPE interval=45>･･････</TYPE>
10-18.txt,65,セリフ◇めたくた,<FONT size=15>めたくた<TYPE interval=45>･･････</TYPE>,<FONT size=15>被砸得稀巴烂<TYPE interval=45>･･････</TYPE>
10-18.txt,76,セリフ◇だれが,"<TYPE interval=50>誰が<TYPE interval=45>･･････</TYPE>,<BR><TYPE interval=50>こんなことを<TYPE interval=45>･･････</TYPE>","<TYPE interval=50>是谁<TYPE interval=45>･･････</TYPE>,<BR><TYPE interval=50>干出这种事<TYPE interval=45>･･････</TYPE>"
10-18.txt,83,セリフ◇こんあ,"<TYPE interval=50>こんなことが出来るのは――,<BR>エクストラのみでは――","<TYPE interval=50>能做到这种地步的——,<BR>只有Extra——"
10-18.txt,88,セリフ◇まさか,"<TYPE interval=45>･･････</TYPE>,<TYPE interval=50>まさか<TYPE interval=45>･･････</TYPE>",<TYPE interval=45>･･････</TYPE>，<TYPE interval=50>难道<TYPE interval=45>･･････</TYPE>
10-18.txt,105,セリフ◇終わった,終わったようだな,看来结束了啊
10-18.txt,112,セリフ◇全て,全て――,一切——
10-18.txt,116,セリフ◇荒山,荒山<TYPE interval=45>･･････</TYPE>？,荒山<TYPE interval=45>･･････</TYPE>？
10-18.txt,129,セリフ◇何を,"何をしに<TYPE interval=45>･･････</TYPE><BR>,ここに来たんだ？",你来<TYPE interval=45>･･････</TYPE><BR>这里做什么？
10-18.txt,134,セリフ◇･･････,<TYPE interval=45>･･････</TYPE>,<TYPE interval=45>･･････</TYPE>
10-18.txt,146,セリフ◇正義,"津名川<TYPE interval=45>･･････</TYPE><BR>,お前にとっての<BR>正義とはなんだ？",津名川<TYPE interval=45>･･････</TYPE><BR>对你而言<BR>正义是什么？
10-18.txt,150,セリフ◇理由,今ここにいる理由――,此刻在此的理由——
10-18.txt,154,セリフ◇それ,それ以上のものでも<BR>..それ以下でもない,既不多一分<BR>･･････也不少一毫
10-18.txt,158,セリフ◇必要,"そして――<BR>,もう必要の無いものだ",并且——<BR>已是无需存在之物
10-18.txt,174,セリフ◇俺の,オレの正義とは――,我的正义就是——
10-18.txt,179,セリフ◇守る,"――守ることだ<BR>,今という時間を――",——守护<BR>守护当下这一刻——
10-18.txt,192,セリフ◇今,今<TYPE interval=45>･･････</TYPE>？,当下<TYPE interval=45>･･････</TYPE>？
10-18.txt,200,セリフ◇早すぎ,"全ては<TYPE interval=45>･･････</TYPE>,<BR>あまりに速すぎた<TYPE interval=45>･･････</TYPE>","一切<TYPE interval=45>･･････</TYPE>,<BR>都来得太快了<TYPE interval=45>･･････</TYPE>"
10-18.txt,204,セリフ◇古痕,古痕も軍も<BR>...そしてエクストラという<BR>存在も,古痕也好，军队也罢<BR>･･････就连Extra这种<BR>存在
10-18.txt,217,セリフ◇強大,その強大な力は<BR>..我々の“今”を<BR>ゆがめてしまう,那股强大的力量<BR>･･････会扭曲<BR>我们的“当下”
10-18.txt,221,セリフ◇俺は,オレはそれを<BR>..防いできただけだ,我不过<BR>･･････是一直在阻止这一切罢了
10-18.txt,236,セリフ◇荒山,荒山――,荒山——
10-18.txt,242,セリフ◇なぜ,何故　..ここで<BR>今になって..<BR>それを？,为什么 ..在这里<BR>事到如今..<BR>那个？
10-18.txt,247,セリフ◇サテ,"さてどうしてかな<BR>,自分でもよくわからん",为什么呢<BR>连我自己也不太清楚
10-18.txt,263,セリフ◇最後に,最後にお前の意思を<BR>..知りたかっただけかもな<TYPE interval=45>･･････</TYPE>,也许只是想在最后<BR>･･････了解一下你的意志吧<TYPE interval=45>･･････</TYPE>
10-18.txt,267,セリフ◇最後？,最後？,最后？
10-18.txt,271,セリフ◇お前は,お前は品藤の<BR>遺言を果たした,你完成了品藤的<BR>遗愿
10-18.txt,275,セリフ◇一応,それについて<BR>..一応見直しておこう,关于这件事<BR>･･････姑且再确认一下吧
10-18.txt,290,セリフ◇三人,後は――.....<BR>お前のその三人の娘達――,接下来就是——･･････<BR>你的那三个女儿——
10-18.txt,294,セリフ◇確かめ,その力をもう一度<BR>..確かめさせてもらう,让我再确认一次<BR>･･････她们的力量
10-18.txt,298,セリフ◇正気,"<TYPE interval=30>正気か！？,<BR>荒山",<TYPE interval=30>你疯了吗！？<BR>荒山
10-18.txt,303,セリフ◇至って,至って正気だ,我清醒得很
10-18.txt,312,セリフ◇エクス,エクストラは<BR>..全て消えなければいけない,Extra<BR>･･････必须全部消失
10-18.txt,316,セリフ◇強者,正義は強者しか<BR>..語れない,正义只有强者<BR>･･････才有资格诉说
10-18.txt,320,セリフ◇どちら,俺とお前の正義<BR>..どちらが正しいか――<BR>..それを確かめるのだ,我的正义与你的正义<BR>･･････究竟哪个才是正确的——<BR>･･････就让我来验证吧
10-18.txt,338,セリフ◇達,お前達<TYPE interval=45>･･････</TYPE>,你们<TYPE interval=45>･･････</TYPE>
10-18.txt,362,セリフ◇ご,<TYPE interval=20>ご主人様は<BR>..見ててください,<TYPE interval=20>主人就在一旁<BR>･･････好好看着吧
10-18.txt,378,セリフ◇さゆ,"<TYPE interval=30><FONT size=20 face=""MS ゴシック\>さゆ<BR>..がんばるから！","<TYPE interval=30><FONT size=20 face=""MS ゴシック\>沙友<BR>･･････会加油的！"
10-18.txt,380,セリフ◇あいつ,<TYPE interval=20><FONT size=18>あいつなんか<BR>..こてんぱんに<BR>やっつけちゃうんだから！,<TYPE interval=20><FONT size=18>那种家伙<BR>･･････绝对要把他打得<BR>落花流水！
10-18.txt,406,セリフ◇ハハ,"<FONT size=22 face=""MS ゴシック\><TYPE interval=10>ハハハハハ","<FONT size=22 face=""MS ゴシック\><TYPE interval=10>哈哈哈哈哈哈"
10-18.txt,414,セリフ◇さあ,"<TYPE interval=30><FONT size=24 face=""MS ゴシック\>さあ　...かかって来い<BR>,津名川の娘達よ！","<TYPE interval=30><FONT size=24 face=""MS ゴシック\>来吧･･････放马过来吧<BR>津名川的女儿们！"
10-18.txt,428,セリフ◇はあ,"<TYPE interval=30><FONT size=24 face=""MS ゴシック\>はあぁぁ！！","<TYPE interval=30><FONT size=24 face=""MS ゴシック\>喝啊啊！！"
10-18.txt,488,セリフ◇く,<TYPE interval=30><FONT size=18>くっ！,<TYPE interval=30><FONT size=18>唔！
10-18.txt,527,セリフ◇はぁぁあ,"<TYPE interval=30><FONT size=22 face=""MS ゴシック\>はぁぁあ","<TYPE interval=30><FONT size=22 face=""MS ゴシック\>哈啊啊"
10-18.txt,548,セリフ◇く,<TYPE interval=30><FONT size=18>くっ･･････,<TYPE interval=30><FONT size=18>唔･･････
10-18.txt,568,セリフ◇どう,"<TYPE interval=30><FONT size=22 face=""MS ゴシック\>どうした！？,<BR>お前らの実力は<BR>そんなものか！","<TYPE interval=30><FONT size=22 face=""MS ゴシック\>怎么了！？<BR>你们的实力<BR>就这种程度吗！"
10-18.txt,576,セリフ◇俺,"<TYPE interval=30><FONT size=20 face=""MS ゴシック\>俺が言った事を<BR>.もう忘れたか！？","<TYPE interval=30><FONT size=20 face=""MS ゴシック\>我说的话<BR>已经忘了吗！？"
10-18.txt,586,セリフ◇！,"<FONT size=22 face=""MS ゴシック\>･･････！","<FONT size=22 face=""MS ゴシック\>･･････！"
10-18.txt,614,セリフ◇あ,"<TYPE interval=20><FONT size=18>あ――！　...そっか！！,<BR>さっきのように――","<TYPE interval=20><FONT size=18>啊――！ ...这样啊！！,<BR>就像刚才那样――"
10-18.txt,636,セリフ◇く,<TYPE interval=40>くっ･･････,<TYPE interval=40>唔･･････
10-18.txt,662,セリフ◇エマ,"<TYPE interval=20><FONT size=20 face=""MS ゴシック\>エマ！","<TYPE interval=20><FONT size=20 face=""MS ゴシック\>艾玛！"
10-18.txt,668,セリフ◇いまだ,"<TYPE interval=20><FONT size=22 face=""MS ゴシック\>いまだ！！","<TYPE interval=20><FONT size=22 face=""MS ゴシック\>就是现在！！"
10-18.txt,679,セリフ◇た,"<TYPE interval=20><FONT size=24 face=""MS ゴシック\>たあっ！","<TYPE interval=20><FONT size=24 face=""MS ゴシック\>喝啊！"
10-18.txt,697,セリフ◇た,"<TYPE interval=40><FONT size=32 face=""MS ゴシック\>が<FONT size=28 face=""MS ゴシック\>はあ<FONT size=24 face=""MS ゴシック\>あぁぁ<FONT size=28 face=""MS ゴシック\>ぁあ！！","<TYPE interval=40><FONT size=32 face=""MS ゴシック\>嘎<FONT size=28 face=""MS ゴシック\>哈啊<FONT size=24 face=""MS ゴシック\>啊啊啊<FONT size=28 face=""MS ゴシック\>啊啊！！"
10-18.txt,722,セリフ◇く,"<TYPE interval=50><FONT size=15>くっ･･････！<BR>,はぁはぁ･･････",<TYPE interval=50><FONT size=15>唔･･････！<BR>呼･･････呼･･････
10-18.txt,730,セリフ◇と,"<TYPE interval=20><FONT size=18 face=""MS ゴシック\>とどめっ･･････！","<TYPE interval=20><FONT size=18 face=""MS ゴシック\>最后一击･･････！"
10-18.txt,743,セリフ◇フ,<FONT size=15>フッ･･････,<FONT size=15>哼･･････
10-18.txt,774,セリフ◇なんで,"なんで<TYPE interval=45>･･････</TYPE>,<BR>なんで　..よけないの？","为什么<TYPE interval=45>･･････</TYPE>,<BR>为什么･･････不躲开？"
10-18.txt,779,セリフ◇で,"何でもない<BR>,俺が弱いだけさ",没什么<BR>只是我太弱了罢了
10-18.txt,798,セリフ◇津名川,"<TYPE interval=70>津名川<TYPE interval=45>･･････</TYPE>,<BR><TYPE interval=70>俺を殺せ","<TYPE interval=70>津名川<TYPE interval=45>･･････</TYPE>,<BR><TYPE interval=70>杀了我"
10-18.txt,808,セリフ◇殺,"<TYPE interval=60>殺さなければ<TYPE interval=45>･･････</TYPE><BR>,<TYPE interval=60>きっと俺はお前達を探し出し",<TYPE interval=60>如果不杀了我<TYPE interval=45>･･････</TYPE><BR><TYPE interval=60>我一定会把你们找出来
10-18.txt,813,セリフ◇また,<TYPE interval=60>また同じことを<BR>するぞ<TYPE interval=45>･･････</TYPE>,<TYPE interval=60>再对你们<BR>做同样的事<TYPE interval=45>･･････</TYPE>
10-18.txt,818,セリフ◇･･････,<TYPE interval=45>･･････</TYPE>,<TYPE interval=45>･･････</TYPE>
10-18.txt,834,セリフ◇なせ,"荒山さん――<BR>,何故　..途中から動きが<BR>..悪くなったのですか？",荒山先生——<BR>为什么･･････中途开始动作<BR>･･････变迟钝了呢？
10-18.txt,840,セリフ◇身体,"何か<TYPE interval=45>･･････</TYPE>,　<TYPE interval=60>身体の奥を<BR>..庇っているような<BR>動きでした<TYPE interval=45>･･････</TYPE>",似乎<TYPE interval=45>･･････</TYPE>，　<TYPE interval=60>在刻意护着身体深处<BR>･･････似的<BR>动作呢<TYPE interval=45>･･････</TYPE>
10-18.txt,851,セリフ◇目は,<TYPE interval=45>･･････</TYPE>お前達の目は..<BR>ごまかせんか<TYPE interval=45>･･････</TYPE>,<TYPE interval=45>･･････</TYPE>你们的眼睛･･････<BR>是骗不过的<TYPE interval=45>･･････</TYPE>
10-18.txt,855,セリフ◇ガン,品藤のガン細胞を<BR>..自分に移植したんだよ,把品藤的癌细胞<BR>..移植到自己体内了啊
10-18.txt,869,セリフ◇動き,動きが悪くみえたのは<BR>...その所為だ,动作看起来迟钝<BR>･･････就是因为这个
10-18.txt,873,セリフ◇細胞,エクストラの動きをすると<BR>..細胞が活発化するからな,因为一旦做出Extra的动作<BR>･･････细胞就会活化起来
10-18.txt,877,セリフ◇こと,"何故<TYPE interval=45>･･････</TYPE><BR>,そんなことを<TYPE interval=45>･･････</TYPE>",为什么<TYPE interval=45>･･････</TYPE><BR>要做那种事<TYPE interval=45>･･････</TYPE>
10-18.txt,891,セリフ◇感傷,感傷だ,不过是感伤罢了
10-18.txt,898,セリフ◇くだ,"<TYPE interval=70>ただのくだらない<BR>,感傷だ",<TYPE interval=70>只是毫无意义的<BR>感伤罢了
10-18.txt,909,セリフ◇荒山･･･,<TYPE interval=45>･･････</TYPE>荒山<TYPE interval=45>･･････</TYPE>,<TYPE interval=45>･･････</TYPE>荒山<TYPE interval=45>･･････</TYPE>
10-18.txt,914,セリフ◇殺す,"さあ<TYPE interval=45>･･････</TYPE><BR>,俺を殺すといい",来吧<TYPE interval=45>･･････</TYPE><BR>杀了我吧
10-18.txt,933,選択①,<FONT color=red><TYPE interval=0>･･････わかったよ,<FONT color=red><TYPE interval=0>･･････我知道了
10-18.txt,934,選択②,<FONT color=red><TYPE interval=0>死んでどうなるって<BR>いうんだ,<FONT color=red><TYPE interval=0>死了又能<BR>怎么样
10-18.txt,948,津名◇選択,･･････わかったよ,･･････我知道了
10-18.txt,963,津名◇選択,死んでどうなるって<BR>いうんだ,死了又能<BR>怎么样
10-19-01.txt,4,セリフ◇やはり,"フッ　..やはりお前は<BR>あまちゃんだな<TYPE interval=45>･･････,<BR></TYPE>津名川",哼 ･･････果然你还是<BR>太天真了啊<TYPE interval=45>･･････<BR></TYPE>津名川
10-19-01.txt,9,セリフ◇･･････,<TYPE interval=45>･･････</TYPE>,<TYPE interval=45>･･････</TYPE>
10-19-01.txt,23,セリフ◇子供,"子供は早く家に帰れ<BR>,..ここからは大人の時間だ",小孩子就赶紧回家吧<BR>･･････接下来是大人的时间了
10-19-01.txt,30,セリフ◇沈黙,<TYPE interval=45>･･････</TYPE>,<TYPE interval=45>･･････</TYPE>
10-19-01.txt,46,セリフ◇荒山,"荒山さん<TYPE interval=45>･･････</TYPE>,<BR>ありがとう","荒山先生<TYPE interval=45>･･････</TYPE>,<BR>谢谢"
10-19-01.txt,71,セリフ◇死,<TYPE interval=90 style=Fade>死というのは<BR>..負けることだ,<TYPE interval=90 style=Fade>所谓死亡<BR>･･････就是失败
10-19-01.txt,73,セリフ◇正義,"<TYPE interval=90 style=Fade>正義は勝ってこそ正義だ<BR>,.俺は間違ってるかい<BR>....津名川","<TYPE interval=90 style=Fade>正义战胜了才是正义<BR>,.我错了吗<BR>....津名川"
10-19-01.txt,96,セリフ◇軍,"軍の処理部隊か<TYPE interval=45>･･････</TYPE>,<BR>ふふっ　....俺に似合いの墓場だ","军队的清理部队吗<TYPE interval=45>･･････</TYPE>,<BR>呵呵 ....真是适合我的墓地啊"
10-19-01.txt,124,セリフ◇軍,"<FONT size=22 face=""MS ゴシック\>ぐ<TYPE interval=25>･･････</TYPE><BR><TYPE interval=30>ぐあああ！","<FONT size=22 face=""MS ゴシック\>呃<TYPE interval=25>･･････</TYPE><BR><TYPE interval=30>咕啊啊啊！"
10-19-01.txt,137,セリフ◇今,"<FONT size=16><TYPE interval=85 style=Fade>･･････だが,　今。,<BR>死に際になって思うのは･･････</TYPE>","<FONT size=16><TYPE interval=85 style=Fade>...可是，现在,<BR>临死之际浮现在脑海里的却是...</TYPE>"
10-19-01.txt,149,セリフ◇本当,"<FONT size=16><TYPE interval=85 style=Fade>あいつの事だ。,...かわいそうな奴。<BR>....本当にいい女･･････,<BR>いい人間だったのに･･････",<FONT size=16><TYPE interval=85 style=Fade>她的事...那个可怜的家伙。<BR>...明明真的是个好女人...<BR>明明是个很好的人...
10-19-01.txt,164,セリフ◇勝って,<FONT size=16><TYPE interval=105 style=Fade>勝って正義を通す為に...<BR>しがみついてきたこの世だが<TYPE interval=45>･･････</TYPE>,<FONT size=16><TYPE interval=105 style=Fade>为了胜利，为了伸张正义...<BR>我一直死抓着这个世界不放<TYPE interval=45>...</TYPE>
10-19-01.txt,168,セリフ◇負けて,"<FONT size=16><TYPE interval=105 style=Fade>負けてあいつのそばに行くのも,<BR>悪くない<TYPE interval=45>･･････</TYPE>","<FONT size=16><TYPE interval=105 style=Fade>可若是输了以后去到她身边,<BR>似乎也不坏<TYPE interval=45>...</TYPE>"
10-19-01.txt,179,セリフ◇なあ,"<FONT size=16><TYPE interval=95 style=Fade>なぁ･･････,...　品藤･･････</TYPE>",<FONT size=16><TYPE interval=95 style=Fade>是吧... 品藤...</TYPE>
10-19-01.txt,194,セリフ◇何だ,"<TYPE interval=30>　何だ！？<BR>,「アレ」は！？",<TYPE interval=30>　什么！？<BR>“那东西”是！？
10-19-01.txt,196,セリフ◇バケモン,<TYPE interval=30>バケモンめ！,<TYPE interval=30>你这怪物！
10-19-01.txt,198,セリフ◇撃て,"<TYPE interval=30><FONT size=18 face=""MS ゴシック\>撃て！　...撃て！","<TYPE interval=30><FONT size=18 face=""MS ゴシック\>开火！ ･･････开火！"
10-19-02.txt,6,セリフ◇どうした,"<TYPE interval=20>どうした！？,<BR>撃て！！","<TYPE interval=20>怎么回事！？,<BR>开枪！！"
10-19-02.txt,10,セリフ◇くっ,<TYPE interval=0>くっ！,<TYPE interval=0>唔！
10-19-02.txt,39,セリフ◇ふふ,"<TYPE interval=90 style=Fade>ふふ<BR>,これで終われる･･････",<TYPE interval=90 style=Fade>呵呵<BR>这样就能结束了･･････
10-19-02.txt,51,セリフ◇オレは,"<TYPE interval=90 style=Fade>オレは自分の正義のために生きた･･････<BR>,..正義...　それがオレの答え<BR>,..津名川･･･　,...お前は･･･　,...答えを見つけられたか？",<TYPE interval=90 style=Fade>我是为了自己的正义而活的...<BR>...正义...那便是我的答案<BR>...津名川...你......找到答案了吗？
10-20.txt,24,セリフ◇この,この建物も<BR>..もうやばいな<TYPE interval=45>･･････</TYPE>,这栋楼也<BR>･･････快撑不住了<TYPE interval=45>･･････</TYPE>
10-20.txt,30,セリフ◇揺れ,揺れが結構<BR>..酷くなってきた<TYPE interval=45>･･････<TYPE>,震得越来越<BR>･･････厉害了<TYPE interval=45>･･････<TYPE>
10-20.txt,41,セリフ◇逃げる,それにしても..何処から<BR>逃げるんです？,话说回来･･････我们该<BR>往哪儿逃？
10-20.txt,47,セリフ◇来た,来た道を戻るわけにも<BR>いかないでしょう？,原路回去肯定<BR>行不通了吧？
10-20.txt,51,セリフ◇うん,うん　..それに出来れば足も<BR>用意したいところだね<TYPE interval=45>･･････</TYPE>,嗯･･････而且最好能<BR>弄到代步工具<TYPE interval=45>･･････</TYPE>
10-20.txt,55,セリフ◇ヘリ,ヘリか何かあれば<BR>いいんだが<TYPE interval=45>･･････</TYPE>,要是有架直升机<BR>什么的就好了<TYPE interval=45>･･････</TYPE>
10-20.txt,72,セリフ◇津名川,津名川さん<BR>..ヘリ操縦できるんですか？,津名川先生<BR>･･････您会开直升机吗？
10-20.txt,76,セリフ◇出来る,出来るとはお世辞にも..<BR>言えんね,说我会开<BR>･･････那可就太勉强了
10-20.txt,80,セリフ◇誰か,誰か出来る人間を<BR>捕まえるほうがいいだろう,还是去<BR>找个会开的人比较好
10-20.txt,84,セリフ◇それじゃ,"それじゃ..<BR>ヘリポートですか？<BR>,目的地は",那･･････<BR>去直升机坪吗？<BR>目的地就定那儿
10-20.txt,99,セリフ◇そうだね,"そうだね――<BR>,.どうやらこっちのようだ――",是啊——<BR>看来是这边了——
10-20.txt,103,セリフ◇それじゃ,行こうか...<BR>手を貸してくれ..<BR>倉巳君,走吧･･････<BR>来搭把手･･････<BR>仓巳君
10-20.txt,107,セリフ◇はい,はい,好的
10-21-1.txt,20,セリフ◇ど,どっ<BR>...どっちだ,哪･･････<BR>･･････是哪边？
10-21-1.txt,26,セリフ◇こ,こっちだ..<BR>倉巳君！,这边･･････<BR>仓巳君！
10-21-1.txt,57,セリフ◇ヘ,"<TYPE interval=20><FONT size=20 face=""MS ゴシック\>ヘリポートだ！","<TYPE interval=20><FONT size=20 face=""MS ゴシック\>是直升机坪！"
10-21-1.txt,70,セリフ◇待て,"<FONT size=20 face=""MS ゴシック\>待て――","<FONT size=20 face=""MS ゴシック\>等等——"
10-21-1.txt,76,セリフ◇ど,"<TYPE interval=30>どーしたんですか？<BR>,――ん？",<TYPE interval=30>怎么了？<BR>――嗯？
10-21-1.txt,84,セリフ◇誰か,誰かいる<TYPE interval=45>･･････</TYPE>,有人･･････<TYPE interval=45>･･････</TYPE>
10-21-1.txt,88,セリフ◇あ,あ<TYPE interval=45>･･････</TYPE>,啊･･････<TYPE interval=45>･･････</TYPE>
10-21-1.txt,103,セリフ◇･･････,<TYPE interval=45>･･････</TYPE>,<TYPE interval=45>･･････</TYPE>
10-21-1.txt,109,セリフ◇ス,スパッド！！,斯帕德！！
10-21-1.txt,123,セリフ◇も,もう終わりだよ<TYPE interval=45>･･････</TYPE><BR>スパッド<TYPE interval=45>･･････</TYPE>,已经结束了･･････<TYPE interval=45>･･････</TYPE><BR>斯帕德･･････<TYPE interval=45>･･････</TYPE>
10-21-1.txt,130,セリフ◇もう,"もう<TYPE interval=45>･･････</TYPE>　,..お前にも<TYPE interval=45>･･････</TYPE><BR>..僕にも<TYPE interval=45>･･････</TYPE>　,やれることは<BR>..無いんだ<TYPE interval=45>･･････</TYPE>",已经･･････<TYPE interval=45>･･････</TYPE>　･･････你也･･････<TYPE interval=45>･･････</TYPE><BR>･･････我也･･････<TYPE interval=45>･･････</TYPE>　，能做的･･････<BR>･･････已经没有了･･････<TYPE interval=45>･･････</TYPE>
10-21-1.txt,144,セリフ◇･･･,<TYPE interval=65 style=Fade>･･････････････････いや,<TYPE interval=65 style=Fade>･･････不
10-21-1.txt,169,セリフ◇スパ,"<FONT size=20 face=""MS ゴシック\>スパッド！！","<FONT size=20 face=""MS ゴシック\>斯帕德！！"
10-21-1.txt,180,選択①,<FONT color=red><TYPE interval=0>させるものか･･････っ！,<FONT color=red><TYPE interval=0>休想得逞･･････！
10-21-1.txt,181,選択②,<FONT color=red><TYPE interval=0>お前の弾なんて<BR>..当たるものか！！,<FONT color=red><TYPE interval=0>你的子弹<BR>..怎么可能打得中！！
10-21-1.txt,182,選択③,<FONT color=red><TYPE interval=0>殺してやる･･････ッ！!,<FONT color=red><TYPE interval=0>我要杀了你･･････！！
10-21-1.txt,196,津名◇選択,させるものか･･････っ！,休想得逞･･････！
10-21-1.txt,221,津名◇選択,お前の弾なんて<BR>..当たるものか！！,你的子弹<BR>..怎么可能打得中！！
10-21-1.txt,242,津名◇選択,殺してやる･･････ッ！!,我要杀了你･･････！！
10-21-1-1.txt,13,セリフ◇く,<TYPE interval=20><FONT size=22 face='G'>くっ！,<TYPE interval=20><FONT size=22 face='G'>唔！
10-21-1-1.txt,67,セリフ◇ご,<TYPE interval=30><FONT size=22 face='G'>ご主人さまぁっ！！！,<TYPE interval=30><FONT size=22 face='G'>主人！！！
10-21-1-1.txt,91,セリフ◇大丈夫,大丈夫<TYPE interval=45>･･････</TYPE>...<BR>か<TYPE interval=45>･･････</TYPE>？,没事<TYPE interval=45>･･････</TYPE>･･････<BR>吗<TYPE interval=45>･･････</TYPE>？
10-21-1-1.txt,95,セリフ◇な,なんで！...　<BR>なんで私達を<BR>かばったんですか！,为什么！･･････　<BR>为什么<BR>要替我们承受！
10-21-1-1.txt,99,セリフ◇ど,どうして<TYPE interval=45>･･････</TYPE>,为什么<TYPE interval=45>･･････</TYPE>
10-21-1-1.txt,109,セリフ◇だ,どうして<TYPE interval=45>･･････</TYPE>...<BR>だろうな<TYPE interval=45>･･････</TYPE>,为什么<TYPE interval=45>･･････</TYPE>･･････<BR>谁知道呢<TYPE interval=45>･･････</TYPE>
10-21-1-1.txt,114,セリフ◇気,"気がついたら<TYPE interval=45>･･････</TYPE>,<BR>身体が動いてた<TYPE interval=45>･･････</TYPE>","回过神来<TYPE interval=45>･･････</TYPE>,<BR>身体已经动了<TYPE interval=45>･･････</TYPE>"
10-21-1-1.txt,119,セリフ◇お前,お前達を<BR>庇うように<TYPE interval=45>･･････</TYPE>,像是为了<BR>护住你们<TYPE interval=45>･･････</TYPE>
10-21-1-1.txt,129,セリフ◇早く,"早く――<BR>,早く治療を――",快——<BR>快治疗——
10-21-1-1.txt,133,セリフ◇弾,弾が小さいから..<BR>なんとか<TYPE interval=45>･･････</TYPE>,子弹比较小･･････<BR>勉强还能･･････<TYPE interval=45>･･････</TYPE>
10-21-1-1.txt,137,セリフ◇無理,無理だよ<TYPE interval=45>･･････</TYPE>...<BR>透花<TYPE interval=45>･･････</TYPE>,没用的<TYPE interval=45>･･････</TYPE>･･････<BR>透花<TYPE interval=45>･･････</TYPE>
10-21-1-1.txt,147,セリフ◇前,どうやら<TYPE interval=45>･･････</TYPE>..<BR>前にお前達に使われたものと..<BR>同じらしい<TYPE interval=45>･･････</TYPE>,看来<TYPE interval=45>･･････</TYPE>･･････<BR>和之前对你们用的･･････<BR>是同一种东西<TYPE interval=45>･･････</TYPE>
10-21-1-1.txt,152,セリフ◇毒,毒が<TYPE interval=45>･･････</TYPE><BR>..回ってきたようだ<TYPE interval=45>･･････</TYPE>,毒<TYPE interval=45>･･････</TYPE><BR>･･････好像已经蔓延开了<TYPE interval=45>･･････</TYPE>
10-21-1-1.txt,157,セリフ◇そ,そ　そんな<TYPE interval=45>･･････</TYPE>,怎･･････怎么会<TYPE interval=45>･･････</TYPE>
10-21-1-1.txt,166,セリフ◇せ,<TYPE interval=60>だめー.. せんせー！..<BR>しんだらだめー！,<TYPE interval=60>不行——･･････ 老师！･･････<BR>不可以死——！
10-21-1-1.txt,170,セリフ◇沙友,"はは<TYPE interval=45>･･････</TYPE>..<BR>沙友<TYPE interval=45>･･････</TYPE>,<BR>ごめんな<TYPE interval=45>･･････</TYPE>","哈哈<TYPE interval=45>･･････</TYPE>･･････<BR>沙友<TYPE interval=45>･･････</TYPE>,<BR>对不起<TYPE interval=45>･･････</TYPE>"
10-21-1-1.txt,180,セリフ◇後悔,"だけど<TYPE interval=45>･･････</TYPE>,<BR>後悔はしてないよ<TYPE interval=45>･･････</TYPE>","但是<TYPE interval=45>･･････</TYPE>,<BR>我并不后悔<TYPE interval=45>･･････</TYPE>"
10-21-1-1.txt,185,セリフ◇本当,本当に<TYPE interval=45>･･････</TYPE>,真的<TYPE interval=45>･･････</TYPE>
10-21-1-1.txt,195,セリフ◇同じ,"また<TYPE interval=45>･･････</TYPE>,<BR>もう一度<TYPE interval=45>･･････</TYPE><BR>,同じことがあったら――","如果<TYPE interval=45>･･････</TYPE>,<BR>再一次<TYPE interval=45>･･････</TYPE><BR>发生同样的事——"
10-21-1-1.txt,200,セリフ◇また,また僕は<BR>同じことをするよ――,我还会<BR>做同样的事哦――
10-21-1-1.txt,205,セリフ◇様,ご主人様ぁ<TYPE interval=45>･･････</TYPE>,主人<TYPE interval=45>･･････</TYPE>
10-21-1-1.txt,221,セリフ◇自由,お前達は<BR>もう自由だ<TYPE interval=45>･･････</TYPE>,你们<BR>已经自由了<TYPE interval=45>･･････</TYPE>
10-21-1-1.txt,228,セリフ◇好きの,好きなことをし<BR>好きに生きなさい<TYPE interval=45>･･････</TYPE>,去做喜欢的事<BR>自由地活下去吧<TYPE interval=45>･･････</TYPE>
10-21-1-1.txt,238,セリフ◇や,<FONT size=18 face='G'>やだぁ！..<BR>やだよぉっ！,<FONT size=18 face='G'>不要！･･････<BR>不要啊！
10-21-1-1.txt,244,セリフ◇せ,<FONT size=18 face='G'>せんせー！,<FONT size=18 face='G'>老师——！
10-21-1-1.txt,250,セリフ◇しゅ,ごしゅ<TYPE interval=45>･･････</TYPE>,主<TYPE interval=45>･･････</TYPE>
10-21-1-1.txt,268,セリフ◇倉巳,"倉巳君<TYPE interval=45>･･････</TYPE>,<BR>後は頼んだよ<TYPE interval=45>･･････</TYPE>","仓巳君<TYPE interval=45>･･････</TYPE>,<BR>接下来就拜托你了<TYPE interval=45>･･････</TYPE>"
10-21-1-1.txt,273,セリフ◇は,"<FONT size=15>は<TYPE interval=45>･･････</TYPE>,<BR>はい<TYPE interval=45>･･････</TYPE>","<FONT size=15>啊<TYPE interval=45>･･････</TYPE>,<BR>好的<TYPE interval=45>･･････</TYPE>"
10-21-1-1.txt,295,セリフ◇･･･,<TYPE interval=65 style=Fade>･･････</TYPE>,<TYPE interval=65 style=Fade>･･････</TYPE>
10-21-1-1.txt,327,セリフ◇･･･,<TYPE interval=65 style=Fade>･･････</TYPE>,<TYPE interval=65 style=Fade>･･････</TYPE>
10-21-1-1.txt,357,セリフ◇･･･,<TYPE interval=65 style=Fade>･･････</TYPE>,<TYPE interval=65 style=Fade>･･････</TYPE>
10-21-1-2.txt,13,セリフ◇く,"<TYPE interval=20><FONT size=22 face=""MS ゴシック\>くっ！","<TYPE interval=20><FONT size=22 face=""MS ゴシック\>唔！"
10-21-1-2.txt,49,セリフ◇エ,"<FONT size=18 face=""MS ゴシック\>エレン！？","<FONT size=18 face=""MS ゴシック\>艾伦！？"
10-21-1-2.txt,77,セリフ◇馬鹿,馬鹿な男よね<TYPE interval=45>･･････</TYPE>,真是个笨蛋男人呢<TYPE interval=45>･･････</TYPE>
10-21-1-2.txt,79,セリフ◇人,"人のことを考えず,<BR>人のことを愛するなんて...<BR>出来るはずが無いわ<TYPE interval=45>･･････</TYPE>","从不替别人着想,<BR>却想去爱别人･･････<BR>怎么可能做得到呢<TYPE interval=45>･･････</TYPE>"
10-21-1-2.txt,94,セリフ◇エレン,<TYPE interval=45>･･････</TYPE>エレ<TYPE interval=45>･･････</TYPE>,<TYPE interval=45>･･････</TYPE>艾蕾<TYPE interval=45>･･････</TYPE>
10-21-1-2.txt,100,セリフ◇･･････,<TYPE interval=45>･･････</TYPE>,<TYPE interval=45>･･････</TYPE>
10-21-1-2.txt,120,セリフ◇さよ,"<TYPE interval=85 style=Fade>･･････さようなら･･････,<BR>スパッド･･････",<TYPE interval=85 style=Fade>･･････再见了･･････<BR>斯帕德･･････
10-21-1-2.txt,137,セリフ◇愚か,<TYPE interval=80 style=Fade>愚かな男･･････,<TYPE interval=80 style=Fade>愚蠢的男人...
10-21-1-2.txt,142,セリフ◇でも,<TYPE interval=80 style=Fade>でも･･････</TYPE>,<TYPE interval=80 style=Fade>但是...</TYPE>
10-21-1-2.txt,147,セリフ◇愚,<TYPE interval=105 style=Fade>この愚かな女には...<BR>お似合いだったのかもね･･････</TYPE>,<TYPE interval=105 style=Fade>或许跟...<BR>我这个蠢女人很相配呢...</TYPE>
10-21-1-2.txt,164,セリフ◇エレ,<TYPE interval=70>エレン･･････</TYPE>,<TYPE interval=70>艾伦･･････</TYPE>
10-21-2.txt,14,セリフ◇き,"<TYPE interval=20><FONT size=24 face=""MS ゴシック\>きゃあぁぁぁっ！","<TYPE interval=20><FONT size=24 face=""MS ゴシック\>呀啊啊啊啊啊！"
10-21-2.txt,39,セリフ◇エ,"<TYPE interval=10><FONT size=24 face=""MS ゴシック\>エマ！..　透花！..　沙友！","<TYPE interval=10><FONT size=24 face=""MS ゴシック\>艾玛！･･････ 透花！･･････ 沙友！"
10-21-2.txt,66,セリフ◇大丈夫,"<FONT size=15><TYPE style=Fade><TYPE interval=70>大丈夫<BR>..こんなの平気――<BR>..,<TYPE interval=50>あっ<TYPE interval=45>･･････</TYPE>","<FONT size=15><TYPE style=Fade><TYPE interval=70>没关系<BR>..这点小事不算什么――<BR>..,<TYPE interval=50>啊<TYPE interval=45>･･････</TYPE>"
10-21-2.txt,73,セリフ◇からだ,"<FONT size=15>からだが<TYPE interval=45>･･････</TYPE>..,<BR>あつ<TYPE interval=45>･･････</TYPE>","<FONT size=15>身体<TYPE interval=45>･･････</TYPE>..,<BR>好热<TYPE interval=45>･･････</TYPE>"
10-21-2.txt,80,セリフ◇何,"<FONT size=15>何<TYPE interval=45>･･････</TYPE>..,<BR>これ<TYPE interval=45>･･････</TYPE>","<FONT size=15>什么<TYPE interval=45>･･････</TYPE>..,<BR>这个<TYPE interval=45>･･････</TYPE>"
10-21-2.txt,92,セリフ◇この前,"<FONT size=15>この前の<TYPE interval=45>･･････</TYPE>..,.<BR>やつ<TYPE interval=45>･･････</TYPE>,みたい<TYPE interval=45>･･････</TYPE>","<FONT size=15>就像之前的<TYPE interval=45>･･････</TYPE>..,.<BR>那个<TYPE interval=45>･･････</TYPE>,一样<TYPE interval=45>･･････</TYPE>"
10-21-2.txt,98,セリフ◇は,<FONT size=15><TYPE style=Fade>はぁはぁ<TYPE interval=45>･･････</TYPE>,<FONT size=15><TYPE style=Fade>哈啊･･････哈啊<TYPE interval=45>･･････</TYPE>
10-21-2.txt,120,セリフ◇何を,"<TYPE interval=30><FONT size=22 face=""MS ゴシック\>何を彼女達に<BR>撃った！！","<TYPE interval=30><FONT size=22 face=""MS ゴシック\>你对她们<BR>开了什么枪！！"
10-21-2.txt,132,セリフ◇赤目,<TYPE interval=60><FONT size=15>赤目が･･････...<BR>前に撃ったものより･･････..<BR>１０倍は強いやつだ･･････</TYPE>,<TYPE interval=60><FONT size=15>赤眼･･････<BR>比之前击中的家伙･･････<BR>要强上十倍･･････</TYPE>
10-21-2.txt,137,セリフ◇解毒,"<TYPE interval=70><FONT size=15>解毒剤は･･････,<BR>ない･･････</TYPE>",<TYPE interval=70><FONT size=15>解毒剂･･････<BR>没有･･････</TYPE>
10-21-2.txt,142,セリフ◇な,"<TYPE interval=30><FONT size=20 face=""MS ゴシック\>なんだと！","<TYPE interval=30><FONT size=20 face=""MS ゴシック\>你说什么！"
10-21-2.txt,151,セリフ◇不自然,<FONT size=15><TYPE interval=70>不自然な生き物たちは･･････......<BR>あるべきところへと還れ･･････</TYPE>,<FONT size=15><TYPE interval=70>不自然的生物们･･････......<BR>回归到应有的归宿去吧･･････</TYPE>
10-21-2.txt,156,セリフ◇ふふ,<FONT size=15>ふふふ･･････</TYPE>,<FONT size=15>呵呵呵･･････</TYPE>
10-21-2.txt,162,セリフ◇！,"<TYPE interval=10><FONT size=18 face=""MS ゴシック\>――！","<TYPE interval=10><FONT size=18 face=""MS ゴシック\>——！"
10-21-2.txt,218,セリフ◇津名川,"<TYPE interval=20>津名川さん！！,<BR>もうあいつは死んでます！","<TYPE interval=20>津名川先生！！,<BR>那家伙已经死了！"
10-21-2.txt,224,セリフ◇もう,<TYPE interval=20>落ち着いてください！,<TYPE interval=20>请冷静一点！
10-21-2.txt,233,セリフ◇落ち,"<FONT size=18 face=""MS ゴシック\><TYPE interval=20>落ち着いてなど<BR>いられるか！","<FONT size=18 face=""MS ゴシック\><TYPE interval=20>这种时候怎么可能<BR>冷静得下来！"
10-21-2.txt,239,セリフ◇･･････,<FONT size=15><TYPE interval=45>･･････</TYPE>なんで<TYPE interval=45>･･････</TYPE>...<BR>こんなことに<TYPE interval=45>･･････</TYPE>,<FONT size=15><TYPE interval=45>･･････</TYPE>为什么<TYPE interval=45>･･････</TYPE>･･････<BR>会变成这样<TYPE interval=45>･･････</TYPE>
10-21-2.txt,258,セリフ◇ごめ,"<FONT color=white><TYPE style=Fade interval=80>ごめんなさい･･････,..<BR>身体･･････<BR>...動きませんでした<TYPE interval=65>･･････</TYPE>","<FONT color=white><TYPE style=Fade interval=80>对不起･･････,..<BR>身体･･････<BR>...动不了了<TYPE interval=65>･･････</TYPE>"
10-21-2.txt,260,セリフ◇いい,"<TYPE interval=80>いいんだ<TYPE interval=65>･･････</TYPE>,.<BR><TYPE interval=80>謝らなくて<TYPE interval=65>･･････</TYPE>","<TYPE interval=80>没事的<TYPE interval=65>･･････</TYPE>,<BR><TYPE interval=80>不用道歉<TYPE interval=65>･･････</TYPE>"
10-21-2.txt,278,セリフ◇くそ,くそぉっ<TYPE interval=45>･･････</TYPE>......<BR>どうして<TYPE interval=45>･･････</TYPE>......<BR>こんなことに<TYPE interval=45>･･････</TYPE>,可恶<TYPE interval=45>･･････</TYPE>......<BR>为什么<TYPE interval=45>･･････</TYPE>......<BR>会变成这样<TYPE interval=45>･･････</TYPE>
10-21-2.txt,283,セリフ◇せん,"<FONT color=white><TYPE style=Fade interval=80>せんせー<TYPE interval=65>･･････</TYPE><BR>,..<TYPE interval=80>なかないで<TYPE interval=65>･･････</TYPE>","<FONT color=white><TYPE style=Fade interval=80>老师<TYPE interval=65>･･････</TYPE><BR>,..<TYPE interval=80>请不要哭<TYPE interval=65>･･････</TYPE>"
10-21-2.txt,288,セリフ◇沙友,<TYPE interval=80>沙友<TYPE interval=65>･･････</TYPE>,<TYPE interval=80>沙友<TYPE interval=65>･･････</TYPE>
10-21-2.txt,300,セリフ◇宗慈,"<FONT color=white><TYPE style=Fade interval=80>宗慈さん･･････...<BR>手･･････,　握って･･････</TYPE>",<FONT color=white><TYPE style=Fade interval=80>宗慈先生...<BR>手...握一下...</TYPE>
10-21-2.txt,312,セリフ◇あ,<FONT color=white><TYPE style=Fade interval=80>あーた..かーい･･････,<FONT color=white><TYPE style=Fade interval=80>好温...暖...
10-21-2.txt,317,セリフ◇く･･･,く<TYPE interval=45>･･････</TYPE>,唔<TYPE interval=45>･･････</TYPE>
10-21-2.txt,327,セリフ◇め,ごめんな<TYPE interval=45>･･････</TYPE>,对不起<TYPE interval=45>･･････</TYPE>
10-21-2.txt,332,セリフ◇僕,"僕は<TYPE interval=45>･･････</TYPE>..<BR>お前達の能力を<TYPE interval=45>･･････</TYPE>,<BR>いや自分の能力を<TYPE interval=45>･･････</TYPE>..<BR>過信していたよ<TYPE interval=45>･･････</TYPE>","我<TYPE interval=45>･･････</TYPE>･･････<BR>太相信你们的能力了<TYPE interval=45>･･････</TYPE>,<BR>不，是太相信自己的能力了<TYPE interval=45>･･････</TYPE>･･････<BR>真是太自以为是了<TYPE interval=45>･･････</TYPE>"
10-21-2.txt,342,セリフ◇お前,"お前達とて<TYPE interval=45>･･････</TYPE><BR>力が弱くなれば..,<BR>ただの女の子なのにな<TYPE interval=45>･･････</TYPE>","哪怕是你们<TYPE interval=45>･･････</TYPE><BR>一旦力量变弱了..,<BR>也不过是个普通的女孩子啊<TYPE interval=45>･･････</TYPE>"
10-21-2.txt,347,セリフ◇最低,最低だ<TYPE interval=45>･･････</TYPE>,我真是太差劲了<TYPE interval=45>･･････</TYPE>
10-21-2.txt,360,セリフ◇最,"最低<TYPE interval=45>･･････</TYPE>,..<BR>最低の人間だ<TYPE interval=45>･･････</TYPE><BR>,..ごめんな<TYPE interval=45>･･････</TYPE>",太差劲了<TYPE interval=45>･･････</TYPE>･･････<BR>我真是个最差劲的人<TYPE interval=45>･･････</TYPE><BR>･･････对不起<TYPE interval=45>･･････</TYPE>
10-21-2.txt,367,セリフ◇めん,ごめん<TYPE interval=45>･･････</TYPE>,对不起<TYPE interval=45>･･････</TYPE>
10-21-2.txt,372,セリフ◇こん,"こんな奴が<TYPE interval=45>･･････</TYPE>,<BR>主人で<TYPE interval=45>･･････</TYPE>","像我这样的家伙<TYPE interval=45>･･････</TYPE>,<BR>竟然是主人<TYPE interval=45>･･････</TYPE>"
10-21-2.txt,383,セリフ◇いい,<TYPE style=Fade interval=80><FONT size=17>いいえ･･････</TYPE>,<TYPE style=Fade interval=80><FONT size=17>不...</TYPE>
10-21-2.txt,388,セリフ◇最高,<TYPE style=Fade interval=80><FONT size=17>最高の･･････</TYPE>,<TYPE style=Fade interval=80><FONT size=17>最好的...</TYPE>
10-21-2.txt,393,セリフ◇･････････,<TYPE style=Fade interval=80><FONT size=17>･･････でした･･････...よ･･････</TYPE>,<TYPE style=Fade interval=80><FONT size=17>...是最好的...呢...</TYPE>
10-21-3.txt,14,セリフ◇き,"<TYPE interval=20><FONT size=24 face=""MS ゴシック\>きゃあぁぁぁっ！","<TYPE interval=20><FONT size=24 face=""MS ゴシック\>呀啊啊啊啊！"
10-21-3.txt,39,セリフ◇エ,"<TYPE interval=10><FONT size=24 face=""MS ゴシック\>エマ！..　透花！..　沙友！","<TYPE interval=10><FONT size=24 face=""MS ゴシック\>爱玛！･･････ 透花！･･････ 沙友！"
10-21-3.txt,66,セリフ◇大丈夫,"<FONT size=15><TYPE style=Fade><TYPE interval=70>大丈夫<BR>..,こんなの平気――<BR>,..<TYPE interval=50>あっ<TYPE interval=45>･･････</TYPE>","<FONT size=15><TYPE style=Fade><TYPE interval=70>没关系<BR>..,这点小事不算什么――<BR>..,<TYPE interval=50>啊<TYPE interval=45>･･････</TYPE>"
10-21-3.txt,73,セリフ◇からだ,"<FONT size=15>からだが<TYPE interval=45>･･････</TYPE>,..<BR>あつ<TYPE interval=45>･･････</TYPE>","<FONT size=15>身体<TYPE interval=45>･･････</TYPE>..,<BR>好热<TYPE interval=45>･･････</TYPE>"
10-21-3.txt,80,セリフ◇何,"<FONT size=15>何<TYPE interval=45>･･････</TYPE>..,<BR>これ<TYPE interval=45>･･････</TYPE>","<FONT size=15>什么<TYPE interval=45>･･････</TYPE>..,<BR>这个<TYPE interval=45>･･････</TYPE>"
10-21-3.txt,92,セリフ◇この前,"<FONT size=15>この前の<TYPE interval=45>･･････</TYPE>......<BR>やつ<TYPE interval=45>･･････</TYPE>,.み.たい<TYPE interval=45>･･････</TYPE>","<FONT size=15>就像之前的<TYPE interval=45>･･････</TYPE>......<BR>那个<TYPE interval=45>･･････</TYPE>,.一.样<TYPE interval=45>･･････</TYPE>"
10-21-3.txt,98,セリフ◇は,<FONT size=15><TYPE style=Fade>はぁはぁ<TYPE interval=45>･･････</TYPE>,<FONT size=15><TYPE style=Fade>哈啊･･････哈啊･･････<TYPE interval=45>･･････</TYPE>
10-21-3.txt,120,セリフ◇何を,"<TYPE interval=30><FONT size=22 face=""MS ゴシック\>何を彼女達に<BR>撃った！！","<TYPE interval=30><FONT size=22 face=""MS ゴシック\>你对她们<BR>开了什么枪！！"
10-21-3.txt,132,セリフ◇赤目,<TYPE interval=60><FONT size=15>････････････</TYPE>,<TYPE interval=60><FONT size=15>･･････</TYPE>
10-21-3.txt,137,セリフ◇な,"<TYPE interval=30><FONT size=20 face=""MS ゴシック\>言え！！<BR>,言うんだ！！","<TYPE interval=30><FONT size=20 face=""MS ゴシック\>说啊！！<BR>给我说！！"
10-21-3.txt,147,セリフ◇赤目,"<TYPE interval=60>もう死んでます･･････<BR>,..津名川さん</TYPE>",<TYPE interval=60>已经死了･･････<BR>･･････津名川先生</TYPE>
10-21-3.txt,154,セリフ◇！,"<TYPE interval=10><FONT size=18 face=""MS ゴシック\>くそっ！！","<TYPE interval=10><FONT size=18 face=""MS ゴシック\>可恶！！"
10-21-3.txt,211,セリフ◇津名川,"<TYPE interval=20>津名川さん！！,<BR>もうこいつは死んでます！","<TYPE interval=20>津名川先生！！,<BR>这家伙已经死了！"
10-21-3.txt,217,セリフ◇もう,<TYPE interval=20>落ち着いてください！,<TYPE interval=20>请冷静一下！
10-21-3.txt,226,セリフ◇落ち,"<FONT size=18 face=""MS ゴシック\><TYPE interval=20>落ち着いてなど<BR>いられるか！","<FONT size=18 face=""MS ゴシック\><TYPE interval=20>怎么可能<BR>冷静得下来！"
10-21-3.txt,232,セリフ◇･･････,<FONT size=15><TYPE interval=45>･･････</TYPE>なんで<TYPE interval=45>･･････</TYPE>...<BR>こんなことに<TYPE interval=45>･･････</TYPE>,<FONT size=15><TYPE interval=45>･･････</TYPE>为什么<TYPE interval=45>･･････</TYPE>･･････<BR>会变成这样<TYPE interval=45>･･････</TYPE>
10-21-3.txt,251,セリフ◇ごめ,"<FONT color=white><TYPE style=Fade interval=80>ごめんなさい･･････..,<BR>身体･･････<BR>,動きませんでした<TYPE interval=65>･･････</TYPE>","<FONT color=white><TYPE style=Fade interval=80>对不起･･････..,<BR>身体･･････<BR>,动不了了<TYPE interval=65>･･････</TYPE>"
10-21-3.txt,253,セリフ◇いい,"<TYPE interval=80>いいんだ<TYPE interval=65>･･････</TYPE>,..<BR><TYPE interval=80>謝らなくて<TYPE interval=65>･･････</TYPE>","<TYPE interval=80>没关系的<TYPE interval=65>･･････</TYPE>,..<BR><TYPE interval=80>不用道歉<TYPE interval=65>･･････</TYPE>"
10-21-3.txt,271,セリフ◇くそ,くそぉっ<TYPE interval=45>･･････</TYPE>...<BR>どうして<TYPE interval=45>･･････</TYPE>...<BR>こんなことに<TYPE interval=45>･･････</TYPE>,可恶<TYPE interval=45>･･････</TYPE>･･････<BR>为什么<TYPE interval=45>･･････</TYPE>･･････<BR>会变成这样<TYPE interval=45>･･････</TYPE>
10-21-3.txt,276,セリフ◇せん,"<FONT color=white><TYPE style=Fade interval=80>せんせー<TYPE interval=65>･･････</TYPE><BR>..,<TYPE interval=80>なかないで<TYPE interval=65>･･････</TYPE>","<FONT color=white><TYPE style=Fade interval=80>老师<TYPE interval=65>･･････</TYPE><BR>..,<TYPE interval=80>请不要哭<TYPE interval=65>･･････</TYPE>"
10-21-3.txt,281,セリフ◇沙友,<TYPE interval=80>沙友<TYPE interval=65>･･････</TYPE>,<TYPE interval=80>沙友<TYPE interval=65>･･････</TYPE>
10-21-3.txt,293,セリフ◇宗慈,"<FONT color=white><TYPE style=Fade interval=80>宗慈さん･･････...<BR>手･･････,　握って･･････</TYPE>",<FONT color=white><TYPE style=Fade interval=80>宗慈...<BR>手... 握住...</TYPE>
10-21-3.txt,305,セリフ◇あ,<FONT color=white><TYPE style=Fade interval=80>あーた..かーい･･････,<FONT color=white><TYPE style=Fade interval=80>好温暖...
10-21-3.txt,310,セリフ◇く･･･,く<TYPE interval=45>･･････</TYPE>,唔<TYPE interval=45>･･････</TYPE>
10-21-3.txt,320,セリフ◇め,ごめんな<TYPE interval=45>･･････</TYPE>,对不起<TYPE interval=45>･･････</TYPE>
10-21-3.txt,325,セリフ◇僕,"僕は<TYPE interval=45>･･････</TYPE>..<BR>お前達の能力を<TYPE interval=45>･･････</TYPE>..,<BR>いや自分の能力を<TYPE interval=45>･･････</TYPE>..<BR>過信していたよ<TYPE interval=45>･･････</TYPE>","我<TYPE interval=45>･･････</TYPE>..<BR>对你们的能力<TYPE interval=45>･･････</TYPE>..,<BR>不，是对自己的能力<TYPE interval=45>･･････</TYPE>..<BR>过于自信了啊<TYPE interval=45>･･････</TYPE>"
10-21-3.txt,335,セリフ◇お前,"お前達とて<TYPE interval=45>･･････</TYPE><BR>力が弱くなれば,..<BR>ただの女の子なのにな<TYPE interval=45>･･････</TYPE>","哪怕是你们<TYPE interval=45>･･････</TYPE><BR>一旦力量变弱了..,<BR>也不过是个普通的女孩子啊<TYPE interval=45>･･････</TYPE>"
10-21-3.txt,340,セリフ◇最低,最低だ<TYPE interval=45>･･････</TYPE>,太差劲了<TYPE interval=45>･･････</TYPE>
10-21-3.txt,353,セリフ◇最,"最低<TYPE interval=45>･･････</TYPE>,..<BR>最低の人間だ<TYPE interval=45>･･････</TYPE><BR>,..ごめんな<TYPE interval=45>･･････</TYPE>",太差劲了<TYPE interval=45>･･････</TYPE>･･････<BR>我真是个最差劲的人<TYPE interval=45>･･････</TYPE><BR>･･････对不起<TYPE interval=45>･･････</TYPE>
10-21-3.txt,360,セリフ◇めん,ごめん<TYPE interval=45>･･････</TYPE>,对不起<TYPE interval=45>･･････</TYPE>
10-21-3.txt,365,セリフ◇こん,"こんな奴が<TYPE interval=45>･･････</TYPE>,<BR>主人で<TYPE interval=45>･･････</TYPE>","这种家伙居然<TYPE interval=45>･･････</TYPE>,<BR>会是主人<TYPE interval=45>･･････</TYPE>"
10-21-3.txt,376,セリフ◇いい,<TYPE style=Fade interval=80><FONT size=17>いいえ･･････</TYPE>,<TYPE style=Fade interval=80><FONT size=17>不...</TYPE>
10-21-3.txt,381,セリフ◇最高,<TYPE style=Fade interval=80><FONT size=17>最高の･･････</TYPE>,<TYPE style=Fade interval=80><FONT size=17>最棒的...</TYPE>
10-21-3.txt,386,セリフ◇･････････,<TYPE style=Fade interval=80><FONT size=17>･･････でした･･････...よ･･････</TYPE>,<TYPE style=Fade interval=80><FONT size=17>...是最好的...哦...</TYPE>
10-22.txt,30,セリフ◇行った,行ったか<TYPE interval=45>･･････</TYPE>,走了吗<TYPE interval=45>･･････</TYPE>
10-22.txt,42,セリフ◇これ,"これでようやく...<BR>終わり<TYPE interval=45>･･････</TYPE>か<TYPE interval=45>･･････<BR>,</TYPE>長かったな<TYPE interval=45>･･････</TYPE>",这样终于･･････<BR>结束了<TYPE interval=45>･･････</TYPE>吗<TYPE interval=45>･･････<BR></TYPE>真是漫长啊<TYPE interval=45>･･････</TYPE>
10-22.txt,47,セリフ◇エ,"エルガ<TYPE interval=45>･･････</TYPE>,.<BR>そしてステラ<TYPE interval=45>･･････</TYPE>","艾尔加<TYPE interval=45>･･････</TYPE>,<BR>还有斯特拉<TYPE interval=45>･･････</TYPE>"
10-22.txt,52,セリフ◇私,"私も<BR>,ようやくそっちに<BR>..行くことに<BR>するよ<TYPE interval=45>･･････</TYPE>",我也<BR>终于要<BR>･･････去那边<BR>了<TYPE interval=45>･･････</TYPE>
10-23.txt,19,セリフ◇エレン,エレンさん<TYPE interval=45>･･････</TYPE>,艾伦小姐<TYPE interval=45>･･････</TYPE>
10-23.txt,21,セリフ◇あなた,あなたが捜し<BR>求めていたもの<TYPE interval=45>･･････</TYPE>,你一直<BR>苦苦寻求的事物<TYPE interval=45>･･････</TYPE>
10-23.txt,23,セリフ◇きっと,"きっと,<BR>私が見つけて<BR>みせます",我一定<BR>会为你找到<BR>它的
10-23.txt,25,セリフ◇たとえ,例え何年<BR>かかろうとも<TYPE interval=45>･･････</TYPE>,无论花费<BR>多少年<TYPE interval=45>･･････</TYPE>
10-23.txt,27,セリフ◇生き,"生きつづけて<TYPE interval=45>･･････</TYPE>,..<BR>答えをきっと..<BR>見つけてみせます","我会活下去<TYPE interval=45>･･････</TYPE>,..<BR>一定会把答案..<BR>找给你们看的"
10-24-01.txt,13,セリフ◇良,"これで<TYPE interval=45>･･････</TYPE>,<BR>良かったんですかね","这样･･････<TYPE interval=45>･･････</TYPE>,<BR>真的算好吗"
10-24-01.txt,17,セリフ◇さ,<TYPE interval=45>･･････</TYPE>さてね,<TYPE interval=45>･･････</TYPE>这个嘛
10-24-01.txt,23,セリフ◇何,何が本当に良かったのかなんて...<BR>受け取る側にしか決められない,究竟什么才是真正的好･･････<BR>只有接受的一方才能决定
10-24-01.txt,38,セリフ◇この,この世には正しいことも...<BR>間違っていることも..<BR>無いんだよ,这世上<BR>既没有绝对的正确･･････<BR>也没有绝对的错误･･････
10-24-01.txt,42,セリフ◇ただ,ただ..　『現実と<BR>解釈だけがある』,只是･･････“只有现实<BR>与解释”罢了
10-24-01.txt,46,セリフ◇うん,"<TYPE interval=45>･･････</TYPE>うん<BR>,そうだな<TYPE interval=45>･･････</TYPE>",<TYPE interval=45>･･････</TYPE>嗯<BR>是啊<TYPE interval=45>･･････</TYPE>
10-24-01.txt,59,セリフ◇誰も,"誰も悪くなかった,<BR>でも..　誰も正しくなかった","谁都没有错,<BR>但･･････谁也没有做对"
10-24-01.txt,64,セリフ◇よかった,良かった...<BR>なんて言えないかも<BR>しれないけれど――,虽然也许･･････<BR>说不出“这样真好”<BR>这种话——
10-24-01.txt,69,セリフ◇だけど,だけどこれも..<BR>ハッピーエンドなんだ,但这･･････<BR>也是Happy End
10-24-01.txt,74,セリフ◇そう,そうなんだろうね,应该是吧
10-24-01.txt,89,セリフ◇そ,そうそう<BR>そういえばその当事者の<BR>津名川君の姿を<BR>最近見ないんだが<TYPE interval=45>･･････</TYPE>,对了对了<BR>说起来，那个当事人<BR>津名川君<BR>最近都没见人影呢<TYPE interval=45>･･････</TYPE>
10-24-01.txt,93,セリフ◇ああ,ああ　津名川さん<BR>たちですか,啊，津名川<BR>他们吗
10-24-01.txt,105,セリフ◇旅行,<TYPE interval=80>旅行に行った..<BR>らしいですよ,<TYPE interval=80>好像･･････<BR>去旅行了哦
10-24-01.txt,109,セリフ◇南の島,"<TYPE interval=75>南の島へ,<BR>バカンスにね",<TYPE interval=75>去南方的岛上<BR>度假了
10-24-02.txt,13,セリフ◇良,"これで<TYPE interval=45>･･････</TYPE>,<BR>良かったんですかね","这样<TYPE interval=45>･･････</TYPE>,<BR>真的好吗"
10-24-02.txt,17,セリフ◇さ,<TYPE interval=45>･･････</TYPE>さてね,<TYPE interval=45>･･････</TYPE>谁知道呢
10-24-02.txt,23,セリフ◇何,何が本当に良かったのかなんて...<BR>受け取る側にしか決められない,究竟怎样才算真正的好･･････<BR>只能由接受的一方来决定
10-24-02.txt,38,セリフ◇この,この世には正しいことも...<BR>間違っていることも..<BR>無いんだよ,这世上<BR>没有绝对的正确･･････<BR>也没有绝对的错误･･････
10-24-02.txt,42,セリフ◇ただ,ただ..　『現実と<BR>解釈だけがある』,有的･･････只是“现实<BR>与解释”罢了
10-24-02.txt,46,セリフ◇うん,"<TYPE interval=45>･･････</TYPE>うん<BR>,そうだな<TYPE interval=45>･･････</TYPE>",<TYPE interval=45>･･････</TYPE>嗯<BR>是这样啊<TYPE interval=45>･･････</TYPE>
10-24-02.txt,59,セリフ◇誰も,"誰も悪くなかった,..<BR>でも..　誰も正しくなかった","谁都没有错,..<BR>但是.. 谁也没有对说明"
10-24-02.txt,64,セリフ◇よかった,良かった...<BR>なんて言えないかも<BR>しれないけれど――,或许･･････<BR>算不上什么好结局･･････<BR>但是——
10-24-02.txt,69,セリフ◇だけど,だけどこれも..<BR>ハッピーエンドなんだ,但这･･････<BR>也是好结局。
10-24-02.txt,74,セリフ◇そう,そうなんだろうね,应该是吧。
10-25-01.txt,15,セリフ◇楽園,"<TYPE interval=45>･･････</TYPE>楽園だな,<BR>ここは――","<TYPE interval=45>･･････</TYPE>真是乐园啊,<BR>这里——"
10-25-01.txt,20,セリフ◇いい,<TYPE interval=45>･･････</TYPE>いい気分だ<TYPE interval=45>･･････</TYPE>,<TYPE interval=45>･･････</TYPE>心情真不错<TYPE interval=45>･･････</TYPE>
10-25-01.txt,28,セリフ◇何も,何も望まず..<BR>ただ日々を..<BR>あるがままに過ごす,无所他求･･････<BR>只是让每一天･･････<BR>顺其自然地度过
10-25-01.txt,33,セリフ◇これ,これも一つの<BR>....幸せのかたちなのかもな<TYPE interval=45>･･････</TYPE>,这或许也算是一种<BR>･･････幸福的模样吧<TYPE interval=45>･･････</TYPE>
10-25-01.txt,57,セリフ◇宗慈,"宗慈さん<BR>,いつまでここに<BR>..いるのー",宗慈先生<BR>你要在这儿<BR>･･････待到什么时候呀—
10-25-01.txt,63,セリフ◇もう,何だ<BR>...もう飽きたのか？,怎么了<BR>･･････已经待腻了吗？
10-25-01.txt,67,セリフ◇しょ,しょうがないなあ...<BR>エマは,真拿你没办法啊･･････<BR>艾玛你啊
10-25-01.txt,81,セリフ◇だって,"だってー,　宗慈さん<BR>ずっと寝てばっかだし...<BR>遊んでくれないじゃない",可是—，宗慈先生<BR>一直都在睡觉･･････<BR>都不陪我玩嘛
10-25-01.txt,85,セリフ◇し,しょうがないなあ<TYPE interval=45>･･････</TYPE>,真拿你没办法<TYPE interval=45>･･････</TYPE>
10-25-01.txt,104,セリフ◇体,身体の調子は..<BR>どうだい？,身体感觉･･････<BR>好些了吗？
10-25-01.txt,109,セリフ◇ば,ばっちし,好得很
10-25-01.txt,114,セリフ◇透花,透花と沙友は？,透花和沙友呢？
10-25-01.txt,118,セリフ◇木陰,透花は木陰で本を読んでる...<BR>沙友はお昼寝,透花在树影下看书･･････<BR>沙友在睡午觉
10-25-01.txt,133,セリフ◇な,なるほどな,原来如此
10-25-01.txt,137,セリフ◇そして,そしてエマは<BR>..退屈をもてあました...<BR>っていうわけか,然后艾玛就<BR>･･････无聊得发慌･･････<BR>就是这么回事吧
10-25-01.txt,141,セリフ◇そー,そー,对呀
10-25-01.txt,154,セリフ◇なんか,"なんか<BR>.面白いことないかなあ,<BR>宗慈さんー","有没有什么<BR>好玩的事呀,<BR>宗慈先生—"
10-25-01.txt,158,セリフ◇散歩,散歩してるだろ？,这不就是在散步吗？
10-25-01.txt,162,セリフ◇や,散歩だけじゃ..<BR>やだよー,只散步的话･･････<BR>人家不要—
10-25-01.txt,179,セリフ◇もっと,<TYPE interval=45>もっとー..<BR>何か楽しくて..<BR>面白いことー,<TYPE interval=45>要更—･･････<BR>有什么开心的･･････<BR>好玩的事—
10-25-01.txt,183,セリフ◇わ,"わがままだなあ,<BR>エマは","真任性啊,<BR>艾玛"
10-25-01.txt,196,セリフ◇だって,だって――,可是——
10-25-01.txt,203,セリフ◇それが,<TYPE interval=40>それが<BR>私なんだもん,<TYPE interval=40>因为那<BR>就是我嘛
10-25-01.txt,221,セリフ◇はは,"はは,<BR>そうだな","哈哈,<BR>也是啊"
10-25-01.txt,223,セリフ◇その,そのとおりだ,就是这样
10-25-01.txt,249,セリフ◇だから,だから――..　宗慈さんは..<BR>私と一緒に遊ぶのよ,所以——･･････宗慈先生要･･････<BR>陪我一起玩哦
10-25-01.txt,251,セリフ◇しゃお,しょうがないなあ,真拿你没办法啊
10-25-01.txt,253,セリフ◇それじゃ,"それじゃ,<BR>何して遊ぶ？","那么,<BR>玩点什么好呢？"
10-25-01.txt,255,セリフ◇ス,"スキューバ？,<BR>それとも――","潜水？,<BR>还是——"
10-25-01.txt,257,セリフ◇うーん,<TYPE interval=80>うーん,<TYPE interval=80>嗯——
10-25-01.txt,259,セリフ◇どう,どうしよう<BR>かなぁ<TYPE interval=45>･･････</TYPE><TYPE interval=45>･･････</TYPE>,怎么办<BR>好呢･･････<TYPE interval=45>･･････</TYPE><TYPE interval=45>･･････</TYPE>
10-25-02.txt,15,セリフ◇楽園,"<TYPE interval=45>･･････</TYPE>楽園だな,<BR>ここは――","<TYPE interval=45>･･････</TYPE>真是乐园啊,<BR>这里——"
10-25-02.txt,20,セリフ◇いい,<TYPE interval=45>･･････</TYPE>いい気分だ<TYPE interval=45>･･････</TYPE>,<TYPE interval=45>･･････</TYPE>感觉真不错<TYPE interval=45>･･････</TYPE>
10-25-02.txt,28,セリフ◇何も,何も望まず..<BR>ただ日々を..<BR>あるがままに過ごす,无所奢求･･････<BR>只是日复一日地･･････<BR>顺其自然地度过
10-25-02.txt,33,セリフ◇これ,これも一つの<BR>....幸せのかたちなのかもな<TYPE interval=45>･･････</TYPE>,这也算是･･････<BR>一种幸福的模样吧<TYPE interval=45>･･････</TYPE>
10-25-02.txt,57,セリフ◇ご,ご主人様,主人
10-25-02.txt,63,セリフ◇ああ,ああ<BR>..透花か<TYPE interval=45>･･････</TYPE>,啊<BR>･･････是透花啊<TYPE interval=45>･･････</TYPE>
10-25-02.txt,74,セリフ◇奥平,奥平さんたちは？,奥平他们呢？
10-25-02.txt,78,セリフ◇グ,クルージングらしいです,好像去坐游船了
10-25-02.txt,82,セリフ◇二人,二人で一緒に,两个人一起
10-25-02.txt,86,セリフ◇相,相変わらず..<BR>仲がいいね,一如既往･･････<BR>感情真好呢
10-25-02.txt,101,セリフ◇それ,"それにしても<TYPE interval=45>･･････</TYPE>,<BR>奥平さんにも随分と<BR>世話になったな<TYPE interval=45>･･････</TYPE>","话说回来<TYPE interval=45>･･････</TYPE>,<BR>也承蒙奥平<BR>诸多照顾啊<TYPE interval=45>･･････</TYPE>"
10-25-02.txt,105,セリフ◇今度,今度..　何か<BR>お礼しないとね,下次･･････得准备点什么<BR>好好答谢一下呢
10-25-02.txt,109,セリフ◇何が,何がいいかな<TYPE interval=45>･･････</TYPE>,送什么好呢<TYPE interval=45>･･････</TYPE>
10-25-02.txt,123,セリフ◇パ,パーティなんて..<BR>どうですか？,办个派对什么的･･････<BR>怎么样？
10-25-02.txt,127,セリフ◇私,"私達が色々と用意し,て<BR>奥平さん達を<BR>もてなすんです","由我们来准备各种东西,<BR>好好款待<BR>奥平他们"
10-25-02.txt,131,セリフ◇それは,"ああ,　それは<BR>いいかもね",啊，那<BR>挺不错的呢
10-25-02.txt,152,セリフ◇ここ,"<FONT size=15>ここにも<TYPE interval=45>･･････</TYPE>,<BR>もう結構長く<BR>いますよね<TYPE interval=45>･･････</TYPE>","<FONT size=15>在这里也<TYPE interval=45>･･････</TYPE>,<BR>待了相当长<BR>一段时间了呢<TYPE interval=45>･･････</TYPE>"
10-25-02.txt,158,セリフ◇どうし,"どうしたんだい？,<BR>もう飽きた？",怎么了？<BR>觉得腻了？
10-25-02.txt,162,セリフ◇いえ,<FONT size=15>いえ..　なんだか<BR>ちょっと<TYPE interval=45>･･････</TYPE>,<FONT size=15>不是的･･････只是觉得<BR>有点<TYPE interval=45>･･････</TYPE>
10-25-02.txt,176,セリフ◇こんな,<FONT size=15>こんなにしあわせで...<BR>いいのかな<TYPE interval=45>･･････</TYPE><BR>って<TYPE interval=45>･･････</TYPE>,<FONT size=15>这么幸福･･････<BR>真的可以吗<TYPE interval=45>･･････</TYPE><BR>忍不住会这么想<TYPE interval=45>･･････</TYPE>
10-25-02.txt,181,セリフ◇ふふ,ふふ<TYPE interval=45>･･････</TYPE>,呵呵<TYPE interval=45>･･････</TYPE>
10-25-02.txt,185,セリフ◇･･････,<TYPE interval=45>･･････</TYPE>そうだね<TYPE interval=45>･･････</TYPE>,<TYPE interval=45>･･････</TYPE>也是呢<TYPE interval=45>･･････</TYPE>
10-25-02.txt,198,セリフ◇でも,"でも<TYPE interval=45>･･････</TYPE>,<BR>多分これで<BR>いいのさ","不过<TYPE interval=45>･･････</TYPE>,<BR>大概这样<BR>就挺好的"
10-25-02.txt,202,セリフ◇いつまで,いつまで続くかは<BR>..わからないけどね,能持续多久<BR>･･････就不知道了
10-25-02.txt,206,セリフ◇･･･,<FONT size=15><TYPE interval=45>･･････</TYPE>そうですね<TYPE interval=45>･･････</TYPE>,<FONT size=15><TYPE interval=45>･･････</TYPE>也是呢<TYPE interval=45>･･････</TYPE>
10-25-02.txt,220,セリフ◇透花,透花はいつまで<BR>..ここにいたい？,透花想在这里<BR>･･････待到什么时候？
10-25-02.txt,224,セリフ◇さま,<FONT size=15>ご主人様と..<BR>一緒なら<TYPE interval=45>･･････</TYPE>,<FONT size=15>只要和主人･･････<BR>在一起<TYPE interval=45>･･････</TYPE>
10-25-02.txt,229,セリフ◇いつ,<FONT size=15>･･････いつまででも,<FONT size=15>･･････无论多久都可以
10-25-02.txt,247,セリフ◇透,透花,透花
10-25-02.txt,253,セリフ◇はい,<FONT size=15>はい<TYPE interval=45>･･････</TYPE>,<FONT size=15>嗯<TYPE interval=45>･･････</TYPE>
10-25-02.txt,276,セリフ◇僕達,"僕達も<BR>クルージングにいくかい？,<BR>二人で",我们也<BR>去兜兜风吧？<BR>就我们两个人。
10-25-02.txt,280,セリフ◇え,えっ？,诶？
10-25-02.txt,285,セリフ◇いいん,"え<TYPE interval=45>･･････</TYPE>,<BR><TYPE interval=40>いいんですか？","诶<TYPE interval=45>･･････</TYPE>,<BR><TYPE interval=40>真的可以吗？"
10-25-02.txt,299,セリフ◇勿論,勿論,当然。
10-25-02.txt,303,セリフ◇でも,"あ<TYPE interval=45>･･････</TYPE>,<BR>でも<TYPE interval=45>･･････</TYPE>","啊<TYPE interval=45>･･････</TYPE>,<BR>可是<TYPE interval=45>･･････</TYPE>"
10-25-02.txt,308,セリフ◇わ,わたしだけって..<BR>いうのは<TYPE interval=45>･･････</TYPE>,就我･･････<BR>一个人的意思是<TYPE interval=45>･･････</TYPE>
10-25-02.txt,322,セリフ◇たま,たまには<BR>..透花だけっていうのも<BR>..いいだろう？,偶尔也<BR>･･････和透花单独待会儿<BR>･･････挺好的吧？
10-25-02.txt,326,セリフ◇ない,ないしょの<BR>気分転換さ,就当是秘密的<BR>散心吧。
10-25-02.txt,330,セリフ◇あの,<FONT size=15>あの<TYPE interval=45>･･････</TYPE>,<FONT size=15>那个<TYPE interval=45>･･････</TYPE>
10-25-02.txt,335,セリフ◇ご主人,<FONT size=15>ご主人様が..<BR>迷惑じゃなければ<TYPE interval=45>･･････</TYPE>,<FONT size=15>只要主人<BR>不嫌麻烦的话<TYPE interval=45>･･････</TYPE>
10-25-02.txt,349,セリフ◇それ,"<TYPE interval=70>全然,　それじゃ..<BR>行こうか――",<TYPE interval=70>完全不，那･･････<BR>走吧――
10-25-02.txt,354,セリフ◇他の,他の二人には..<BR>見つからないようにね,可别让另外两个人<BR>･･････发现了哦。
10-25-02.txt,368,セリフ◇はい,は..　はいっ,好･･････好的。
10-25-03.txt,15,セリフ◇楽園,"<TYPE interval=45>･･････</TYPE>楽園だな,<BR>ここは――","<TYPE interval=45>･･････</TYPE>真是乐园啊,<BR>这里——"
10-25-03.txt,20,セリフ◇いい,<TYPE interval=45>･･････</TYPE>いい気分だ<TYPE interval=45>･･････</TYPE>,<TYPE interval=45>･･････</TYPE>感觉真舒适<TYPE interval=45>･･････</TYPE>
10-25-03.txt,28,セリフ◇何も,何も望まず..<BR>ただ日々を..<BR>あるがままに過ごす,别无所求..<BR>只是日复一日..<BR>顺其自然地度过。
10-25-03.txt,33,セリフ◇これ,これも一つの<BR>....幸せのかたちなのかもな<TYPE interval=45>･･････</TYPE>,这或许也是一种･･････<BR>幸福的模样吧<TYPE interval=45>･･････</TYPE>
10-25-03.txt,57,セリフ◇沙友,沙友か,是沙友啊
10-25-03.txt,61,セリフ◇はい,"<TYPE interval=40><FONT size=18 face=""MS ゴシック\>はーい<BR>.,さゆで<TYPE interval=500 speed=500 style=Spring>ー</TYPE>す","<TYPE interval=40><FONT size=18 face=""MS ゴシック\>来啦——<BR>我是沙友<TYPE interval=500 speed=500 style=Spring>——</TYPE>哦"
10-25-03.txt,75,セリフ◇どう,どうした？,怎么了？
10-25-03.txt,79,セリフ◇せ,"<FONT size=18 face=""MS ゴシック\>せんせー<BR>,おひるね？","<FONT size=18 face=""MS ゴシック\>老师——<BR>在睡午觉吗？"
10-25-03.txt,83,セリフ◇ん,"ん？<BR>,そうだけど",嗯？<BR>对啊
10-25-03.txt,96,セリフ◇じゃ,"<FONT size=18 face=""MS ゴシック\><TYPE interval=40>じゃあ<BR>..さゆもねる<TYPE interval=500 speed=500 style=Spring>ー</TYPE>","<FONT size=18 face=""MS ゴシック\><TYPE interval=40>那･･････<BR>沙友也要睡觉了<TYPE interval=500 speed=500 style=Spring>——</TYPE>"
10-25-03.txt,100,セリフ◇おいおい,おいおい,喂喂
10-25-03.txt,104,セリフ◇ご,"<FONT size=18 face=""MS ゴシック\><TYPE interval=80>ごろ<TYPE interval=500 speed=500 style=Spring>ー</TYPE>ん","<FONT size=18 face=""MS ゴシック\><TYPE interval=80>咕噜<TYPE interval=500 speed=500 style=Spring>——</TYPE>噜"
10-25-03.txt,127,セリフ◇き,"<FONT size=20 face=""MS ゴシック\>きもちいい<TYPE interval=500 speed=500 style=Spring>ー</TYPE>","<FONT size=20 face=""MS ゴシック\>好舒服<TYPE interval=500 speed=500 style=Spring>——</TYPE>"
10-25-03.txt,131,セリフ◇はは,はは<TYPE interval=45>･･････</TYPE>,哈哈<TYPE interval=45>･･････</TYPE>
10-25-03.txt,135,セリフ◇ああ,ああ<BR>..気持ちいいな<TYPE interval=45>･･････</TYPE>,啊･･････<BR>真舒服啊<TYPE interval=45>･･････</TYPE>
10-25-03.txt,157,セリフ◇沙友,沙友は<BR>.これから<BR>....どうしたい？,沙友<BR>接下来<BR>･･････想怎么做？
10-25-03.txt,161,セリフ◇う,"<FONT size=16 face=""MS ゴシック\>う<TYPE interval=500 speed=500 style=Spring>ー</TYPE>んと","<FONT size=16 face=""MS ゴシック\>嗯<TYPE interval=500 speed=500 style=Spring>——</TYPE>･･････"
10-25-03.txt,165,セリフ◇せん,"<FONT size=18 face=""MS ゴシック\>せんせーと<BR>..いしよにいたいー","<FONT size=18 face=""MS ゴシック\>想和老师<BR>･･････一直在一起——"
10-25-03.txt,179,セリフ◇いしゃ,"いしよ？.,<BR><TYPE interval=45>･･････</TYPE>ああ『一緒』か","一起？,<BR><TYPE interval=45>･･････</TYPE>啊，是“在一起”啊"
10-25-03.txt,183,セリフ◇そう,"そうだね<TYPE interval=45>･･････</TYPE>,.<BR>一緒にいような<TYPE interval=45>･･････</TYPE>","是啊<TYPE interval=45>･･････</TYPE>,<BR>那就在一起吧<TYPE interval=45>･･････</TYPE>"
10-25-03.txt,187,セリフ◇その,そのほかには..<BR>何かあるかい？,除此之外･･････<BR>还有什么吗？
10-25-03.txt,200,セリフ◇えま,"<FONT size=18 face=""MS ゴシック\>えまととーかも..<BR>いしよにいたいー","<FONT size=18 face=""MS ゴシック\>艾玛和透花也･･････<BR>想在一起——"
10-25-03.txt,205,セリフ◇その,"ははは<BR>,その他には<BR>..無いのかい？",哈哈哈<BR>除此之外<BR>就没有别的了吗？
10-25-03.txt,209,セリフ◇そのほか,"<FONT size=16 face=""MS ゴシック\>そのほか？","<FONT size=16 face=""MS ゴシック\>还有别的？"
10-25-03.txt,213,セリフ◇ああ,ああ,嗯
10-25-03.txt,242,セリフ◇うー,"<FONT size=18 face=""MS ゴシック\>う<TYPE interval=500 speed=500 style=Spring>ー</TYPE>ん<TYPE interval=65>･･････</TYPE>","<FONT size=18 face=""MS ゴシック\>唔<TYPE interval=500 speed=500 style=Spring>——</TYPE>嗯<TYPE interval=65>･･････</TYPE>"
10-25-03.txt,246,セリフ◇何か,何かある？,怎么了？
10-25-03.txt,250,セリフ◇う,"<FONT size=20 face=""MS ゴシック\>う<TYPE interval=500 speed=500 style=Spring>ー</TYPE>ん<TYPE interval=65>･･････</TYPE>","<FONT size=20 face=""MS ゴシック\>唔<TYPE interval=500 speed=500 style=Spring>——</TYPE>嗯<TYPE interval=65>･･････</TYPE>"
10-25-03.txt,256,セリフ◇ん,"<FONT size=17 face=""MS ゴシック\>う<TYPE interval=600 speed=600 style=Spring>ー</TYPE>ん<TYPE interval=65>･･････</TYPE>","<FONT size=17 face=""MS ゴシック\>唔<TYPE interval=600 speed=600 style=Spring>——</TYPE>嗯<TYPE interval=65>･･････</TYPE>"
10-25-03.txt,260,セリフ◇見つ,見つかった？,找到了吗？
10-25-03.txt,269,セリフ◇ない,"<FONT size=20 face=""MS ゴシック\>ないみたい","<FONT size=20 face=""MS ゴシック\>好像没有"
10-25-03.txt,278,セリフ◇･･････,はは<TYPE interval=45>･･････</TYPE>,哈哈<TYPE interval=45>･･････</TYPE>
10-25-03.txt,282,セリフ◇そうか,そうか<TYPE interval=45>･･････</TYPE>,是吗<TYPE interval=45>･･････</TYPE>
10-25-03.txt,295,セリフ◇せんせ,"<FONT size=18 face=""MS ゴシック\>せんせー","<FONT size=18 face=""MS ゴシック\>老师——"
10-25-03.txt,303,セリフ◇ン･･･,ん<TYPE interval=45>･･････</TYPE>？,嗯<TYPE interval=45>･･････</TYPE>？
10-25-03.txt,308,セリフ◇さゆ,"<FONT size=16 face=""MS ゴシック\>さゆ<TYPE interval=45>･･････</TYPE>.<BR>せんせーのこと..<BR>すきだよ","<FONT size=16 face=""MS ゴシック\>沙友<TYPE interval=45>･･････</TYPE>.<BR>老师･･････<BR>最喜欢你了"
10-25-03.txt,321,セリフ◇それは,それは<BR>.僕もそうさ,那<BR>我也一样
10-25-03.txt,325,セリフ◇んせ,"<FONT size=18 face=""MS ゴシック\>せんせ<TYPE interval=600 speed=600 style=Spring>ー</TYPE><TYPE interval=85>･･････</TYPE>","<FONT size=18 face=""MS ゴシック\>老师<TYPE interval=600 speed=600 style=Spring>——</TYPE><TYPE interval=85>･･････</TYPE>"
10-25-03.txt,329,セリフ◇ん･･････,ん<TYPE interval=45>･･････</TYPE>？,嗯<TYPE interval=45>･･････</TYPE>？
10-25-03.txt,345,セリフ◇し,"<FONT size=18 face=""MS ゴシック\><TYPE interval=65>･･････しあわせ？","<FONT size=18 face=""MS ゴシック\><TYPE interval=65>･･････幸福？"
10-25-03.txt,349,セリフ◇ああ･･･,<TYPE interval=45>･･････</TYPE>ああ<TYPE interval=45>･･････</TYPE>,<TYPE interval=45>･･････</TYPE>嗯<TYPE interval=45>･･････</TYPE>
10-25-03.txt,354,セリフ◇しあ,しあわせだよ<TYPE interval=45>･･････</TYPE>,我很幸福<TYPE interval=45>･･････</TYPE>
10-25-03.txt,368,セリフ◇うん･･･,"<FONT size=16 face=""MS ゴシック\>うん<TYPE interval=45>････････････</TYPE>","<FONT size=16 face=""MS ゴシック\>嗯<TYPE interval=45>･･････</TYPE>"
10-25-03.txt,373,セリフ◇？,<TYPE interval=45>･･････</TYPE>沙友は？,<TYPE interval=45>･･････</TYPE>沙友呢？
10-25-03.txt,378,セリフ◇点点,"<TYPE interval=45><FONT size=16 face=""MS ゴシック\>･･････</TYPE>","<TYPE interval=45><FONT size=16 face=""MS ゴシック\>･･････</TYPE>"
10-25-03.txt,393,セリフ◇沙友？,沙友？,沙友？
10-25-03.txt,397,セリフ◇点々,<TYPE interval=45>･･････</TYPE>,<TYPE interval=45>･･････</TYPE>
10-25-03.txt,401,セリフ◇どうした,どうした？,怎么了？
10-25-03.txt,417,セリフ◇おな,"<FONT size=16 face=""MS ゴシック\>さゆ･･････</TYPE><TYPE interval=70><FONT size=16 face=""MS ゴシック\>もう..<BR>おなかいっぱい･･････</TYPE>","<FONT size=16 face=""MS ゴシック\>沙友･･････</TYPE><TYPE interval=70><FONT size=16 face=""MS ゴシック\>真是的･･････<BR>吃饱了･･････</TYPE>"
10-25-03.txt,422,セリフ◇しあわ,"<FONT size=16 face=""MS ゴシック\>さゆ･･････,..<BR><TYPE interval=70>しあわせ･･････</TYPE>","<FONT size=16 face=""MS ゴシック\>沙友･･････<BR><TYPE interval=70>好幸福･･････</TYPE>"
10-25-03.txt,427,セリフ◇す,"<FONT size=15 face=""MS ゴシック\><TYPE interval=65>･･････</TYPE>すぴ<TYPE interval=700 speed=700 style=Spring>ー</TYPE>","<FONT size=15 face=""MS ゴシック\><TYPE interval=65>･･････</TYPE>呼<TYPE interval=700 speed=700 style=Spring>噜</TYPE>"
10-25-03.txt,432,セリフ◇ネ,<TYPE interval=80>なんだ<BR>..寝ちゃったのか<TYPE interval=45>･･････</TYPE>,"<TYPE interval=80>怎么,<BR>..睡着了吗<TYPE interval=45>･･････</TYPE>"
10-25-03.txt,447,セリフ◇ふふ,ふふ,呵呵
10-25-03.txt,452,セリフ◇ま,<TYPE interval=80>まったく<BR>....沙友らしいな<TYPE interval=45>･･････</TYPE>,<TYPE interval=80>真是的<BR>･･････真像沙友啊<TYPE interval=45>･･････</TYPE>
BATTLE01.txt,8,エマや,"<TYPE interval=60 style=OffCenter speed=80><FONT size=24 face=""MS ゴシック\>や<FONT size=18>ぁあ<FONT size=20>あ<FONT size=21>あ<FONT size=24>あ！","<TYPE interval=60 style=OffCenter speed=80><FONT size=24 face=""MS ゴシック\>呀<FONT size=18>啊啊<FONT size=20>啊<FONT size=21>啊<FONT size=24>啊！"
BATTLE01.txt,60,エマあ,"<TYPE interval=30><FONT size=18 face=""MS ゴシック\>あっ･･･","<TYPE interval=30><FONT size=18 face=""MS ゴシック\>啊･･････"
BATTLE01.txt,86,エマく,<TYPE interval=30><FONT size=15 >くっ･･･,<TYPE interval=30><FONT size=15 >唔･･････
BATTLE01.txt,97,エマ！,"<TYPE interval=30><FONT size=22 face=""MS ゴシック\>！？","<TYPE interval=30><FONT size=22 face=""MS ゴシック\>！？"
BATTLE01.txt,103,音,<TYPE interval=30>･･･ヒュッ！,<TYPE interval=30>･･････咻！
BATTLE01.txt,151,知･･･,<TYPE interval=50>･･････,<TYPE interval=50>･･････
BATTLE01.txt,154,エ･･･,<TYPE interval=50>･･････,<TYPE interval=50>･･････
BATTLE01.txt,216,沙友え,"<TYPE interval=0><FONT size=18 face=""MS ゴシック\>えいっ","<TYPE interval=0><FONT size=18 face=""MS ゴシック\>嘿"
BATTLE01.txt,223,沙友えい,"<TYPE interval=0><FONT size=18 face=""MS ゴシック\>えいっ！","<TYPE interval=0><FONT size=18 face=""MS ゴシック\>嘿！"
BATTLE01.txt,230,沙友や,"<TYPE interval=0><FONT size=20 face=""MS ゴシック\>･･･やあ！","<TYPE interval=0><FONT size=20 face=""MS ゴシック\>･･････呀！"
BATTLE01.txt,262,沙友わ,"<TYPE interval=20><FONT size=22 face=""MS ゴシック\>わあ！","<TYPE interval=20><FONT size=22 face=""MS ゴシック\>哇！"
BATTLE01.txt,331,沙友う,"<TYPE interval=50><FONT size=18 face=""MS ゴシック\>う<TYPE interval=300 speed=300 style=Spring>～</TYPE><BR>...あたないよう","<TYPE interval=50><FONT size=18 face=""MS ゴシック\>呜<TYPE interval=300 speed=300 style=Spring>〜</TYPE><BR>･･････得躲开才行"
BATTLE01.txt,334,透花･･･,<TYPE interval=50>･･････,<TYPE interval=50>･･････
BATTLE02.txt,7,！？,"<TYPE interval=0 style=Jump><FONT size=24 face=""MS ゴシック\>！？","<TYPE interval=0 style=Jump><FONT size=24 face=""MS ゴシック\>！？"
BATTLE02.txt,19,セえ,"<FONT size=18 face=""MS ゴシック\><TYPE interval=0>え!?","<FONT size=18 face=""MS ゴシック\><TYPE interval=0>诶！？"
BATTLE02.txt,40,透花き,"<FONT size=24 face=""MS ゴシック\><TYPE interval=0>きゃああ！","<FONT size=24 face=""MS ゴシック\><TYPE interval=0>呀啊啊！"
BATTLE02.txt,51,セ◇こ,"<FONT size=22 face=""MS ゴシック\><TYPE interval=0>このぉ！","<FONT size=22 face=""MS ゴシック\><TYPE interval=0>你这家伙！"
BATTLE02.txt,102,セ沙友だ,"<TYPE interval=40><FONT size=18 face=""MS ゴシック\>だいじょぶー？","<TYPE interval=40><FONT size=18 face=""MS ゴシック\>没事吧——？"
BATTLE02.txt,110,セ透花う,<TYPE interval=40>うん･･･,<TYPE interval=40>嗯･･････
BATTLE02.txt,113,セ透花ほん,<TYPE interval=70>ほんとうに強いね...<BR><TYPE interval=90>･･･あの子達,<TYPE interval=70>真的好强啊･･････<BR><TYPE interval=90>･･････那些孩子
BATTLE02.txt,125,セ沙友ぶ,"<TYPE interval=40><FONT size=20 face=""MS ゴシック\>でも　さゆ...<BR>まけなもんっ","<TYPE interval=40><FONT size=20 face=""MS ゴシック\>可是沙友･･････<BR>才不会输呢！"
BATTLE02.txt,132,セ透花そ,<TYPE interval=60>･･･そうだね,<TYPE interval=60>･･････是啊。
BATTLE02.txt,140,セ沙友い,"<TYPE interval=30><FONT size=22 face=""MS ゴシック\>いこ！<BR>...<FONT size=20>せんせい.たすくよっ！","<TYPE interval=30><FONT size=22 face=""MS ゴシック\>上！<BR>･･････<FONT size=20>老师，来帮忙啦！"
BATTLE02.txt,143,セ透花う,<TYPE interval=0>うんっ！,<TYPE interval=0>嗯！
BATTLE03.txt,15,セ透花･･･,･･････,･･････
BATTLE03.txt,17,セ沙友･･･,･･････,･･････
BATTLE03.txt,52,セ沙友？,"<FONT size=16 face=""MS ゴシック\><TYPE interval=0>？？","<FONT size=16 face=""MS ゴシック\><TYPE interval=0>？？"
BATTLE03.txt,55,セ透花･･･,<TYPE interval=90>･･････？,<TYPE interval=90>･･････？
BATTLE03.txt,59,セ透花み,<TYPE interval=60>みず？,<TYPE interval=60>水？
BATTLE03.txt,82,セきゃあ,"<TYPE interval=0><FONT size=22 face=""MS ゴシック\>き<FONT size=18>ゃあ<FONT size=20>あ<FONT size=22>あ<FONT size=24>あ！","<TYPE interval=0><FONT size=22 face=""MS ゴシック\>呀<FONT size=18>啊<FONT size=20>啊<FONT size=22>啊<FONT size=24>啊！"
BATTLE03.txt,104,セ津！,！？,！？
BATTLE03.txt,108,セ津な,<TYPE interval=40>なんて子だ<TYPE interval=30>･･････,<TYPE interval=40>这孩子真是的<TYPE interval=30>･･････
BATTLE03.txt,112,セ津ス,<TYPE interval=30>生半可なスピードとパワーで<BR>できる芸当じゃないぞ！？,<TYPE interval=30>这可不是靠那点速度和力量<BR>就能耍出来的把戏！？
BATTLE03.txt,124,セエあ,<TYPE interval=60>あら..　驚くほどの<BR>.ことではないわ,<TYPE interval=60>哎呀･･････这没什么好<BR>大惊小怪的
BATTLE03.txt,130,セエエ,<TYPE interval=60>エクストラの能力を<BR>もってすれば...不可能な<BR>ことじゃない,<TYPE interval=60>只要拥有Extra的能力<BR>･･････这并非什么<BR>不可能的事
BATTLE03.txt,143,セエ一,<TYPE interval=70>一掬いの水を..散弾銃のような<BR>凶器と化すことすら..容易い――,<TYPE interval=70>哪怕只是一捧水･･････也能轻易将其化作<BR>散弹枪般的武器——
BATTLE03.txt,147,セエ言,<TYPE interval=70>言ったでしょ？,<TYPE interval=70>我说过吧？
BATTLE03.txt,151,セエあ,<TYPE interval=77>あの子たちは<BR>...『兵器』なのよ,<TYPE interval=77>那些孩子･･････<BR>就是“兵器”哦
BATTLE03.txt,161,セエあ,<TYPE interval=70>あなたも科学者なら<BR>..事実は事実として<BR>受け止めなさい,<TYPE interval=70>既然同为科学家･･････<BR>･･････就请正视事实<BR>坦然接受吧
BATTLE03.txt,165,セエ･･･,･･････,･･････
BATTLE04.txt,19,セエふ,ふぅぅぅ･･･,呼呜呜･･････
BATTLE04.txt,22,セ知･･･,･･････,･･････
BATTLE04.txt,55,セエ！,"<FONT size=22 face=""MS ゴシック\>！","<FONT size=22 face=""MS ゴシック\>！"
BATTLE04.txt,82,セエぐ,"<TYPE interval=0><FONT size=22 face=""MS ゴシック\>っぐ！","<TYPE interval=0><FONT size=22 face=""MS ゴシック\>咕！"
BATTLE04.txt,102,セエ･･･,"<TYPE interval=10><FONT size=22 face=""MS ゴシック\>･･････っ！","<TYPE interval=10><FONT size=22 face=""MS ゴシック\>･･････咕！"
BATTLE04.txt,145,セエお,"<TYPE interval=10><FONT size=20 face=""MS ゴシック\>ぉぉぉお<FONT size=22 face=""MS ゴシック\>お<BR>　おおおお！","<TYPE interval=10><FONT size=20 face=""MS ゴシック\>噢噢噢噢<FONT size=22 face=""MS ゴシック\>噢<BR>　噢噢噢噢！"
BATTLE04.txt,182,セ知･･･,<TYPE interval=60>････････････,<TYPE interval=60>･･････
BATTLE04.txt,185,セエ･･･,<TYPE interval=60>････････････,<TYPE interval=60>･･････
BATTLE04.txt,204,エマセリフ◇や,<TYPE interval=60>やっぱりロボットとは...<BR>ちがうんだ<TYPE interval=45>･･････,<TYPE interval=60>果然和机器人･･････<BR>不一样啊<TYPE interval=45>･･････
P01_00.txt,44,ME_01,"<TYPE style=Normal><FONT face='G'>う～,　せんせー<BR>おそいですー</TYPE>",<TYPE style=Normal><FONT face='G'>呜〜，老师<BR>好慢哦——</TYPE>
P01_00.txt,49,ME_02,"<TYPE style=Normal interval=30>遅い遅い遅いっ！,<BR></TYPE><TYPE style=Normal>もう　,なにやってんのよ！</TYPE>","<TYPE style=Normal interval=30>太慢了太慢了太慢了啦！,<BR></TYPE><TYPE style=Normal>真是的 ,在搞什么鬼啊！</TYPE>"
P01_00.txt,54,ME_03,<TYPE style=Normal>そーじさんてホント..<BR>女心が分かってないんだからっ！</TYPE>,<TYPE style=Normal>宗慈先生真是的..<BR>一点都不懂女孩子的心思！</TYPE>
P01_00.txt,59,ME_04,"<TYPE style=Normal>でも,<BR>ご主人さま<BR>お仕事だし･･･</TYPE>","<TYPE style=Normal>但是,<BR>主人<BR>是在工作嘛･･･</TYPE>"
P01_00.txt,64,ME_05,<TYPE style=Normal>忙しいし･･･</TYPE>,<TYPE style=Normal>又那么忙･･･</TYPE>
P01_00.txt,69,ME_06,<TYPE style=Normal>がまんしなきゃ...･.･.･</TYPE>,<TYPE style=Normal>必须要忍耐才行...･.･.･</TYPE>
P01_00.txt,104,ME_07,だ<TYPE style=Spring interval=500 speed=500>～</TYPE>か<TYPE style=Spring interval=500 speed=500>～</TYPE>ら<TYPE style=Spring interval=500 speed=500>～</TYPE>,所<TYPE style=Spring interval=500 speed=500>〜</TYPE>以<TYPE style=Spring interval=500 speed=500>〜</TYPE>说<TYPE style=Spring interval=500 speed=500>〜</TYPE>
P01_00.txt,109,ME_071,<TYPE style=Normal>何で今日に限って<BR>こんな遅くまで仕事を<BR>してるのよっ！</TYPE>,<TYPE style=Normal>为什么<BR>偏偏在今天<BR>要工作到这么晚啊！</TYPE>
P01_00.txt,116,ME_08,<TYPE style=Normal>今日はクリスマスよ！..<BR>クリスマス！</TYPE>,<TYPE style=Normal>今天可是圣诞节哦！..<BR>圣诞节！</TYPE>
P01_00.txt,121,ME_09,<FONT size=26 face=G>納得いかな<TYPE style=Spring interval=500 speed=500>～</TYPE>い</FONT>,<FONT size=26 face=G>不能接<TYPE style=Spring interval=500 speed=500>〜</TYPE>受</FONT>
P01_00.txt,136,ME_10,"<TYPE style=Normal><FONT face='G'>えはは,<BR>エマ　,あたまからゆげ～</TYPE>","<TYPE style=Normal><FONT face='G'>诶哈哈,<BR>艾玛 ,头上在冒烟〜</TYPE>"
P01_00.txt,138,ME_11,にゃんですって～,你说喵什么〜
P01_00.txt,140,ME_12,<TYPE style=Normal><FONT face='G'>えはは<TYPE style=Spring interval=500 speed=500>～</TYPE></TYPE>,<TYPE style=Normal><FONT face='G'>诶哈哈<TYPE style=Spring interval=500 speed=500>〜</TYPE></TYPE>
P01_00.txt,142,ME_13,"<TYPE style=Normal>わー,<BR>ふたりとも暴れちゃダメ･･･</TYPE>","<TYPE style=Normal>哇啊,<BR>你们两个不要胡闹啦･･･</TYPE>"
P01_00.txt,182,ME_14,<TYPE style=Normal>わっ　だれか来た！</TYPE>,<TYPE style=Normal>哇 有人来了！</TYPE>
P01_00.txt,184,ME_15,<TYPE style=Normal><FONT face='G'>せんせーかな？</TYPE>,<TYPE style=Normal><FONT face='G'>是老师吗？</TYPE>
P01_00.txt,186,ME_16,<TYPE style=Normal>ううん</TYPE>,<TYPE style=Normal>不会啊。</TYPE>
P01_00.txt,188,ME_161,<TYPE style=Normal>ご主人さまなら<BR>鍵を持ってるし･･･</TYPE>,<TYPE style=Normal>要是主人的话<BR>是有带钥匙的呀･･･</TYPE>
P01_00.txt,229,ME_17,<TYPE style=Normal>はいはーい</TYPE>,<TYPE style=Normal>来啦来啦——</TYPE>
P01_00.txt,231,ME_171,<TYPE style=Normal>いま開けまーす</TYPE>,<TYPE style=Normal>这就来开门——</TYPE>
P01_01.txt,14,ME_01,<TYPE style=Normal>こんばんわ<BR>エマちゃん</TYPE>,<TYPE style=Normal>晚上好<BR>艾玛酱</TYPE>
P01_01.txt,16,ME_02,"<TYPE style=Normal>あー　,エレンさん！</TYPE>","<TYPE style=Normal>啊—— ,艾伦小姐！</TYPE>"
P01_01.txt,18,ME_03,<TYPE style=Normal>津名川は？</TYPE>,<TYPE style=Normal>津名川在吗？</TYPE>
P01_01.txt,20,ME_04,<TYPE style=Normal>ご主人さまは<BR>まだ研究所のほうに･･･</TYPE>,<TYPE style=Normal>主人他<BR>还在研究所那边･･･</TYPE>
P01_01.txt,78,ME_07,"<TYPE style=Normal>申し訳ありません,<BR>せっかく来て<BR>いただいたのに･･･</TYPE>","<TYPE style=Normal>非常抱歉,<BR>难得您特意<BR>过来一趟･･･</TYPE>"
P01_01.txt,80,ME_08,"<TYPE style=Normal>あら　,気にしないで<BR>..私が勝手に来たんだから</TYPE>","<TYPE style=Normal>哎呀 ,别在意<BR>..是我自己不请自来的</TYPE>"
P01_01.txt,82,ME_081,<TYPE style=Normal interval=90><FONT size=12>おなかすいた･･･</TYPE>,<TYPE style=Normal interval=90><FONT size=12>肚子空了･･･</TYPE>
P01_01.txt,84,ME_082,<TYPE style=Normal interval=90><FONT size=12>ねむい･･･</TYPE>,<TYPE style=Normal interval=90><FONT size=12>好困･･･</TYPE>
P01_01.txt,112,ME_09,"<TYPE style=Normal>はい･･･,<BR>でも..エレンさん<BR>..今日は･･･？</TYPE>","<TYPE style=Normal>好的･･･,<BR>不过..艾伦小姐<BR>..今天过来是･･･？</TYPE>"
P01_01.txt,114,ME_081,<TYPE style=Normal interval=90><FONT size=12>アイスたべたい･･･</TYPE>,<TYPE style=Normal interval=90><FONT size=12>想吃冰激淋･･･</TYPE>
P01_01.txt,116,ME_082,<TYPE style=Normal interval=90><FONT size=12>せなかだるい･･･</TYPE>,<TYPE style=Normal interval=90><FONT size=12>后背好酸痛･･･</TYPE>
P01_01.txt,118,ME_10,"<TYPE style=Normal>もちろん　,津名川と<BR>決着をつけに来たんだけど･･･</TYPE>","<TYPE style=Normal>当然是 ,来和津名川<BR>作个了断的啦･･･</TYPE>"
P01_01.txt,120,ME_11,<TYPE style=Wave interval=80 speed=1000><FONT face='G' size=18>えー　...またー？</TYPE>,<TYPE style=Wave interval=80 speed=1000><FONT face='G' size=18>诶—— ...又来——？</TYPE>
P01_01.txt,150,ME_12,"<TYPE style=Normal interval=55>今月もう12回目ですよ,<BR>少しがんばり過ぎなんじゃ･･･</TYPE>","<TYPE style=Normal interval=55>这个月已经是第12次了哦,<BR>是不是有点太拼了点･･･</TYPE>"
P01_01.txt,152,ME_081,<TYPE style=Normal interval=90><FONT size=12>めんどい･･･</TYPE>,<TYPE style=Normal interval=90><FONT size=12>好麻烦･･･</TYPE>
P01_01.txt,154,ME_082,<TYPE style=Normal interval=90><FONT size=12>しんどい･･･</TYPE>,<TYPE style=Normal interval=90><FONT size=12>好累･･･</TYPE>
P01_01.txt,156,ME_13,<TYPE style=Normal>でもホラ...<BR>これ私の趣味だし</TYPE>,<TYPE style=Normal>不过你看...<BR>这毕竟是我的兴趣嘛</TYPE>
P01_01.txt,158,ME_14,<TYPE style=Normal interval=100>･･･････</TYPE>,<TYPE style=Normal interval=100>･･･････</TYPE>
P01_01.txt,192,ME_15,<TYPE style=Normal>まあ　...私にとっては..<BR>逆に好都合とも言えるわね</TYPE>,<TYPE style=Normal>嘛 ...对我来说..<BR>倒不如说反而正合我意呢</TYPE>
P01_01.txt,194,ME_16,"<TYPE style=Normal interval=80>？,　エレンさん？...<BR>なに･･･</TYPE>","<TYPE style=Normal interval=80>？, 艾伦小姐？...<BR>怎么了･･･</TYPE>"
P01_01.txt,196,ME_18,"<TYPE style=Normal interval=25><FONT face='G' size=20>知佳..知登　,あれを！</TYPE>","<TYPE style=Normal interval=25><FONT face='G' size=20>知佳..知登 ,那个！</TYPE>"
P01_01.txt,237,ME_19,<TYPE style=Normal><FONT face='G'>はーい</FONT></TYPE>,<TYPE style=Normal><FONT face='G'>知道啦——</FONT></TYPE>
P01_01.txt,239,ME_20,<TYPE style=Normal><FONT face='G'>はーい</FONT></TYPE>,<TYPE style=Normal><FONT face='G'>知道啦——</FONT></TYPE>
P01_01.txt,241,ME_21,<TYPE style=Normal interval=0>.えっ？</TYPE>,<TYPE style=Normal interval=0>.诶？</TYPE>
P01_01.txt,270,ME_22,<TYPE style=Normal interval=30><FONT face='G' size=20>受け取りなさい！</TYPE>,<TYPE style=Normal interval=30><FONT face='G' size=20>收下吧！</TYPE>
P01_01.txt,272,ME_221,<TYPE style=Normal interval=30><FONT face='G' size=20>私からのプレゼントよ！</TYPE>,<TYPE style=Normal interval=30><FONT face='G' size=20>这是我送的礼物哦！</TYPE>
P01_01.txt,307,ME_23,<TYPE style=Normal><FONT face='G' size=20>わー<BR>くりすますつりー</TYPE>,<TYPE style=Normal><FONT face='G' size=20>哇啊<BR>圣诞树</TYPE>
P01_01.txt,309,ME_24,<TYPE style=Normal>･･･</TYPE>,<TYPE style=Normal>･･････</TYPE>
P01_01.txt,311,ME_25,<TYPE style=Normal>･..･..･..･..･..･</TYPE>,<TYPE style=Normal>･..･..･..･..･..･</TYPE>
P01_01.txt,353,ME_26,"<TYPE style=Normal interval=40>あれあれ？,<BR>意外にクールな反応？</TYPE>","<TYPE style=Normal interval=40>哎呀哎呀？,<BR>意外地反应很冷淡？</TYPE>"
P01_01.txt,355,ME_27,<TYPE style=Normal interval=40>変だった？...<BR>私　..また何か失敗した？</TYPE>,<TYPE style=Normal interval=40>很奇怪吗？...<BR>我是不是 ..又搞砸什么了？</TYPE>
P01_01.txt,357,ME_28,<TYPE style=Normal interval=40>やっぱり慣れないこととか<BR>..するべきじゃなかった？</TYPE>,<TYPE style=Normal interval=40>果然还是<BR>..不该做不习惯的事吗？</TYPE>
P01_01.txt,359,ME_29,<TYPE style=Normal interval=40>駄目なヤツは何をやっても<BR>駄目..みたいな？</TYPE>,<TYPE style=Normal interval=40>就像“没用的人不管做什么都<BR>没用”那样？</TYPE>
P01_01.txt,390,ME_28,<TYPE style=Normal>あっ　..ぜんぜん<BR>..そんなんじゃなくて･･･</TYPE>,<TYPE style=Normal>啊 ..完全<BR>..不是那样的啦･･･</TYPE>
P01_01.txt,392,ME_30,"<TYPE style=Normal interval=55>エレンさんの普段の行動から,<BR>まともなプレゼントが来るなんて<BR>...思ってもみなくて･･･</TYPE>","<TYPE style=Normal interval=55>从艾伦小姐平时的所作所为来看,<BR>压根没想到会收到正经的礼物<BR>...完全没想到会这样･･･</TYPE>"
P01_01.txt,413,ME_33,"<TYPE style=Normal interval=35>でも･･･,<TYPE style=Normal interval=35>　嬉しいです！<BR>,<TYPE style=Normal interval=45>ありがとうございます！</TYPE>","<TYPE style=Normal interval=35>不过･･･,<TYPE style=Normal interval=35>　我很开心！<BR>,<TYPE style=Normal interval=45>非常感谢！</TYPE>"
P01_01.txt,415,ME_34,"<TYPE style=Normal>いいのよ,　どうせ<BR>経費で落とすし</TYPE>","<TYPE style=Normal>没关系啦,  反正<BR>也是走报销</TYPE>"
P01_01.txt,417,ME_35,<TYPE style=Normal>あー.･.･.･</TYPE>,<TYPE style=Normal>啊——.･.･.･</TYPE>
P01_01.txt,448,ME_361,"<TYPE style=Normal interval=45>あの男に伝えておきなさい！<BR>..来年も負けないからよろしく<BR>,とね</TYPE>","<TYPE style=Normal interval=45>告诉那个男人！<BR>..明年我也不会输的，请多指教<BR>, 帮我这样转告他</TYPE>"
P01_01.txt,450,ME_37,"<TYPE style=Normal>それじゃ,<BR>知佳..知登...　帰るわよ！</TYPE>","<TYPE style=Normal>那么,<BR>知佳..知登... 回去啦！</TYPE>"
P01_01.txt,452,ME_38,<TYPE style=Normal><FONT face='G'>はーい</TYPE>,<TYPE style=Normal><FONT face='G'>知道啦——</TYPE>
P01_01.txt,454,ME_39,<TYPE style=Normal><FONT face='G'>はーい</TYPE>,<TYPE style=Normal><FONT face='G'>知道啦——</TYPE>
P01_01.txt,503,ME_40,"<TYPE style=Normal>エレンさん　,結局<BR>何しにきたのかな？</TYPE>","<TYPE style=Normal>艾伦小姐 ,结果到底是<BR>来干什么的呢？</TYPE>"
P01_01.txt,505,ME_41,<TYPE style=Normal>ほんとに...<BR>プレゼントだけ･･･？</TYPE>,<TYPE style=Normal>真的...<BR>只是送礼物吗･･･？</TYPE>
P01_01.txt,507,ME_42,"<TYPE style=Normal>うーん･･･,<BR>変な人だし･･･</TYPE>","<TYPE style=Normal>嗯——･･･,<BR>毕竟是个怪人嘛･･･</TYPE>"
P01_01.txt,509,ME_43,<TYPE style=Normal>なんか忙しい日だね</TYPE>,<TYPE style=Normal>总觉得是挺繁忙的一天呢</TYPE>
P01_01.txt,511,ME_44,"<TYPE style=Normal>うん,<BR>でも誰だろう？</TYPE>","<TYPE style=Normal>嗯,<BR>不过会是谁呢？</TYPE>"
P01_01.txt,513,ME_45,<TYPE style=Normal>はーい</TYPE>,<TYPE style=Normal>知道啦——</TYPE>
P01_02.txt,13,ME_01,<TYPE style=Fade>邪魔するぞ･･･</TYPE>,<TYPE style=Fade>打扰了･･･</TYPE>
P01_02.txt,15,ME_02,"<TYPE style=Normal>あ　,荒山さん,<BR>いらっしゃいませ</TYPE>","<TYPE style=Normal>啊 ,荒山先生,<BR>欢迎光临</TYPE>"
P01_02.txt,17,ME_03,"<TYPE style=Normal>荒山さんっ！,<BR><TYPE style=Normal interval=30>メリークリスマス！</TYPE>","<TYPE style=Normal>荒山先生！,<BR><TYPE style=Normal interval=30>圣诞快乐！</TYPE>"
P01_02.txt,19,ME_04,"<TYPE style=Normal>ふん　,メリークリスマス,..<BR>･･･これを受け取れ</TYPE>","<TYPE style=Normal>哼 ,圣诞快乐,..<BR>･･･把这个收下</TYPE>"
P01_02.txt,21,ME_041,<TYPE style=Normal>土産だ</TYPE>,<TYPE style=Normal>这是礼物</TYPE>
P01_02.txt,67,ME_05,"<TYPE style=Normal><FONT face='G' size=18>けーきです,<BR>じゅーすもあります！</TYPE>","<TYPE style=Normal><FONT face='G' size=18>是蛋糕,<BR>还有果汁！</TYPE>"
P01_02.txt,69,ME_06,<TYPE style=Normal>シャンパンだ</TYPE>,<TYPE style=Normal>是香槟</TYPE>
P01_02.txt,71,ME_07,<TYPE style=Normal>わー<BR>...ありがとうございます！</TYPE>,<TYPE style=Normal>哇啊<BR>...非常感谢！</TYPE>
P01_02.txt,73,ME_08,"<TYPE style=Normal>気にするな<BR>,全て経費で落ちる･･･</TYPE>","<TYPE style=Normal>别在意<BR>,全都能走报销･･･</TYPE>"
P01_02.txt,75,ME_081,"<TYPE style=Normal>ところで,<BR>津名川宗慈はどうした？</TYPE>","<TYPE style=Normal>对了,<BR>津名川宗慈人呢？</TYPE>"
P01_02.txt,77,ME_09,<TYPE style=Normal>ご主人さまは<BR>まだお仕事で<BR>研究所の方に･･･</TYPE>,"<TYPE style=Normal>主人他<BR>还在工作,<BR>在研究所那边･･･</TYPE>"
P01_02.txt,119,ME_101,<TYPE style=Normal>こんな重要な日にまで<BR>仕事だと･･･？</TYPE>,<TYPE style=Normal>连这么重要的日子<BR>都在工作吗･･･？</TYPE>
P01_02.txt,121,ME_11,<TYPE style=Normal>信じられん男だな･･････</TYPE>,<TYPE style=Normal>真是个不可思议的男人呢･･････</TYPE>
P01_02.txt,123,ME_182,"<TYPE style=Normal>･･････,ん？</TYPE>","<TYPE style=Normal>･･････,嗯？</TYPE>"
P01_02.txt,125,ME_19,<TYPE style=Normal>？</TYPE>,<TYPE style=Normal>？</TYPE>
P01_02.txt,127,ME_191,<TYPE style=Normal>荒山さん<BR>どうしました？</TYPE>,<TYPE style=Normal>荒山先生<BR>怎么了吗？</TYPE>
P01_02.txt,174,ME_20,<TYPE style=Normal interval=0><FONT face='G' size=30>ふざけるなー！</FONT></TYPE>,<TYPE style=Normal interval=0><FONT face='G' size=30>开什么玩笑！</FONT></TYPE>
P01_02.txt,210,ME_21,<FONT face='G' size=28><TYPE style=Normal>え<TYPE interval=300 speed=300 style=Spring>ー</TYPE>？</TYPE>,<FONT face='G' size=28><TYPE style=Normal>诶<TYPE interval=300 speed=300 style=Spring>——</TYPE>？</TYPE>
P01_02.txt,212,ME_22,<TYPE interval=35><FONT face='G' size=22>いきなり<BR>怒った<TYPE interval=400 speed=400 style=Spring>ー</TYPE>っ！？</TYPE>,<TYPE interval=35><FONT face='G' size=22>怎么突然<BR>发火了<TYPE interval=400 speed=400 style=Spring>——</TYPE>！？</TYPE>
P01_02.txt,239,ME_23,<TYPE interval=45><FONT face='G' size=20>この部屋の<BR>様子は何だ！.</TYPE>,<TYPE interval=45><FONT face='G' size=20>这个房间的<BR>样子是怎么回事！.</TYPE>
P01_02.txt,241,ME_24,<TYPE style=Normal interval=60>お前たち...　こんな準備で<BR>クリスマスを楽しめると..<BR>本気で思っているのか？</TYPE>,<TYPE style=Normal interval=60>你们几个... 难道真的以为靠这种准备<BR>就能好好享受圣诞节吗..<BR>？</TYPE>
P01_02.txt,243,ME_25,<TYPE style=Normal><FONT size=14>荒山さん<BR>..なにを言って･･･</TYPE>,<TYPE style=Normal><FONT size=14>荒山先生<BR>..你在说什么啊･･･</TYPE>
P01_02.txt,245,ME_26,<TYPE style=Normal interval=0><FONT face='G' size=28>例えば！</FONT></TYPE>,<TYPE style=Normal interval=0><FONT face='G' size=28>比如！</FONT></TYPE>
P01_02.txt,283,ME_261,<TYPE style=Normal interval=40><B>その何ひとつ飾りの無い<BR>地味なクリスマスツリーを<BR>見ろ！</TYPE>,<TYPE style=Normal interval=40><B>看看那没有任何装饰的<BR>朴素的圣诞树吧<BR>！</TYPE>
P01_02.txt,285,ME_27,"<TYPE style=Normal interval=65><FONT face='G' size=17>話にならん,<BR>まるで盆栽だ</TYPE>","<TYPE style=Normal interval=65><FONT face='G' size=17>简直不像话,<BR>简直就像盆栽一样</TYPE>"
P01_02.txt,287,ME_28,<TYPE style=Normal interval=40><B>そしてパーティーグッズの<BR>影さえ見えないこの部屋の<BR>貧相さはどうだ！</TYPE>,<TYPE style=Normal interval=40><B>还有，连派对用品的<BR>影子都看不到，这间房间的<BR>寒酸样又是怎么回事！</TYPE>
P01_02.txt,289,ME_29,"<TYPE style=Normal interval=65><FONT size=17>ダメ過ぎる,<BR>まるでお通夜だ</TYPE>","<TYPE style=Normal interval=65><FONT size=17>太差劲了,<BR>简直就像在守夜一样</TYPE>"
P01_02.txt,313,ME_30,<TYPE style=Normal><FONT face='G' size=20>なんですってぇ<TYPE interval=300 speed=300 style=Spring>～</TYPE>！</TYPE>,<TYPE style=Normal><FONT face='G' size=20>你说什么<TYPE interval=300 speed=300 style=Spring>〜</TYPE>！</TYPE>
P01_02.txt,315,ME_31,<TYPE style=Normal>こんなふやけた環境で<BR>メリー.・.クリスマスを<BR>気取ろうなんて笑..止..千..番..･･･</TYPE>,<TYPE style=Normal>想要在这种松懈的环境下<BR>装作在过圣<BR>・诞快乐，简直是可..笑..至..极..･･･</TYPE>
P01_02.txt,317,ME_32,<TYPE style=Normal interval=30><FONT size=18>おまえ達は<BR>クリスマスの何たるかを<BR>まるで理解していない！</TYPE>,<TYPE style=Normal interval=30><FONT size=18>你们几个<BR>根本就没理解<BR>什么是圣诞节！</TYPE>
P01_02.txt,319,ME_33,<FONT face='G' size=20><TYPE style=Normal interval=30>うるさいわね！</TYPE>,<FONT face='G' size=20><TYPE style=Normal interval=30>吵死了！</TYPE>
P01_02.txt,321,ME_331,<TYPE style=Normal><FONT size=18>あんたには<BR>関係ないでしょーっ</TYPE>,<TYPE style=Normal><FONT size=18>跟你<BR>没关系吧——！</TYPE>
P01_02.txt,366,ME_34,<TYPE style=Fade><FONT size=20 color=white shadow=black>心して聞け･･･<BR>若きエクストラ達よ･･･</TYPE>,<TYPE style=Fade><FONT size=20 color=white shadow=black>听好了･･･<BR>年轻的特殊个体们･･･</TYPE>
P01_02.txt,368,ME_35,<TYPE style=Fade interval=35><FONT size=22 color=white shadow=black>俺が...<BR>クリスマスの本当の<BR>楽しみ方を.教えてやる！！</TYPE>,<TYPE style=Fade interval=35><FONT size=22 color=white shadow=black>就由我...<BR>来教给你们圣诞节真正的<BR>快乐过法.！！</TYPE>
P01_02.txt,394,ME_36,<TYPE style=Normal interval=65>荒山さん･･･<BR>...ノリノリなところ大変<BR>申し上げにくいんですが･･･</TYPE>,<TYPE style=Normal interval=65>荒山先生･･･<BR>...虽然在您兴致正浓的时候很难<BR>开口･･･</TYPE>
P01_02.txt,396,ME_371,"<TYPE style=Normal><FONT size=24>質問か･･･？　,<TYPE style=Fade interval=30>許可しよう<BR>,<TYPE style=Fade interval=35>言ってみろ！</TYPE>","<TYPE style=Normal><FONT size=24>是提问吗･･･？ ,<TYPE style=Fade interval=30>予以许可<BR>,<TYPE style=Fade interval=35>说吧！</TYPE>"
P01_02.txt,398,ME_381,"<TYPE style=Normal>いえ･･･　,近所迷惑なので<BR>警察に通報しました</TYPE>","<TYPE style=Normal>不･･･ ,因为太扰民了所以<BR>我已经报警了</TYPE>"
P01_02.txt,400,ME_39,"<TYPE style=Normal>だからその･･･,<BR>そろそろお帰りに<BR>なったほうが･･･</TYPE>","<TYPE style=Normal>所以说那个･･･,<BR>您差不多也该<BR>回去了吧･･･</TYPE>"
P01_02.txt,442,ME_40,"<TYPE style=Normal interval=65>ふっ･･･,　なるほどな,<BR>それがお前たちの『答え』,<BR>と言うわけか･･･</TYPE>","<TYPE style=Normal interval=65>呵･･･, 原来如此,<BR>这就是你们的“答案”,<BR>对吧･･･</TYPE>"
P01_02.txt,444,ME_41,"<TYPE style=Normal>ならば..　いったん<RUBY text=' ひ '>退</RUBY>こう･･･,<BR>だが　..忘れるな</TYPE>","<TYPE style=Normal>既然如此.. 那就先撤退吧･･･,<BR>但是 ..可别忘了</TYPE>"
P01_02.txt,446,ME_411,<TYPE style=Normal><FONT size=22>クリスマスは<BR>来年もあると言うことを！</TYPE>,<TYPE style=Normal><FONT size=22>圣诞节<BR>明年也还会有的！</TYPE>
P01_02.txt,474,ME_42,<TYPE style=Normal><FONT size=20>俺は必ず<BR>戻ってくるぞ！</TYPE>,<TYPE style=Normal><FONT size=20>我一定会<BR>回来的！</TYPE>
P01_02.txt,476,ME_421,<TYPE style=Fade interval=115><FONT face='G' size=24>ハハハハハハ！！！</TYPE>,<TYPE style=Fade interval=115><FONT face='G' size=24>哈哈哈哈哈哈！！！</TYPE>
P01_02.txt,520,ME_43,"<TYPE style=Normal><FONT face='G' size=20>おまわりさ<TYPE interval=400 speed=400 style=Spring>ー</TYPE>ん,<BR>あーちです<TYPE interval=400 speed=400 style=Spring>ー</TYPE>","<TYPE style=Normal><FONT face='G' size=20>警察叔<TYPE interval=400 speed=400 style=Spring>——</TYPE>叔,<BR>我是阿奇<TYPE interval=400 speed=400 style=Spring>哦——</TYPE>"
P01_02.txt,522,ME_431,<TYPE style=Normal><FONT face='G' size=20>えはは</TYPE>,<TYPE style=Normal><FONT face='G' size=20>诶哈哈</TYPE>
P01_02.txt,524,ME_44,"<TYPE style=Normal>沙友ー<BR>,窓から顔出すと<BR>危ないわよ</TYPE>","<TYPE style=Normal>沙友——<BR>,把头探出窗外的话<BR>很危险哦</TYPE>"
P01_02.txt,561,ME_45,"<TYPE style=Normal>荒山さん,　来年も･･･,<BR>また来る気なのかな･･･</TYPE>","<TYPE style=Normal>荒山先生, 明年也･･･,<BR>打算再来吗･･･</TYPE>"
P01_02.txt,563,ME_47,<TYPE style=Normal>あいつ･･･...<BR>絶対自分の言葉に<BR>酔うタイプだし･･･</TYPE>,<TYPE style=Normal>那家伙･･･...<BR>绝对是那种容易沉醉在<BR>自己话语里的类型呢･･･</TYPE>
P01_02.txt,565,ME_48,<TYPE style=Normal>あ　はーい</TYPE>,<TYPE style=Normal>啊 好啦——</TYPE>
P01_03.txt,10,ME_01,<TYPE style=Normal>はい</TYPE>,<TYPE style=Normal>是</TYPE>
P01_03.txt,12,ME_02,<TYPE style=Normal>ありがとう<BR>ございます</TYPE>,<TYPE style=Normal>谢谢<BR>您</TYPE>
P01_03.txt,36,ME_01,<TYPE style=Normal><FONT face='G' size=22>だれですー？</TYPE>,<TYPE style=Normal><FONT face='G' size=22>是谁呀——？</TYPE>
P01_03.txt,38,ME_02,"<TYPE style=Normal>うん　..郵便屋さん<BR>,クリスマスカードみたい</TYPE>","<TYPE style=Normal>嗯 ..是送货员<BR>,好像是圣诞卡片</TYPE>"
P01_03.txt,40,ME_04,"<TYPE style=Normal>誰からかな･･･,<BR>えーっと...　最初のは･･･</TYPE>","<TYPE style=Normal>是谁寄来的呢･･･,<BR>那个... 第一张是･･･</TYPE>"
P01_03.txt,86,ME_01,"<FONT color=white shadow=black><TYPE style=Normal>元気ですか。,僕は...<B>スパッド</B>です。,.<BR>君たちには今年、本当にお世話になったね。","<FONT color=white shadow=black><TYPE style=Normal>你们好吗。,我是...<B>斯帕德</B>。,.<BR>今年真是太谢谢你们的照顾了。"
P01_03.txt,88,ME_02,"<FONT color=white shadow=black><TYPE style=Normal>僕は今、,北の果ての牧場で<BR>牛を飼いながら、..<BR>ひっそりと暮らしています。","<FONT color=white shadow=black><TYPE style=Normal>我现在，,在北方尽头的牧场里<BR>一边养牛，..<BR>一边安静地生活着。"
P01_03.txt,90,ME_03,"<FONT color=white shadow=black><TYPE style=Normal>自分を見つめ直して、,<BR>新しい、...誰にも負けない、...<BR>強い自分を見つけるためです。","<FONT color=white shadow=black><TYPE style=Normal>这是为了重新审视自己，,<BR>去寻找一个全新的、...不输给任何人的、...<BR>强大的自己。"
P01_03.txt,120,ME_04,<FONT color=white shadow=black><TYPE style=Normal>牧場の生活は厳しいけれど、..<BR>毎日に新鮮な発見があって、<BR>とても充実しているんだ。,"<FONT color=white shadow=black><TYPE style=Normal>虽然牧场的生活很艰苦，..<BR>但每天都有新鲜的发现,<BR>过得非常充实。"
P01_03.txt,122,ME_05,"<FONT color=white shadow=black><TYPE style=Normal>地元のみんなは優しくて、,<BR>さりげなく僕をリスペクトしてくれる。","<FONT color=white shadow=black><TYPE style=Normal>当地的人们都很温柔，,<BR>总会在不经意间表现出对我的尊重。"
P01_03.txt,124,ME_06,"<FONT color=white shadow=black><TYPE style=Normal>僕は今の生活に、,<BR>本当に満足しているんだ。","<FONT color=white shadow=black><TYPE style=Normal>我对现在的生活，,<BR>真的感到很满足。"
P01_03.txt,147,ME_01,"<FONT color=white shadow=black><TYPE interval=65>この場所にいると、...僕が今まで軽視してきた、...<BR>人と人との繋がり、...暖かさ、..そんな小さなもの<BR>たちの、,ひとつひとつが胸に迫ります。</TYPE>","<FONT color=white shadow=black><TYPE interval=65>待在这个地方，...那些我过去一直看轻的、...<BR>人与人之间的联系、...温暖、..以及那些微小的事物<BR>的，,每一件都深深打动着我。</TYPE>"
P01_03.txt,149,ME_03,<FONT color=white shadow=black><TYPE interval=75>僕は弱い人間でした。</TYPE>,<FONT color=white shadow=black><TYPE interval=75>我以前是个弱小的人。</TYPE>
P01_03.txt,151,ME_04,<FONT color=white shadow=black>思えばあの事件も、..こんな僕の弱さが<BR>全ての元凶だったのかも知れないね。</TYPE>,<FONT color=white shadow=black>回想起来那起事件，..也许我这样的弱小<BR>才是一切的根源吧。</TYPE>
P01_03.txt,153,ME_05,"<FONT color=white shadow=black><TYPE interval=75>なんて、,<BR>今更こんなセリフは卑怯かな？</TYPE>","<FONT color=white shadow=black><TYPE interval=75>这么说，,<BR>事到如今再说这种话是不是太软弱了？</TYPE>"
P01_03.txt,155,ME_06,"<FONT color=white shadow=black><TYPE interval=50>あと牛の糞が臭くて<BR>三日に一遍卒倒します。,..<BR><TYPE interval=75>僕は本当に弱い人間だ。</TYPE>","<FONT color=white shadow=black><TYPE interval=50>还有就是牛粪太臭了,<BR>我每三天就要昏倒一次。,..<BR><TYPE interval=75>我真的是个很弱小的人。</TYPE>"
P01_03.txt,193,ME_01,"<FONT color=white shadow=black><TYPE interval=50>まあとにかく、,でかい人間になるための<BR>試練その一と思って、,もう少しこの牧場で<BR>がんばってみます。</TYPE>","<FONT color=white shadow=black><TYPE interval=50>不过不管怎样，,就当成是为了成为大人物的<BR>第一项考验吧，,我打算在这座牧场里<BR>再多坚持一阵子。</TYPE>"
P01_03.txt,195,ME_02,<FONT color=white shadow=black><TYPE interval=50>そして僕が.人として一回り成長した暁には、...<BR>もう一度、.バベルに挑もうと考えています。</TYPE>,<FONT color=white shadow=black><TYPE interval=50>然后，等我作为一个人真正成长起来的那一天，...<BR>我打算再一次，.去挑战巴别塔。</TYPE>
P01_03.txt,197,ME_03,<FONT color=white shadow=black>その時はよろしく。</TYPE>,<FONT color=white shadow=black>到那个时候就请多指教了。</TYPE>
P01_03.txt,199,ME_04,"<FONT color=white shadow=black>それではさようなら、,<BR>メリークリスマス。</TYPE>","<FONT color=white shadow=black>那么再见啦，,<BR>圣诞快乐。</TYPE>"
P01_03.txt,226,ME_01,"<TYPE style=Normal><FONT size=14>スパッドさん･･･<BR>,またなんか勘違いしてる･･･</TYPE>","<TYPE style=Normal><FONT size=14>斯帕德先生･･･<BR>,是不是又误会了什么･･･</TYPE>"
P01_03.txt,228,ME_02,<TYPE style=Normal>うーん...　懲りない人<BR>だから･･･</TYPE>,<TYPE style=Normal>嗯——... 因为是个不长记性的人<BR>嘛･･･</TYPE>
P01_03.txt,230,ME_04,<TYPE style=Normal><FONT face='G' size=18>こまーたねー</TYPE>,<TYPE style=Normal><FONT face='G' size=18>真拿他没办法呢——</TYPE>
P01_03.txt,259,ME_01,<TYPE style=Normal>次はだれ？</TYPE>,<TYPE style=Normal>下一个是谁？</TYPE>
P01_03.txt,261,ME_02,"<TYPE style=Normal>うん　,ちょっと<BR>待ってね･･･</TYPE>","<TYPE style=Normal>嗯 ,稍微<BR>等一下哦･･･</TYPE>"
P01_03.txt,288,ME_01,"<FONT color=white shadow=black><TYPE style=Fade interval=80>..メリークリスマス。<BR>,..<TYPE style=Fade interval=65>みんな、..私の誕生日を祝ってくれて...<BR>本当にありがとう。</TYPE>","<FONT color=white shadow=black><TYPE style=Fade interval=80>..圣诞快乐。<BR>,..<TYPE style=Fade interval=65>大家，..谢谢你们来庆祝我的生日...<BR>真的太谢谢了。</TYPE>"
P01_03.txt,290,ME_03,"<FONT color=white shadow=black><TYPE style=Fade interval=55>とは言え、,この世界規模の祝われっぷりには、,<BR>流石の私も内心ドキドキで一杯だ。</TYPE>","<FONT color=white shadow=black><TYPE style=Fade interval=55>虽说如此，,面对这种世界规模的庆祝，,<BR>连我都难免在心里感到紧张呢。</TYPE>"
P01_03.txt,312,ME_04,"<FONT color=white shadow=black><TYPE style=Fade interval=55>こうしてみんなに慕われるのも、,.私が神で<BR>.救世主で..オリジン持ちである証明だから、</TYPE>","<FONT color=white shadow=black><TYPE style=Fade interval=55>像这样被大家爱戴，,.也是因为这是我是神、<BR>.救世主、..并且持有起源的证明，</TYPE>"
P01_03.txt,314,ME_05,"<FONT color=white shadow=black><TYPE style=Fade interval=55>嬉しいと思う反面、,強い責任を<BR>感じないわけにはいかない。</TYPE>","<FONT color=white shadow=black><TYPE style=Fade interval=55>在感到高兴的同时，,也不得不感到<BR>一份沉甸甸的责任呢。</TYPE>"
P01_03.txt,316,ME_06,<FONT color=white shadow=black><TYPE  style=Fade interval=65>難しいところだな。</TYPE>,<FONT color=white shadow=black><TYPE  style=Fade interval=65>还真是个难题呢。</TYPE>
P01_03.txt,338,ME_01,"<FONT color=white shadow=black><TYPE style=Fade interval=55>ところで先日、,三丁目の公園で良い色の<BR>オリジンを持った秋田犬を見つけてな。</TYPE>","<FONT color=white shadow=black><TYPE style=Fade interval=55>话说回来前几天，,我在三丁目的公园里发现了一只拥有漂亮颜色<BR>起源的秋田犬。</TYPE>"
P01_03.txt,340,ME_02,"<FONT color=white shadow=black><TYPE style=Fade interval=65>協力して欲しいと説得を続けているんだが、,<BR>なかなかうんと言ってくれない。</TYPE>","<FONT color=white shadow=black><TYPE style=Fade interval=65>虽然我一直在说服它，希望它能来帮我，,<BR>但它怎么都不肯同意。</TYPE>"
P01_03.txt,342,ME_03,"<FONT color=white shadow=black><TYPE style=Fade interval=65><B>わんわん</B>,　とは言ってくれるが、,<BR>決して..　<B>うん</B>とは言わない。</TYPE>","<FONT color=white shadow=black><TYPE style=Fade interval=65><B>汪汪</B>, 它倒是会这么叫，,<BR>但绝对.. 不会对我说<B>嗯</B>。</TYPE>"
P01_03.txt,370,ME_04,"<FONT color=white shadow=black><TYPE style=Fade interval=55>強情な、,古いタイプの男なんだ。,.<BR>まあ、,そんな誇り高い孤独な魂を、<BR>私は気に入ったんだがね。</TYPE>","<FONT color=white shadow=black><TYPE style=Fade interval=55>真是个固执的、,老派的家伙啊。,.<BR>不过，,那种高傲又孤独的灵魂,<BR>我倒是非常喜欢就是了。</TYPE>"
P01_03.txt,372,ME_02,"<FONT color=white shadow=black><TYPE style=Fade interval=55>機会があったら、<BR>君たちにも紹介しよう。,<BR>きっと仲良くなれるだろう</TYPE>","<FONT color=white shadow=black><TYPE style=Fade interval=55>如果有机会的话,<BR>我也介绍给你们认识吧。,<BR>你们一定能成为好朋友的</TYPE>"
P01_03.txt,391,ME_04,<FONT color=white shadow=black><TYPE style=Fade interval=65>それでは、...心ゆくまで<BR>私の誕生日を祝ってくれ。</TYPE>,<FONT color=white shadow=black><TYPE style=Fade interval=65>那么，...就请尽情地<BR>为我的生日庆祝吧。</TYPE>
P01_03.txt,393,ME_05,<FONT color=white shadow=black><TYPE style=Fade interval=85>メリークリスマス。</TYPE>,<FONT color=white shadow=black><TYPE style=Fade interval=85>圣诞快乐。</TYPE>
P01_03.txt,411,ME_01,"<FONT size=13><TYPE style=Normal>･..･..･..グラハムさん,<BR>とうとうボケが･･･</TYPE>","<FONT size=13><TYPE style=Normal>･..･..･..格拉汉姆先生,<BR>终于开始犯迷糊了么･･･</TYPE>"
P01_03.txt,413,ME_02,"<TYPE style=Normal><TYPE interval=25>なっ　..なに言ってんの！,<BR><TYPE interval=55>そんなはず無いじゃない</TYPE>","<TYPE style=Normal><TYPE interval=25>哪.. 你在说什么呢！,<BR><TYPE interval=55>怎么可能会那样嘛</TYPE>"
P01_03.txt,415,ME_03,<FONT size=13><TYPE style=Normal>･..･..･..たぶん</TYPE>,<FONT size=13><TYPE style=Normal>･..･..･..大概吧</TYPE>
P01_03.txt,417,ME_04,<TYPE style=Normal><FONT face='G' size=18><TYPE interval=45>さゆ　..おりじんいぬに<BR>あいたいです！</TYPE>,<TYPE style=Normal><FONT face='G' size=18><TYPE interval=45>沙友 ..想见源犬<BR>！</TYPE>
P01_03.txt,419,ME_05,<TYPE style=Normal><TYPE interval=75>･.･.･.</TYPE>,<TYPE style=Normal><TYPE interval=75>･.･.･.</TYPE>
P01_03.txt,421,ME_06,<TYPE style=Normal><TYPE interval=75>･.･.･.</TYPE>,<TYPE style=Normal><TYPE interval=75>･.･.･.</TYPE>
P01_03.txt,459,ME_01,<TYPE style=Normal>･･･ええと</TYPE>,<TYPE style=Normal>･･･那个</TYPE>
P01_03.txt,461,ME_02,<TYPE style=Normal>はーい</TYPE>,<TYPE style=Normal>来啦——</TYPE>
P01_04.txt,15,ME_01,<FONT face='G' size=22><TYPE interval=15>透花ちゃ<TYPE interval=400 speed=400 style=Spring>ー</TYPE>ん！</TYPE>,<FONT face='G' size=22><TYPE interval=15>透花酱<TYPE interval=400 speed=400 style=Spring>——</TYPE>！</TYPE>
P01_04.txt,17,ME_02,<TYPE style=Normal interval=0><FONT face='G' size=18>きゃ<TYPE interval=200 speed=200 style=Spring>ー</TYPE>,<TYPE style=Normal interval=0><FONT face='G' size=18>呀<TYPE interval=200 speed=200 style=Spring>——</TYPE>
P01_04.txt,19,ME_03,<TYPE style=Normal><FONT size=18>プレゼント<BR>持ってきたよー</TYPE>,<TYPE style=Normal><FONT size=18>我把礼物<BR>带过来啦——</TYPE>
P01_04.txt,21,ME_04,<FONT size=14><TYPE interval=25>か..　上代さん..<BR>危ないですっ</TYPE>,<FONT size=14><TYPE interval=25>上.. 上代小姐..<BR>太危险了</TYPE>
P01_04.txt,23,ME_05,<FONT size=14><TYPE interval=20>抜き身のブレード<BR>振り回さないで･･･</TYPE>,<FONT size=14><TYPE interval=20>请不要把拔出来的刀刃<BR>乱挥啦･･･</TYPE>
P01_04.txt,81,ME_01,<TYPE style=Normal>いや<TYPE interval=300 speed=300 style=Spring>ー</TYPE>..　平気だよ</TYPE>,<TYPE style=Normal>没<TYPE interval=300 speed=300 style=Spring>事</TYPE>啦.. 不要紧的</TYPE>
P01_04.txt,83,ME_02,<TYPE style=Normal><TYPE interval=30>この手の武器は<BR>強度が売りだから...<BR>壊れやしないってー</TYPE>,<TYPE style=Normal><TYPE interval=30>这种武器<BR>主打的就是强度...<BR>根本不会坏的啦——</TYPE>
P01_04.txt,85,ME_03,<TYPE style=Normal interval=20><FONT size=20>家が壊れます！</TYPE>,<TYPE style=Normal interval=20><FONT size=20>房子要坏了！</TYPE>
P01_04.txt,87,ME_04,"<TYPE style=Normal>あ,　<TYPE interval=0>そっ.か</TYPE>...<BR>ごめんね<TYPE interval=200 speed=200 style=Spring>ー</TYPE>","<TYPE style=Normal>啊,　<TYPE interval=0>这样</TYPE>啊...<BR>对不起哦<TYPE interval=200 speed=200 style=Spring>——</TYPE>"
P01_04.txt,106,ME_01,"<TYPE style=Normal interval=50><FONT face='G' size=18>かみしろさん,<BR>きょうはどーしたですか？</TYPE>","<TYPE style=Normal interval=50><FONT face='G' size=18>上代小姐,<BR>今天是怎么了嘛？</TYPE>"
P01_04.txt,108,ME_02,<TYPE style=Normal interval=0><FONT size=18 face='G'>そう..そう！</TYPE>,<TYPE style=Normal interval=0><FONT size=18 face='G'>对了..对了！</TYPE>
P01_04.txt,110,ME_03,"<TYPE style=Normal interval=0>見てよ！,.<BR><TYPE style=Normal interval=30>これ新型のブレード！</TYPE>","<TYPE style=Normal interval=0>快看！,.<BR><TYPE style=Normal interval=30>这是新型的刀刃！</TYPE>"
P01_04.txt,138,ME_03,"<TYPE style=Normal interval=30>さっき完成したばかりでさ,<BR>もう嬉しくて嬉しくて</TYPE>","<TYPE style=Normal interval=30>刚才才刚刚完成哦,<BR>简直高兴得不得了</TYPE>"
P01_04.txt,140,ME_04,"<TYPE style=Normal>そんな大切なもの,<BR>持ち出しちゃって<BR>いいんですか？</TYPE>","<TYPE style=Normal>那么重要的东西,<BR>私自拿出来<BR>真的好吗？</TYPE>"
P01_04.txt,142,ME_05,<TYPE style=Normal interval=25><FONT face='G' size=18>かまいや.しないって！</TYPE>,<TYPE style=Normal interval=25><FONT face='G' size=18>没关系的啦！</TYPE>
P01_04.txt,167,ME_11,<TYPE style=Normal interval=45>いくら研究所の資金と<BR>設備と人員を思う存分<BR>使い倒したとは言え</TYPE>,<TYPE style=Normal interval=45>虽说把研究所的资金、<BR>设备和人员都尽情地<BR>动用了个够</TYPE>
P01_04.txt,169,ME_12,<TYPE style=Normal interval=45>私が自分の趣味で<BR>造ったようなもの<BR>だからね</TYPE>,<TYPE style=Normal interval=45>但这也算是出于我自己的兴趣而<BR>打造出来的东西<BR>嘛</TYPE>
P01_04.txt,171,ME_13,"<FONT size=18>もう半分以上私のもの,<BR>みたいな感じ？</TYPE>","<FONT size=18>感觉已经有一半以上属于我了,<BR>不是吗？</TYPE>"
P01_04.txt,173,ME_14,"<TYPE style=Normal><FONT  size=14>それ,　ちょっと<BR>違うような･･･</TYPE>","<TYPE style=Normal><FONT  size=14>那个, 总觉得有点<BR>不对吧･･･</TYPE>"
P01_04.txt,175,ME_01,"<TYPE style=Normal interval=0>まあ.まあ！,<BR><TYPE style=Normal interval=45>受け取ってよ透花ちゃん</TYPE>","<TYPE style=Normal interval=0>好啦.好啦！,<BR><TYPE style=Normal interval=45>快收下吧透花酱</TYPE>"
P01_04.txt,177,ME_02,<TYPE style=Normal interval=35><FONT size=17>私からの<BR>クリスマスプレゼント！</TYPE>,<TYPE style=Normal interval=35><FONT size=17>这是我送的<BR>圣诞礼物！</TYPE>
P01_04.txt,179,ME_04,"<TYPE style=Normal interval=60><FONT size=13>いいえ,　結構で･･･</TYPE>","<TYPE style=Normal interval=60><FONT size=13>不用了, 我心领了･･･</TYPE>"
P01_04.txt,181,ME_05,<TYPE style=Normal interval=45><FONT face='G' size=22>え<TYPE interval=400 speed=400 style=Spring>ー</TYPE><BR><TYPE style=Normal interval=0>なんで<TYPE interval=400 speed=400 style=Spring>ー</TYPE>？</TYPE>,<TYPE style=Normal interval=45><FONT face='G' size=22>诶<TYPE interval=400 speed=400 style=Spring>——</TYPE><BR><TYPE style=Normal interval=0>为什么<TYPE interval=400 speed=400 style=Spring>——</TYPE>？</TYPE>
P01_04.txt,183,ME_06,"<TYPE style=Normal interval=20>じゃあさ,<BR><TYPE style=Normal interval=45>こっちは？</TYPE>","<TYPE style=Normal interval=20>那要是,<BR><TYPE style=Normal interval=45>这个呢？</TYPE>"
P01_04.txt,242,ME_01,<FONT size=24 face='G'>じゃ<TYPE style=Spring interval=500 speed=500>ー</TYPE>ん！,<FONT size=24 face='G'>锵<TYPE style=Spring interval=500 speed=500>——</TYPE>锵！
P01_04.txt,244,ME_02,<TYPE style=Normal interval=35>生体細胞固有の振動数を探知して<BR>マイクロウェーブが生体を内部から<BR>激殺する超..振.動.ア<TYPE style=Spring interval=500 speed=500>ー</TYPE>ム！</TYPE>,"<TYPE style=Normal interval=35>通过探知生物细胞固有的振动频率,<BR>利用微波从内部<BR>击杀生物的超..振.动.臂<TYPE style=Spring interval=500 speed=500>——</TYPE>！</TYPE>"
P01_04.txt,246,ME_05,"<TYPE  interval=80><FONT size=14>上代さん,<BR>お気持ちは嬉しいん<BR>ですけど･･･</TYPE>","<TYPE  interval=80><FONT size=14>上代小姐,<BR>虽然您的心意我很开心<BR>就是了･･･</TYPE>"
P01_04.txt,248,ME_06,<TYPE  interval=80><FONT size=14>そんな危ないもの..<BR>いらないような.･.･.･</TYPE>,<TYPE  interval=80><FONT size=14>那么危险的东西..<BR>感觉并不需要呢.･.･.･</TYPE>
P01_04.txt,287,ME_01,"<TYPE style=Normal interval=30><FONT size=18>そんな！,<BR><TYPE style=Normal interval=45>遠慮しないで！</TYPE>","<TYPE style=Normal interval=30><FONT size=18>怎么这样！,<BR><TYPE style=Normal interval=45>别客气嘛！</TYPE>"
P01_04.txt,289,ME_02,"<TYPE style=Normal interval=0>はい！<BR>,<TYPE style=Normal interval=35>透花ちゃんには.新型！</TYPE>","<TYPE style=Normal interval=0>拿着！<BR>,<TYPE style=Normal interval=35>透花酱的是.新型！</TYPE>"
P01_04.txt,291,ME_03,<TYPE style=Normal interval=35>エマちゃんには.<BR>超振動！</TYPE>,<TYPE style=Normal interval=35>艾玛酱的是.<BR>超振动！</TYPE>
P01_04.txt,293,ME_04,"<TYPE style=Normal interval=10><FONT size=18>あ<TYPE style=Spring interval=300 speed=300>ー</TYPE>　...<TYPE style=Normal interval=15>しまった！,.<BR><TYPE style=Normal interval=35>今日の武器はこれだけだっ</TYPE>","<TYPE style=Normal interval=10><FONT size=18>啊<TYPE style=Spring interval=300 speed=300>——</TYPE>　...<TYPE style=Normal interval=15>糟了！,.<BR><TYPE style=Normal interval=35>今天的武器就只有这些了</TYPE>"
P01_04.txt,295,ME_05,"<TYPE style=Normal interval=30><FONT size=18>えーと　,じゃあ,<BR>沙友ちゃんには<BR>このあめ玉！</TYPE>","<TYPE style=Normal interval=30><FONT size=18>那个 ,那么,<BR>沙友酱就给<BR>这颗糖果！</TYPE>"
P01_04.txt,297,ME_06,<TYPE style=Normal interval=65><FONT face='G' size=22>やた<TYPE style=Spring interval=300 speed=300>ー</TYPE>...<BR>あめだまでーす</TYPE>,<TYPE style=Normal interval=65><FONT face='G' size=22>太棒了<TYPE style=Spring interval=300 speed=300>——</TYPE>...<BR>是糖果耶</TYPE>
P01_04.txt,360,ME_01,"<TYPE style=Normal interval=45>あっ,　そういえば私<BR>仕事の途中で抜け出して<BR>きたんだった</TYPE>","<TYPE style=Normal interval=45>啊, 话说回来我<BR>是在工作途中偷溜<BR>出来的来着</TYPE>"
P01_04.txt,362,ME_02,<TYPE style=Normal interval=35>よーし...<BR>私すごい破壊兵器造るから<BR>みんなもがんばって！</TYPE>,"<TYPE style=Normal interval=35>好啦...<BR>我会制造出超级厉害的破坏兵器来的,<BR>大家也加油哦！</TYPE>"
P01_04.txt,364,ME_03,"<TYPE style=Normal>それじゃ<BR>透花ちゃん　,<BR>愛してるよ～</TYPE>","<TYPE style=Normal>那么<BR>透花酱 ,<BR>我爱你哦〜</TYPE>"
P01_04.txt,366,ME_04,<TYPE style=Normal>じゃーねー</TYPE>,<TYPE style=Normal>拜拜啦——</TYPE>
P01_04.txt,407,ME_02,"<TYPE style=Normal>どうしよう,<BR>この武器･･･</TYPE>","<TYPE style=Normal>怎么办啊,<BR>这个武器･･･</TYPE>"
P01_04.txt,409,ME_03,<TYPE style=Normal>ご主人さまに言って<BR>返しておいてもらおうか</TYPE>,<TYPE style=Normal>跟主人说一声<BR>让他帮忙还回去吧</TYPE>
P01_04.txt,411,ME_05,<TYPE style=Normal interval=65><FONT face='G' size=18>あめ.<BR>おいしーです</TYPE>,<TYPE style=Normal interval=65><FONT face='G' size=18>糖果.<BR>好好吃</TYPE>
P01_04.txt,437,ME_02,"<TYPE style=Normal>うー<BR>,今度はだれー？</TYPE>","<TYPE style=Normal>呜——<BR>,这次是谁呀——？</TYPE>"
P01_04.txt,439,ME_03,<TYPE style=Normal>はーい...<BR>いま開けまーす</TYPE>,<TYPE style=Normal>来啦...<BR>这就来开门——</TYPE>
P01_05.txt,14,ME_01,<TYPE style=Normal>こんばんは</TYPE>,<TYPE style=Normal>晚上好</TYPE>
P01_05.txt,16,ME_02,<TYPE style=Normal>みんな...元気？</TYPE>,<TYPE style=Normal>大家...还好吗？</TYPE>
P01_05.txt,18,ME_03,"<TYPE style=Normal><FONT face='G' size=24>は<TYPE style=Spring speed=500>ー</TYPE>,い</FONT></TYPE>","<TYPE style=Normal><FONT face='G' size=24>在<TYPE style=Spring speed=500>——</TYPE>,哦</FONT></TYPE>"
P01_05.txt,20,ME_04,"<TYPE style=Normal>あ　はい,<BR>元気です！</TYPE>","<TYPE style=Normal>啊，是的,<BR>很好！</TYPE>"
P01_05.txt,55,ME_01,"<TYPE style=Normal>品藤さん,<BR>今日はどうしたの？</TYPE>","<TYPE style=Normal>品藤小姐,<BR>今天怎么来了？</TYPE>"
P01_05.txt,57,ME_02,"<TYPE style=Normal>ふふ,<BR>クリスマスだしね</TYPE>","<TYPE style=Normal>呵呵,<BR>因为是圣诞节嘛</TYPE>"
P01_05.txt,59,ME_03,<TYPE style=Normal>久しぶりに..みんなに<BR>会いたいな...って</TYPE>,<TYPE style=Normal>想着..好久没和大家<BR>见面了...之类的</TYPE>
P01_05.txt,86,ME_04,"<TYPE style=Normal>うそー,<BR>お目当てはどうせ<BR>そーじさんでしょう？</TYPE>","<TYPE style=Normal>骗人——,<BR>反正你的目标<BR>是宗慈先生吧？</TYPE>"
P01_05.txt,88,ME_05,<TYPE style=Normal interval=30>わかってるんだから！</TYPE>,<TYPE style=Normal interval=30>我可全都知道哦！</TYPE>
P01_05.txt,90,ME_06,<TYPE style=Normal>あら...　そんなこと<BR>ないわよ</TYPE>,<TYPE style=Normal>哎呀... 才没有<BR>那回事呢</TYPE>
P01_05.txt,92,ME_07,"<TYPE style=Normal>プレゼントだって　..ほら,<BR>みんなに持ってきたし</TYPE>","<TYPE style=Normal>连礼物也 ..你看,<BR>都给大家带来了哦</TYPE>"
P01_05.txt,113,ME_01,<TYPE style=Normal><FONT face='G' size=18>かわいー<BR>おにんぎょーさんです</TYPE>,<TYPE style=Normal><FONT face='G' size=18>是可爱<BR>的小人偶呢</TYPE>
P01_05.txt,115,ME_02,<TYPE style=Fade interval=30><FONT color=white shadow=black><B>恐竜土偶</B>よ</TYPE>,<TYPE style=Fade interval=30><FONT color=white shadow=black><B>恐龙土偶</B>啊</TYPE>
P01_05.txt,117,ME_03,<TYPE style=Normal>とても不思議な絵･･･...<BR><TYPE style=Normal interval=45>ありがとうございますっ！</TYPE>,<TYPE style=Normal>非常不可思议的画･･･...<BR><TYPE style=Normal interval=45>非常感谢！</TYPE>
P01_05.txt,119,ME_04,<TYPE style=Fade interval=30><FONT color=white shadow=black><B>ピリレイスの地図</B>よ</TYPE>,<TYPE style=Fade interval=30><FONT color=white shadow=black><B>皮瑞雷斯地图</B>啊</TYPE>
P01_05.txt,121,ME_05,<TYPE style=Normal interval=0>あっ</TYPE>,<TYPE style=Normal interval=0>啊</TYPE>
P01_05.txt,123,ME_051,<TYPE style=Normal interval=45>それじゃ　もしかして<BR>これ....　水晶どくろ？</TYPE>,<TYPE style=Normal interval=45>那，难道说<BR>这个.... 是水晶头骨？</TYPE>
P01_05.txt,188,ME_06,"<TYPE style=Normal interval=20>と言うか品藤さん！,<BR><TYPE style=Normal interval=25>なんで全部.オーパーツ<BR>ですか！</TYPE>","<TYPE style=Normal interval=20>话说明藤小姐！,<BR><TYPE style=Normal interval=25>为什么全部<BR>都是欧帕兹啊！</TYPE>"
P01_05.txt,190,ME_05,<TYPE style=Normal>もっと普通の<BR>プレゼントは･･･</TYPE>,<TYPE style=Normal>就不能有更普通一点的<BR>礼物吗･･･</TYPE>
P01_05.txt,192,ME_01,<TYPE style=Normal interval=0><FONT face='G' size=24>ええ.っ！</TYPE>,<TYPE style=Normal interval=0><FONT face='G' size=24>诶.诶！</TYPE>
P01_05.txt,194,ME_012,<TYPE style=Fade interval=85><FONT size=14>..だって.......だって<BR>.......私･･･</TYPE>,<TYPE style=Fade interval=85><FONT size=14>..可是.......可是<BR>.......我･･･</TYPE>
P01_05.txt,196,ME_013,<TYPE style=Normal interval=75><FONT size=14>普通の女の子が何を欲しいか<BR>なんて...　知らないし･･･</TYPE>,<TYPE style=Normal interval=75><FONT size=14>普通的年轻女孩子想要什么之类的<BR>... 我又不知道･･･</TYPE>
P01_05.txt,245,ME_02,"<TYPE style=Normal interval=75><FONT size=15>小さい頃から..ずっと古痕一筋で･･･<BR>,原宿とか行ったら...絶対迷うし･･･</TYPE>","<TYPE style=Normal interval=75><FONT size=15>从小时候开始..就一直一门心思在古痕上･･･<BR>,要是去原宿之类的地方...绝对会迷路的･･･</TYPE>"
P01_05.txt,247,ME_03,<TYPE style=Fade interval=65><FONT size=14>うぅぅ･･･</TYPE>,<TYPE style=Fade interval=65><FONT size=14>呜呜呜･･･</TYPE>
P01_05.txt,249,ME_04,<TYPE style=Normal interval=20><FONT size=18 face='G' >エマちゃん<BR>...ごめんなさいっ！</TYPE>,<TYPE style=Normal interval=20><FONT size=18 face='G' >艾玛酱<BR>...对不起啦！</TYPE>
P01_05.txt,281,ME_01,"<TYPE style=Normal><FONT size=22 face='G' >あ<TYPE style=Spring speed=400>ー</TYPE>,<BR>エマがなかした<TYPE style=Spring speed=500>ー</TYPE>","<TYPE style=Normal><FONT size=22 face='G' >啊<TYPE style=Spring speed=400>——</TYPE>,<BR>艾玛把人弄哭啦<TYPE style=Spring speed=500>——</TYPE>"
P01_05.txt,283,ME_02,"<TYPE style=Normal interval=35>エマ　,<TYPE style=Normal interval=55>あとで品藤さんに<BR>ちゃんと謝るんだよ</TYPE>",<TYPE style=Normal interval=35>艾玛，<TYPE style=Normal interval=55>待会儿要好好向品藤小姐<BR>道歉哦</TYPE>
P01_05.txt,285,ME_03,<TYPE style=Normal>わ　<TYPE style=Normal interval=35>...分かってるわよ</TYPE>,<TYPE style=Normal>知　<TYPE style=Normal interval=35>...知道了啦</TYPE>
P01_05.txt,287,ME_04,"<TYPE style=Normal>うー,　<BR><TYPE style=Normal interval=35>なんでウチの周りの大人は<BR>...こう変なのばっかりなのよ！</TYPE>","<TYPE style=Normal>呜——,　<BR><TYPE style=Normal interval=35>为什么我身边的正常大人<BR>...尽是些这么奇怪的家伙啊！</TYPE>"
P01_06.txt,8,ME_01,<TYPE style=Normal>どちらさまですか？</TYPE>,<TYPE style=Normal>请问是哪位？</TYPE>
P01_06.txt,10,ME_02,"<TYPE style=Normal>もー　,今度は誰ー？</TYPE>","<TYPE style=Normal>真是的 ,这次又是谁啊——？</TYPE>"
P01_06.txt,12,ME_03,<TYPE style=Normal><FONT face='G' size=20>だれー？</TYPE>,<TYPE style=Normal><FONT face='G' size=20>是谁呀——？</TYPE>
P01_06.txt,61,ME_01,"<TYPE style=Normal>ははは<BR>,遅くなってごめん,<BR>僕だよ</TYPE>","<TYPE style=Normal>哈哈哈<BR>,来晚了抱歉,<BR>是我哦</TYPE>"
P01_06.txt,63,ME_02,"<TYPE style=Normal>荷物が多くてね,<BR>手がふさがってるんだ</TYPE>","<TYPE style=Normal>因为行李有点多呢,<BR>两只手都占着呢</TYPE>"
P01_06.txt,65,ME_03,<TYPE style=Normal>開けてくれるかい</TYPE>,<TYPE style=Normal>能帮我开一下门吗</TYPE>
P01_06.txt,88,ME_01,<TYPE style=Jump><FONT size=22>！</FONT></TYPE>,<TYPE style=Jump><FONT size=22>！</FONT></TYPE>
P01_06.txt,90,ME_02,<TYPE style=Normal>ご主人様･･･</TYPE>,<TYPE style=Normal>主人･･･</TYPE>
P01_06.txt,92,ME_04,<TYPE style=Normal>そーじさん！</TYPE>,<TYPE style=Normal>宗慈先生！</TYPE>
P01_06.txt,94,ME_03,<TYPE style=Normal><FONT face='G' size=20>せんせ～..<BR>やた～</TYPE>,<TYPE style=Normal><FONT face='G' size=20>老师〜..<BR>太棒啦〜</TYPE>
P01_06.txt,130,ME_01,<TYPE style=Fade interval=80 speed=1500><FONT size=24 face='G'>おかえりなさーい</TYPE>,<TYPE style=Fade interval=80 speed=1500><FONT size=24 face='G'>欢迎回来——</TYPE>
P01_06.txt,132,ME_02,<TYPE style=Fade interval=80 speed=1500><FONT size=26>お帰りなさーい<FONT size=22>っ</TYPE>,<TYPE style=Fade interval=80 speed=1500><FONT size=26>欢迎回来<FONT size=22>——</TYPE>
P01_06.txt,134,ME_03,<TYPE style=Fade interval=80 speed=1500><FONT size=22>お帰りなさーい</TYPE>,<TYPE style=Fade interval=80 speed=1500><FONT size=22>欢迎回来</TYPE>
P01_06_2.txt,8,ME_01,<TYPE style=Normal>どちらさまですか？</TYPE>,<TYPE style=Normal>请问是哪位？</TYPE>
P01_06_2.txt,10,ME_02,"<TYPE style=Normal>もー　,今度は誰ー？</TYPE>","<TYPE style=Normal>真是的 ,这次又是谁啊——？</TYPE>"
P01_06_2.txt,12,ME_03,<TYPE style=Normal><FONT face='G' size=20>だれー？</TYPE>,<TYPE style=Normal><FONT face='G' size=20>是谁呀——？</TYPE>
P01_06_2.txt,61,ME_01,"<TYPE style=Normal>ははは<BR>,遅くなってごめん,<BR>僕だよ<TYPE style=Spring interval=500 speed=500>～</TYPE>ん</TYPE>","<TYPE style=Normal>哈哈哈<BR>,来晚了抱歉,<BR>是我哟<TYPE style=Spring interval=500 speed=500>〜</TYPE>哦</TYPE>"
P01_06_2.txt,63,ME_02,"<TYPE style=Normal>荷物が多くてね,<BR>手がふさがってるんだぁ</TYPE>","<TYPE style=Normal>因为行李有点多呢,<BR>两只手都占着呢——</TYPE>"
P01_06_2.txt,65,ME_03,<TYPE style=Normal>開けてくれるか<TYPE style=Spring interval=500 speed=500>～</TYPE>い</TYPE>,<TYPE style=Normal>能帮我开一下门吗<TYPE style=Spring interval=500 speed=500>〜</TYPE>啊</TYPE>
P01_06_2.txt,88,ME_01,<TYPE style=Jump><FONT size=22>！</FONT></TYPE>,<TYPE style=Jump><FONT size=22>！</FONT></TYPE>
P01_06_2.txt,90,ME_02,<TYPE style=Normal>ご主人様･･･</TYPE>,<TYPE style=Normal>主人･･･</TYPE>
P01_06_2.txt,92,ME_04,<TYPE style=Normal>そーじさん！</TYPE>,<TYPE style=Normal>宗慈先生！</TYPE>
P01_06_2.txt,94,ME_03,<TYPE style=Normal><FONT face='G' size=20>せんせ～..<BR>やた～</TYPE>,<TYPE style=Normal><FONT face='G' size=20>老师〜..<BR>太棒啦〜</TYPE>
P01_06_2.txt,130,ME_01,<TYPE style=Fade interval=80 speed=1500><FONT size=24 face='G'>おかえりなさーい</TYPE>,<TYPE style=Fade interval=80 speed=1500><FONT size=24 face='G'>欢迎回来——</TYPE>
P01_06_2.txt,132,ME_02,<TYPE style=Fade interval=80 speed=1500><FONT size=26>お帰りなさーい<FONT size=22>っ</TYPE>,<TYPE style=Fade interval=80 speed=1500><FONT size=26>欢迎回来<FONT size=22>——</TYPE>
P01_06_2.txt,134,ME_03,<TYPE style=Fade interval=80 speed=1500><FONT size=22>お帰りなさーい</TYPE>,<TYPE style=Fade interval=80 speed=1500><FONT size=22>欢迎回来</TYPE>
SCENE_00.txt,23,選択Ａ◇久しぶり,<TYPE interval=0><FONT color=red>久しぶりに品藤と<BR>話をするのもいいかな</FONT></TYPE>,<TYPE interval=0><FONT color=red>久违地和品藤<BR>聊聊也不错吧</FONT></TYPE>
SCENE_00.txt,27,選択Ｂ◇発注,<TYPE interval=0><FONT color=red>発注した戦闘装備の様子を<BR>聞きに行くか,<TYPE interval=0><FONT color=red>去问问订购的战斗装备<BR>进展如何吧
SCENE_00.txt,31,選択Ｃ◇頼んでいた,<TYPE interval=0><FONT color=red>頼んでいた薬が<BR>もう出来ている頃かもしれない,<TYPE interval=0><FONT color=red>拜托做的药<BR>差不多该做好了吧
SCENE_00.txt,131,説明◇情報センター,"<FONT size=21 color=white><TYPE interval=65>古痕全体の情報を管理しているセンター。,..<BR>何か問題が起こったらとりあえずここへ、..と言う位置付けか。,..<BR>レベルの低い問題からトップレベルの機密まで管理している。,..<BR>ここの部長をしている品藤は、...もしかするとこの組織を...<BR>誰よりも知っているのかも知れない。</TYPE>","<FONT size=21 color=white><TYPE interval=65>管理着整个古痕信息的中心。,..<BR>“如果出了什么问题总之先来这里”，..是这样的定位吗。,..<BR>管理着从低级别问题到最高级别机密的一切。,..<BR>在这里担任部长的品藤，...说不定对这个组织...<BR>...比任何人都要了解。</TYPE>"
SCENE_00.txt,148,津名川セリフ◇知らない,<TYPE interval=60>知らない顔ばかりだ,<TYPE interval=60>全是不认识的面孔啊。
SCENE_00.txt,154,津名川セリフ◇品藤さん,<TYPE interval=80>品藤さん...<TYPE interval=60>･･････</TYPE>は.<BR>いるかな,<TYPE interval=80>品藤小姐･･････<TYPE interval=60>･･････</TYPE>在<BR>不在呢。
SCENE_00.txt,161,スタッフセリフ◇あ,<TYPE interval=75>あ...　はい..<BR>部長ですか..<BR>えーと<TYPE interval=60>･･････,<TYPE interval=75>啊･･････ 是的･･････<BR>您找部长吗･･････<BR>那个<TYPE interval=60>･･････
SCENE_00.txt,165,スタッフセリフ◇えーと,<TYPE interval=65>たぶん<BR>...資料室の方にいると.<BR>思いますけど,<TYPE interval=65>应该<BR>･･････在资料室那边<BR>吧。
SCENE_00.txt,168,スタッフセリフ◇右奥の,<TYPE interval=80>右奥の方です,<TYPE interval=80>在右后方。
SCENE_00.txt,177,スタッフセリフ◇引越しが,<TYPE interval=60>引越しがまだ終わってなくて...<BR>ここのところ毎日こもって.<BR>整理しているんです,<TYPE interval=60>搬家还没弄完･･････<BR>这几天每天都窝在里面<BR>整理东西呢。
SCENE_00.txt,181,津名川セリフ◇ありが,ありがとう,谢谢
SCENE_00.txt,206,津名川セリフ◇やあ,"<TYPE interval=50>･･････</TYPE>やあ<BR>,お久しぶり",<TYPE interval=50>･･････</TYPE>哟<BR>好久不见。
SCENE_00.txt,219,品藤セリフ◇あら,"<TYPE interval=80>あら,<BR>会いにきてくれたの？","<TYPE interval=80>哎呀,<BR>来看我了吗？"
SCENE_00.txt,225,品藤セリフ◇お久しぶり,<TYPE interval=90>もう..一年ぶり<BR>くらいかしら,<TYPE interval=90>大概･･････有一年<BR>没见了吧。
SCENE_00.txt,229,津名川セリフ◇元気,元気？,最近好吗？
SCENE_00.txt,245,品藤セリフ◇ええ,"<TYPE interval=90>ええ　<BR>,あなたも元気そう",<TYPE interval=90>嗯　<BR>你看上去也挺好。
SCENE_00.txt,249,津名川セリフ◇そうかな,そうかな,有吗
SCENE_00.txt,255,品藤セリフ◇うん,"うん<TYPE interval=50>･･････</TYPE><BR>,<TYPE interval=90>新しい施設には慣れた？",嗯<TYPE interval=50>･･････</TYPE><BR><TYPE interval=90>新设施还习惯吗？
SCENE_00.txt,259,津名川セリフ◇まあ,まあ...　それなりに,嘛･･････ 还行吧。
SCENE_00.txt,263,津名川セリフ◇そんなに,そんなに使う場所も<BR>ないからね,毕竟也没什么<BR>需要用的地方。
SCENE_00.txt,281,津名川セリフ◇今,今　どうしてるの？,最近怎么样？
SCENE_00.txt,287,品藤セリフ◇なにが,なにが？,指什么？
SCENE_00.txt,293,津名川セリフ◇いや,<TYPE interval=75>いや...　いい人でも..<BR>できたかなってさ,<TYPE interval=75>没･･････ 就是想着有没有<BR>遇到什么好对象呢。
SCENE_00.txt,297,品藤セリフ◆どうかしら,"<TYPE interval=90>どうかしら,<BR>あなたは？","<TYPE interval=90>谁知道呢,<BR>你呢？"
SCENE_00.txt,308,選択◇あの子,<TYPE interval=0><FONT color=red>あの子たちで<BR>手一杯だよ,<TYPE interval=0><FONT color=red>光照顾那些孩子<BR>就够忙了
SCENE_00.txt,309,選択◇さあ,<TYPE interval=0><FONT color=red>さあ,<TYPE interval=0><FONT color=red>这个嘛
SCENE_00.txt,310,選択◇いるよ,<TYPE interval=0><FONT color=red>いるよ,<TYPE interval=0><FONT color=red>有啊
SCENE_00.txt,336,品藤セリフ◇そうね,"そうね<BR>,<TYPE interval=50>･･････</TYPE>でも","也是呢<BR>,<TYPE interval=50>･･････</TYPE>不过"
SCENE_00.txt,342,品藤セリフ◇あなたは,<TYPE interval=90>あなたは一人で<BR>作っちゃったけど....<BR>私は相手がいないの,<TYPE interval=90>你虽然是一个人<BR>弄出来的･･････<BR>但我连个对象都没有呢。
SCENE_00.txt,346,津名川セリフ◇そうか,<TYPE interval=50>･･････</TYPE>そうか,<TYPE interval=50>･･････</TYPE>这样啊。
SCENE_00.txt,358,品藤セリフ◇あいかわらず,<TYPE interval=90>あいかわらず.<BR>かわいいのね,<TYPE interval=90>还是老样子.<BR>真可爱呢。
SCENE_00.txt,362,津名川セリフ◇そうだね,そうだね...<BR>ときどき自分でも<BR>親バカかと思うよ,是啊･･････<BR>有时候连我自己都<BR>觉得是个溺爱孩子的笨蛋家长呢。
SCENE_00.txt,370,品藤セリフ◇ううん,<TYPE interval=90>ううん,<TYPE interval=90>不会啊。
SCENE_00.txt,374,津名川セリフ◇え？,え？,诶？
SCENE_00.txt,378,品藤セリフ◇あなたの,<TYPE interval=90>あなたのことよ,<TYPE interval=90>说的是你呀
SCENE_00.txt,382,品藤セリフ◇なんか,"な～んか..<BR>また<TYPE interval=60>･･････</TYPE>,ううん...<BR><TYPE interval=80>なんでもないや",总觉得･･････<BR>又<TYPE interval=60>･･････</TYPE>，不对･･････<BR><TYPE interval=80>没什么
SCENE_00.txt,397,津名川セリフ◇仕事,<TYPE interval=50>･･････</TYPE>仕事..<BR>邪魔してごめんね,<TYPE interval=50>･･････</TYPE>工作･･････<BR>打扰你了吧
SCENE_00.txt,403,品藤セリフ◇ねえ,"ううん,<BR>ねえ...　津名川くん","没有啦,<BR>我说･･････津名川君"
SCENE_00.txt,407,品藤セリフ◇いろんなこと,いろんなこと...<BR>まだ覚えてる？,各种事情･･････<BR>还记得吗？
SCENE_00.txt,411,津名川セリフ◇全部,<TYPE interval=110>覚えてるよ...<BR>全部,<TYPE interval=110>记得哦･･････<BR>全都记得
SCENE_00.txt,426,品藤セリフ◇そう,そう...<BR><TYPE interval=56>それならそれで良し！,这样啊･･････<BR><TYPE interval=56>那就好！
SCENE_00.txt,432,津名川セリフ◇いいのかい,<TYPE interval=80>いいのかい？,<TYPE interval=80>这样好吗？
SCENE_00.txt,436,品藤セリフ◇充分,<TYPE interval=80>いいのよ,<TYPE interval=80>没关系啦
SCENE_00.txt,440,津名川セリフ◇そうか,<TYPE interval=90>そうか,<TYPE interval=90>这样啊
SCENE_00.txt,477,津名川セリフ◇あの子,あの子たちで<BR>手一杯だよ,光照顾那些孩子<BR>就够忙了
SCENE_00.txt,500,品藤セリフ◇そう,そう,这样啊
SCENE_00.txt,507,品藤セリフ◇変わったね,"<TYPE interval=90>変わったね,<BR>津名川くん","<TYPE interval=90>你变了呢,<BR>津名川君"
SCENE_00.txt,511,津名川セリフ◇かな,そうかな,有吗
SCENE_00.txt,517,品藤セリフ◇うん少し,"<TYPE interval=90>うん,　少し<BR>頼もしくなった....<BR>お父さんだし",<TYPE interval=90>嗯，变得<BR>稍微可靠了些･･････<BR>毕竟都是父亲了嘛
SCENE_00.txt,528,品藤セリフ◇私も,<TYPE interval=50>･･････</TYPE><TYPE interval=75>私も<BR>..子供ほしかったな,<TYPE interval=50>･･････</TYPE><TYPE interval=75>我也<BR>･･････想要个孩子呢
SCENE_00.txt,532,津名川セリフ◇作れば,<TYPE interval=65>作ればいいじゃないか....<BR>これから,<TYPE interval=65>以后生一个不就好了嘛･･････<BR>从现在开始
SCENE_00.txt,551,津名川セリフ◇いるよ,いるよ,有啊
SCENE_00.txt,574,品藤セリフ◇そうよね,"<TYPE interval=90>そうよね　,津名川くん...<BR>もてそうだから",<TYPE interval=90>也是呢，津名川君･･････<BR>毕竟你看起来挺受欢迎的
SCENE_00.txt,580,津名川セリフ◇そうかい,そうかい？,是吗？
SCENE_00.txt,586,品藤セリフ◇ええ,"<TYPE interval=90>ええ,　センターの子達も<BR>あなたのこと話してたわよ",<TYPE interval=90>嗯，中心的女孩们<BR>也在议论你哦
SCENE_00.txt,590,品藤セリフ◇かわいい,<TYPE interval=80>かわいい...って,<TYPE interval=80>说你很･･････可爱
SCENE_00.txt,603,津名川セリフ◇はは,はは<TYPE interval=60>･･････</TYPE>...　どう<BR>リアクションしていいのかな,哈哈<TYPE interval=60>･･････</TYPE>･･････ 我<BR>该怎么反应才好呢
SCENE_00.txt,607,品藤セリフ◇ふふ,<TYPE interval=70>ふふっ,<TYPE interval=70>呵呵
SCENE_00.txt,616,品藤セリフ◇でも,"でも,　津名川くん..<BR><TYPE interval=60>･･････</TYPE>もうお父さん...<BR>なんだよね",不过，津名川君･･････<BR><TYPE interval=60>･･････</TYPE>已经是爸爸了･･････<BR>呢
SCENE_00.txt,621,津名川セリフ◇うん,<TYPE interval=50>･･････</TYPE>うん,<TYPE interval=50>･･････</TYPE>嗯
SCENE_00.txt,630,品藤セリフ◇私も,"<TYPE interval=110>私も子供,<BR>欲しかったな",<TYPE interval=110>我也挺想要<BR>个孩子的呢
SCENE_00.txt,634,津名川セリフ◇作れば,作ればいいじゃないか...<BR>これから,以后生不就好了嘛･･････<BR>从现在开始
SCENE_00.txt,651,津名川セリフ◇さあ,さあ,这个嘛
SCENE_00.txt,674,品藤セリフ◇あらら,<TYPE interval=90>あらら...<BR>はぐらかされちゃった<BR>みたいね,<TYPE interval=90>哎呀呀･･････<BR>看来是被<BR>岔开话题了呢
SCENE_00.txt,680,品藤セリフ◇津名,<TYPE interval=90>津名川くんも<BR>すみにはおけないなあ,<TYPE interval=90>津名川君<BR>也真是不可小觑呢
SCENE_00.txt,684,津名川セリフ◇はは,はは<TYPE interval=50>･･････</TYPE>....<BR>からかわないでくれよ,哈哈<TYPE interval=50>･･････</TYPE>･･････<BR>别开我玩笑了
SCENE_00.txt,696,品藤セリフ◇でも,"でも,　津名川くん..<BR><TYPE interval=60>･･････</TYPE>もうお父さん...<BR>なんだよね",不过，津名川君･･････<BR><TYPE interval=60>･･････</TYPE>已经是爸爸了･･････<BR>呢
SCENE_00.txt,701,津名川セリフ◇うん,<TYPE interval=50>･･････</TYPE>うん,<TYPE interval=50>･･････</TYPE>嗯
SCENE_00.txt,710,品藤セリフ◇私も,"<TYPE interval=110>私も子供,<BR>欲しかったな",<TYPE interval=110>我也挺想要<BR>个孩子的呢
SCENE_00.txt,714,津名川セリフ◇作れば,作ればいいじゃないか...<BR>これから,以后生不就好了嘛･･････<BR>从现在开始
SCENE_00.txt,749,上代セリフ◇おっ,"<TYPE interval=80>おっ,<BR>津名じゃないか","<TYPE interval=80>哦,<BR>这不是津名嘛"
SCENE_00.txt,758,上代セリフ◇テスト,"<TYPE interval=80>テスト終わったんだ,<BR>透花ちゃんらは？","<TYPE interval=80>考试结束了啊,<BR>透花她们呢？"
SCENE_00.txt,773,津名川セリフ◇お前,<TYPE interval=60>･･････</TYPE><TYPE interval=110>お前も<BR>今日　来てたのか,<TYPE interval=60>･･････</TYPE><TYPE interval=110>你今天<BR>也来了啊
SCENE_00.txt,779,津名川セリフ◇あの子,あの子らは.まだ実験が<BR>終わったばっかりだから...<BR><TYPE interval=60>･･････</TYPE>シャワー室かな,那几个孩子实验<BR>才刚结束･･････<BR><TYPE interval=60>･･････</TYPE>大概去淋浴间了吧
SCENE_00.txt,789,上代セリフ◇なんだよ,"<TYPE interval=70>なんだよ～！,<BR>来るなら一緒に来てよ～",<TYPE interval=70>什么嘛〜！<BR>要来就一起过来啊〜
SCENE_00.txt,793,上代セリフ◇あ～あ,"<TYPE interval=80>あ～あ...　がっかり,..<BR>後で連れて来てよね",<TYPE interval=80>啊〜･･････真扫兴･･････<BR>待会儿可得带过来哦
SCENE_00.txt,797,津名川セリフ◇はっきり,<TYPE interval=90>はっきりした<BR>ヤツだな,<TYPE interval=90>真是个<BR>直性子啊
SCENE_00.txt,807,津名川セリフ◇例の,例の頼んでおいたヤツは<BR>どうなった？,之前拜托你的那东西<BR>怎么样了？
SCENE_00.txt,811,上代セリフ◇あーあれ,"<TYPE interval=80>あー..　あれ,<BR>ダマスカス剣の方は...<BR>そろそろあがりそうだよ","<TYPE interval=80>啊･･････那个,<BR>大马士革剑那边･･････<BR>差不多快完工了"
SCENE_00.txt,815,上代セリフ◇この間,<TYPE interval=80>この間見てきたけど..<BR>芸術品だね...　ありゃ,<TYPE interval=80>前阵子去看了看..<BR>简直是艺术品呢... 那个啊
SCENE_00.txt,824,上代セリフ◇ワイヤー,<TYPE interval=80>ワイヤーの方は...<BR>なかなかパワーのあるモーターが<BR>作れなくて..苦労してる<TYPE>,<TYPE interval=80>线缆那边･･････<BR>一直做不出动力够强的马达･･････<BR>费了不少劲<TYPE>
SCENE_00.txt,828,上代セリフ◇静音,<TYPE interval=70>静音性能も考えると...<BR>リング式のモーターしかない<BR>とは思うんだけどね,<TYPE interval=70>不过考虑到静音性能･･････<BR>感觉只能用环形马达了<BR>呢
SCENE_00.txt,832,上代セリフ◇そうすると,<TYPE interval=80>そうするとパワーが<BR>出ないんだよ,<TYPE interval=80>可那样一来动力<BR>又不够啊
SCENE_00.txt,841,津名川セリフ◇そっち,そっちが本命なんだから....<BR>頼むよ,那边才是重头戏･･････<BR>拜托了
SCENE_00.txt,845,上代セリフ◇がんばってる,"<TYPE interval=70>がんばってるよ,<BR>これでもかなり前倒しで<BR>進めてるんだから","<TYPE interval=70>我已经很努力了,<BR>这都已经大幅提前<BR>进度了"
SCENE_00.txt,849,上代セリフ◇ただ,<TYPE interval=70>ただでさえ...<BR>最近は高宮研がうるさいのに,<TYPE interval=70>本来･･････<BR>最近高宫实验室就够烦人了
SCENE_00.txt,856,上代セリフ◇私の,<TYPE interval=80>私の透花ちゃんを<BR>愛してるから..<BR>ここまでできるんだよ,<TYPE interval=80>因为我<BR>爱着我的透花啊･･････<BR>才能做到这一步
SCENE_00.txt,875,津名川セリフ◇分かった,分かった　分かった,知道了 知道了
SCENE_00.txt,879,津名川セリフ◇透花,<TYPE interval=50>透花は..お前のものじゃ<BR>ないけどな,<TYPE interval=50>透花･･････可不是你的<BR>东西哦
SCENE_00.txt,884,上代セリフ◇デート,<TYPE interval=90>分かってるなら...<BR>デートさせてよ</TYPE><TYPE speed=1000 style=Spring>～</TYPE>,<TYPE interval=90>既然知道･･････<BR>就让我跟她约会吧</TYPE><TYPE speed=1000 style=Spring>〜</TYPE>
SCENE_00.txt,895,選択◇かわり,<FONT color=red><TYPE interval=0>かわりに俺じゃ<BR>だめかい？,<FONT color=red><TYPE interval=0>换成我的话<BR>不行吗？
SCENE_00.txt,896,選択◇それは,<FONT color=red><TYPE interval=0>それは危険すぎるから<BR>駄目だ,<FONT color=red><TYPE interval=0>那太危险了<BR>不行
SCENE_00.txt,938,津名川セリフ◇かわり,かわりに俺じゃ..<BR>駄目かい？,那换成我･･････<BR>不行吗？
SCENE_00.txt,947,上代セリフ◇は,"<TYPE interval=60>はっ....　な～んであたしが,<BR>“男”とデートするわけっ",<TYPE interval=60>哈･･････我干嘛要<BR>跟“男人”约会啊
SCENE_00.txt,958,上代セリフ◇とりはだ,<TYPE interval=60>考えただけで...<BR>鳥肌もんよっ,<TYPE interval=60>光想想就･･････<BR>直起鸡皮疙瘩
SCENE_00.txt,962,上代セリフ◇トリハダ,<FONT size=20><TYPE interval=60>ト.リ.ハ.ダ.</TYPE>もんっ,<FONT size=20><TYPE interval=60>起。鸡。皮。疙。瘩。了。</TYPE>啦
SCENE_00.txt,973,津名川セリフ◇すまない,すまない<TYPE interval=50>･･････,抱歉<TYPE interval=50>･･････
SCENE_00.txt,978,津名川セリフ◇愚問,愚問だったよ,真是个蠢问题
SCENE_00.txt,1003,津名川セリフ◇それは,それは危険すぎるからダメだ,那太危险了，绝对不行
SCENE_00.txt,1008,上代セリフ◇ケチ,"<TYPE interval=70>ケチなヤツだな～！,<BR><TYPE interval=90>あたしが何するって<BR>いうんだよ","<TYPE interval=70>真小气〜！,<BR><TYPE interval=90>你说人家<BR>要干嘛嘛"
SCENE_00.txt,1012,津名川セリフ◇何って,何って...<TYPE interval=60>･･････</TYPE>じゃあ<BR>..<TYPE interval=90>デートって..何するつもりなんだ,干嘛･･････<TYPE interval=60>･･････</TYPE>那<BR>･･････<TYPE interval=90>约会･･････你打算做什么啊
SCENE_00.txt,1023,上代セリフ◇うっ,"うっ,　それは<TYPE interval=70>･･････</TYPE>,て,<BR>手をつないだり<TYPE interval=60>･･････</TYPE><BR>,それから<TYPE interval=50>･･････</TYPE>",呜，那个<TYPE interval=70>･･････</TYPE>就、<BR>牵牵手什么的<TYPE interval=60>･･････</TYPE><BR>然后<TYPE interval=50>･･････</TYPE>
SCENE_00.txt,1032,津名川セリフ◇･･････,"<TYPE interval=50>･･････</TYPE>なにを照れてるんだ,<BR>変なところでつまられると.<BR>こっちが恥ずかしいよ","<TYPE interval=50>･･････</TYPE>你害羞什么啊,<BR>在这种奇怪的地方结巴的话,<BR>弄得我也怪不好意思的"
SCENE_00.txt,1042,上代セリフ◇わ,"<TYPE interval=70>わ...　分かったよ,<BR><TYPE interval=80>それはまた今度で<BR>いいからさ～","<TYPE interval=70>知･･････知道了啦,<BR><TYPE interval=80>那个下次再<BR>说吧〜"
SCENE_00.txt,1046,上代セリフ◇あとで,"<TYPE interval=80>あとで連れて来てよ～,<BR>頼むよ～","<TYPE interval=80>回头带我去嘛〜,<BR>拜托啦〜"
SCENE_00.txt,1050,津名川セリフ◇考えて,<TYPE interval=60>･･････</TYPE><TYPE interval=110>考えとくよ,<TYPE interval=60>･･････</TYPE><TYPE interval=110>我考虑考虑
SCENE_00.txt,1086,津名川セリフ◇えーと,<TYPE interval=75>えーと..　製薬を<BR>頼んでいたんだけど,<TYPE interval=75>那个･･････ 之前委托<BR>制药的事
SCENE_00.txt,1099,薬学研セリフ◇ああ,"ああ<TYPE interval=60>･･････</TYPE>,<BR>津名川さん","啊<TYPE interval=60>･･････</TYPE>,<BR>津名川先生"
SCENE_00.txt,1103,薬学研セリフ◇なんと,<TYPE interval=75>なんといいますか...<BR>あの薬はウチでは<BR>出来なかったんですよ,<TYPE interval=75>该怎么说呢･･････<BR>那种药我们这边<BR>没能研制出来
SCENE_00.txt,1107,薬学研セリフ◇今,<TYPE interval=70>今..　奥平博士のほうに.<BR>回してますけど,<TYPE interval=70>现在･･････ 已经转交给<BR>奥平博士那边了
SCENE_00.txt,1111,津名川セリフ◇へえ,へえ,这样啊
SCENE_00.txt,1122,薬学研セリフ◇御存知,<TYPE interval=55>御存知ですか？..<BR>精神系の薬剤製薬の<BR>エキスパートなんですけど,<TYPE interval=55>您知道吗？･･････<BR>他可是精神类药物研制<BR>方面的专家
SCENE_00.txt,1126,薬学研セリフ◇あの人,<TYPE interval=65>あの人に出来なかったら...<BR>もう誰にもお手上げです,<TYPE interval=65>如果连他都做不出来･･････<BR>那就谁也没辙了
SCENE_00.txt,1130,薬学研セリフ◇要求条件,<TYPE interval=75>要求条件が<BR>厳しすぎるんですよ,<TYPE interval=75>要求条件<BR>实在太苛刻了
SCENE_00.txt,1140,薬学研セリフ◇こっち,<TYPE interval=90>こっちでも..<BR>それに近いモノは<BR>出来てるんですが,<TYPE interval=90>我们这边･･････<BR>也做出了<BR>与之相近的东西
SCENE_00.txt,1144,薬学研セリフ◇なにしろ,なにしろ副作用が酷くて..<BR>実験できませんし<TYPE interval=60>･･････,毕竟副作用太严重了･･････<BR>没法拿来做实验<TYPE interval=60>･･････
SCENE_00.txt,1153,津名川セリフ◇そう,<TYPE interval=110>そう...<BR>奥平さんか,<TYPE interval=110>这样啊･･････<BR>是奥平啊
SCENE_00.txt,1157,津名川セリフ◇古痕,<TYPE interval=65><RUBY text='ここん'>古痕</RUBY>に入ってまもない頃...<BR>薬で世話になったな,<TYPE interval=65>刚进入古痕不久的时候...<BR>在药物方面承蒙照顾了呢
SCENE_00.txt,1161,津名川セリフ◇じゃあ,<TYPE interval=90>じゃあ...<BR>安心して任せておくよ,<TYPE interval=90>那･･････<BR>就放心交给他吧
SCENE_00.txt,1171,津名川セリフ◇できる,<TYPE interval=80>でも...　できるだけ急ぐように..<BR>伝えておいてくれないかな,<TYPE interval=80>不过･･････ 尽量催他快点･･････<BR>帮我传达一下吧
SCENE_00.txt,1175,薬学研セリフ◇わかり,わかりました,明白了
SCENE_01.txt,23,選択Ａ◇久しぶり,<TYPE interval=0><FONT color=red>久しぶりに品藤と<BR>話をするのもいいかな</FONT></TYPE>,<TYPE interval=0><FONT color=red>久违地和品藤<BR>聊聊也不错吧</FONT></TYPE>
SCENE_01.txt,27,選択Ｂ◇発注,<TYPE interval=0><FONT color=red>発注した戦闘装備の様子を<BR>聞きに行くか,<TYPE interval=0><FONT color=red>去问问订购的战斗装备<BR>进展如何吧
SCENE_01.txt,31,選択Ｃ◇頼んでいた,<TYPE interval=0><FONT color=red>頼んでいた薬が<BR>もう出来ている頃かもしれない,<TYPE interval=0><FONT color=red>拜托做的药<BR>差不多该做好了吧
SCENE_01.txt,131,説明◇情報センター,"<FONT size=21 color=white><TYPE interval=65>古痕全体の情報を管理しているセンター。,..<BR>何か問題が起こったらとりあえずここへ、..と言う位置付けか。,..<BR>レベルの低い問題からトップレベルの機密まで管理している。,..<BR>ここの部長をしている品藤は、...もしかするとこの組織を...<BR>誰よりも知っているのかも知れない。</TYPE>","<FONT size=21 color=white><TYPE interval=65>管理着整个古痕信息的中心。,..<BR>“如果出了什么问题总之先来这里”，..是这样的定位吗。,..<BR>管理着从低级别问题到最高级别机密的一切。,..<BR>在这里担任部长的品藤，...说不定对这个组织...<BR>...比任何人都要了解。</TYPE>"
SCENE_01.txt,148,津名川セリフ◇知らない,<TYPE interval=60>知らない顔ばかりだ,<TYPE interval=60>全是不认识的面孔啊。
SCENE_01.txt,154,津名川セリフ◇品藤さん,<TYPE interval=80>品藤さん...<TYPE interval=60>･･････</TYPE>は.<BR>いるかな,<TYPE interval=80>品藤小姐･･････<TYPE interval=60>･･････</TYPE>在<BR>不在呢。
SCENE_01.txt,161,スタッフセリフ◇あ,<TYPE interval=75>あ...　はい..<BR>部長ですか..<BR>えーと<TYPE interval=60>･･････,<TYPE interval=75>啊･･････ 是的･･････<BR>您找部长吗･･････<BR>那个<TYPE interval=60>･･････
SCENE_01.txt,165,スタッフセリフ◇えーと,<TYPE interval=65>たぶん<BR>...資料室の方にいると.<BR>思いますけど,<TYPE interval=65>应该<BR>･･････在资料室那边<BR>吧。
SCENE_01.txt,168,スタッフセリフ◇右奥の,<TYPE interval=80>右奥の方です,<TYPE interval=80>在右后方。
SCENE_01.txt,177,スタッフセリフ◇引越しが,<TYPE interval=60>引越しがまだ終わってなくて...<BR>ここのところ毎日こもって.<BR>整理しているんです,<TYPE interval=60>搬家还没弄完･･････<BR>这几天每天都窝在里面<BR>整理东西呢。
SCENE_01.txt,181,津名川セリフ◇ありが,ありがとう,谢谢
SCENE_01.txt,206,津名川セリフ◇やあ,"<TYPE interval=50>･･････</TYPE>やあ<BR>,お久しぶり",<TYPE interval=50>･･････</TYPE>哟<BR>好久不见。
SCENE_01.txt,219,品藤セリフ◇あら,"<TYPE interval=80>あら,<BR>会いにきてくれたの？","<TYPE interval=80>哎呀,<BR>来看我了吗？"
SCENE_01.txt,225,品藤セリフ◇お久しぶり,<TYPE interval=90>もう..一年ぶり<BR>くらいかしら,<TYPE interval=90>大概･･････有一年<BR>没见了吧。
SCENE_01.txt,229,津名川セリフ◇元気,元気？,最近好吗？
SCENE_01.txt,245,品藤セリフ◇ええ,"<TYPE interval=90>ええ　<BR>,あなたも元気そう",<TYPE interval=90>嗯　<BR>你看上去也挺好。
SCENE_01.txt,249,津名川セリフ◇そうかな,そうかな,有吗
SCENE_01.txt,255,品藤セリフ◇うん,"うん<TYPE interval=50>･･････</TYPE><BR>,<TYPE interval=90>新しい施設には慣れた？",嗯<TYPE interval=50>･･････</TYPE><BR><TYPE interval=90>新设施还习惯吗？
SCENE_01.txt,259,津名川セリフ◇まあ,まあ...　それなりに,嘛･･････ 还行吧。
SCENE_01.txt,263,津名川セリフ◇そんなに,そんなに使う場所も<BR>ないからね,毕竟也没什么<BR>需要用的地方。
SCENE_01.txt,281,津名川セリフ◇今,今　どうしてるの？,最近怎么样？
SCENE_01.txt,287,品藤セリフ◇なにが,なにが？,指什么？
SCENE_01.txt,293,津名川セリフ◇いや,<TYPE interval=75>いや...　いい人でも..<BR>できたかなってさ,<TYPE interval=75>没･･････ 就是想着有没有<BR>遇到什么好对象呢。
SCENE_01.txt,297,品藤セリフ◆どうかしら,"<TYPE interval=90>どうかしら,<BR>あなたは？","<TYPE interval=90>谁知道呢,<BR>你呢？"
SCENE_01.txt,308,選択◇あの子,<TYPE interval=0><FONT color=red>あの子たちで<BR>手一杯だよ,<TYPE interval=0><FONT color=red>光照顾那些孩子<BR>就够忙了
SCENE_01.txt,309,選択◇さあ,<TYPE interval=0><FONT color=red>さあ,<TYPE interval=0><FONT color=red>这个嘛
SCENE_01.txt,310,選択◇いるよ,<TYPE interval=0><FONT color=red>いるよ,<TYPE interval=0><FONT color=red>有啊
SCENE_01.txt,336,品藤セリフ◇そうね,"そうね<BR>,<TYPE interval=50>･･････</TYPE>でも","也是呢<BR>,<TYPE interval=50>･･････</TYPE>不过"
SCENE_01.txt,342,品藤セリフ◇あなたは,<TYPE interval=90>あなたは一人で<BR>作っちゃったけど....<BR>私は相手がいないの,<TYPE interval=90>你虽然是一个人<BR>弄出来的･･････<BR>但我连个对象都没有呢。
SCENE_01.txt,346,津名川セリフ◇そうか,<TYPE interval=50>･･････</TYPE>そうか,<TYPE interval=50>･･････</TYPE>这样啊。
SCENE_01.txt,358,品藤セリフ◇あいかわらず,<TYPE interval=90>あいかわらず.<BR>かわいいのね,<TYPE interval=90>还是老样子.<BR>真可爱呢。
SCENE_01.txt,362,津名川セリフ◇そうだね,そうだね...<BR>ときどき自分でも<BR>親バカかと思うよ,是啊･･････<BR>有时候连我自己都<BR>觉得是个溺爱孩子的笨蛋家长呢。
SCENE_01.txt,370,品藤セリフ◇ううん,<TYPE interval=90>ううん,<TYPE interval=90>不会啊。
SCENE_01.txt,374,津名川セリフ◇え？,え？,诶？
SCENE_01.txt,378,品藤セリフ◇あなたの,<TYPE interval=90>あなたのことよ,<TYPE interval=90>说的是你呀
SCENE_01.txt,382,品藤セリフ◇なんか,"な～んか..<BR>また<TYPE interval=60>･･････</TYPE>,ううん...<BR><TYPE interval=80>なんでもないや",总觉得･･････<BR>又<TYPE interval=60>･･････</TYPE>，不对･･････<BR><TYPE interval=80>没什么
SCENE_01.txt,397,津名川セリフ◇仕事,<TYPE interval=50>･･････</TYPE>仕事..<BR>邪魔してごめんね,<TYPE interval=50>･･････</TYPE>工作･･････<BR>打扰你了吧
SCENE_01.txt,403,品藤セリフ◇ねえ,"ううん,<BR>ねえ...　津名川くん","没有啦,<BR>我说･･････津名川君"
SCENE_01.txt,407,品藤セリフ◇いろんなこと,いろんなこと...<BR>まだ覚えてる？,各种事情･･････<BR>还记得吗？
SCENE_01.txt,411,津名川セリフ◇全部,<TYPE interval=110>覚えてるよ...<BR>全部,<TYPE interval=110>记得哦･･････<BR>全都记得
SCENE_01.txt,426,品藤セリフ◇そう,そう...<BR><TYPE interval=56>それならそれで良し！,这样啊･･････<BR><TYPE interval=56>那就好！
SCENE_01.txt,432,津名川セリフ◇いいのかい,<TYPE interval=80>いいのかい？,<TYPE interval=80>这样好吗？
SCENE_01.txt,436,品藤セリフ◇充分,<TYPE interval=80>いいのよ,<TYPE interval=80>没关系啦
SCENE_01.txt,440,津名川セリフ◇そうか,<TYPE interval=90>そうか,<TYPE interval=90>这样啊
SCENE_01.txt,477,津名川セリフ◇あの子,あの子たちで<BR>手一杯だよ,光照顾那些孩子<BR>就够忙了
SCENE_01.txt,500,品藤セリフ◇そう,そう,这样啊
SCENE_01.txt,507,品藤セリフ◇変わったね,"<TYPE interval=90>変わったね,<BR>津名川くん","<TYPE interval=90>你变了呢,<BR>津名川君"
SCENE_01.txt,511,津名川セリフ◇かな,そうかな,有吗
SCENE_01.txt,517,品藤セリフ◇うん少し,"<TYPE interval=90>うん,　少し<BR>頼もしくなった....<BR>お父さんだし",<TYPE interval=90>嗯，变得<BR>稍微可靠了些･･････<BR>毕竟都是父亲了嘛
SCENE_01.txt,528,品藤セリフ◇私も,<TYPE interval=50>･･････</TYPE><TYPE interval=75>私も<BR>..子供ほしかったな,<TYPE interval=50>･･････</TYPE><TYPE interval=75>我也<BR>･･････想要个孩子呢
SCENE_01.txt,532,津名川セリフ◇作れば,<TYPE interval=65>作ればいいじゃないか....<BR>これから,<TYPE interval=65>以后生一个不就好了嘛･･････<BR>从现在开始
SCENE_01.txt,551,津名川セリフ◇いるよ,いるよ,有啊
SCENE_01.txt,574,品藤セリフ◇そうよね,"<TYPE interval=90>そうよね　,津名川くん...<BR>もてそうだから",<TYPE interval=90>也是呢，津名川君･･････<BR>毕竟你看起来挺受欢迎的
SCENE_01.txt,580,津名川セリフ◇そうかい,そうかい？,是吗？
SCENE_01.txt,586,品藤セリフ◇ええ,"<TYPE interval=90>ええ,　センターの子達も<BR>あなたのこと話してたわよ",<TYPE interval=90>嗯，中心的女孩们<BR>也在议论你哦
SCENE_01.txt,590,品藤セリフ◇かわいい,<TYPE interval=80>かわいい...って,<TYPE interval=80>说你很･･････可爱
SCENE_01.txt,603,津名川セリフ◇はは,はは<TYPE interval=60>･･････</TYPE>...　どう<BR>リアクションしていいのかな,哈哈<TYPE interval=60>･･････</TYPE>･･････ 我<BR>该怎么反应才好呢
SCENE_01.txt,607,品藤セリフ◇ふふ,<TYPE interval=70>ふふっ,<TYPE interval=70>呵呵
SCENE_01.txt,616,品藤セリフ◇でも,"でも,　津名川くん..<BR><TYPE interval=60>･･････</TYPE>もうお父さん...<BR>なんだよね",不过，津名川君･･････<BR><TYPE interval=60>･･････</TYPE>已经是爸爸了･･････<BR>呢
SCENE_01.txt,621,津名川セリフ◇うん,<TYPE interval=50>･･････</TYPE>うん,<TYPE interval=50>･･････</TYPE>嗯
SCENE_01.txt,630,品藤セリフ◇私も,"<TYPE interval=110>私も子供,<BR>欲しかったな",<TYPE interval=110>我也挺想要<BR>个孩子的呢
SCENE_01.txt,634,津名川セリフ◇作れば,作ればいいじゃないか...<BR>これから,以后生不就好了嘛･･････<BR>从现在开始
SCENE_01.txt,651,津名川セリフ◇さあ,さあ,这个嘛
SCENE_01.txt,674,品藤セリフ◇あらら,<TYPE interval=90>あらら...<BR>はぐらかされちゃった<BR>みたいね,<TYPE interval=90>哎呀呀･･････<BR>看来是被<BR>岔开话题了呢
SCENE_01.txt,680,品藤セリフ◇津名,<TYPE interval=90>津名川くんも<BR>すみにはおけないなあ,<TYPE interval=90>津名川君也<BR>真是不可小觑呢
SCENE_01.txt,684,津名川セリフ◇はは,はは<TYPE interval=50>･･････</TYPE>....<BR>からかわないでくれよ,哈哈<TYPE interval=50>･･････</TYPE>･･････<BR>别开我玩笑了
SCENE_01.txt,696,品藤セリフ◇でも,"でも,　津名川くん..<BR><TYPE interval=60>･･････</TYPE>もうお父さん...<BR>なんだよね",不过，津名川君･･････<BR><TYPE interval=60>･･････</TYPE>已经是爸爸了･･････<BR>呢
SCENE_01.txt,701,津名川セリフ◇うん,<TYPE interval=50>･･････</TYPE>うん,<TYPE interval=50>･･････</TYPE>嗯
SCENE_01.txt,710,品藤セリフ◇私も,"<TYPE interval=110>私も子供,<BR>欲しかったな",<TYPE interval=110>我也挺想要<BR>个孩子的呢
SCENE_01.txt,714,津名川セリフ◇作れば,作ればいいじゃないか...<BR>これから,以后生不就好了嘛･･････<BR>从现在开始
SCENE_01.txt,749,上代セリフ◇おっ,"<TYPE interval=80>おっ,<BR>津名じゃないか","<TYPE interval=80>哦,<BR>这不是津名嘛"
SCENE_01.txt,758,上代セリフ◇テスト,"<TYPE interval=80>テスト終わったんだ,<BR>透花ちゃんらは？","<TYPE interval=80>考试结束了啊,<BR>透花她们呢？"
SCENE_01.txt,773,津名川セリフ◇お前,<TYPE interval=60>･･････</TYPE><TYPE interval=110>お前も<BR>今日　来てたのか,<TYPE interval=60>･･････</TYPE><TYPE interval=110>你今天<BR>也来了啊
SCENE_01.txt,779,津名川セリフ◇あの子,あの子らは.まだ実験が<BR>終わったばっかりだから...<BR><TYPE interval=60>･･････</TYPE>シャワー室かな,那几个孩子实验<BR>才刚结束･･････<BR><TYPE interval=60>･･････</TYPE>大概去淋浴间了吧
SCENE_01.txt,789,上代セリフ◇なんだよ,"<TYPE interval=70>なんだよ～！,<BR>来るなら一緒に来てよ～",<TYPE interval=70>什么嘛〜！<BR>要来就一起过来啊〜
SCENE_01.txt,793,上代セリフ◇あ～あ,"<TYPE interval=80>あ～あ...　がっかり,..<BR>後で連れて来てよね",<TYPE interval=80>啊〜･･････真扫兴･･････<BR>待会儿可得带过来哦
SCENE_01.txt,797,津名川セリフ◇はっきり,<TYPE interval=90>はっきりした<BR>ヤツだな,<TYPE interval=90>真是个<BR>直性子啊
SCENE_01.txt,807,津名川セリフ◇例の,例の頼んでおいたヤツは<BR>どうなった？,之前拜托你的那东西<BR>怎么样了？
SCENE_01.txt,811,上代セリフ◇あーあれ,"<TYPE interval=80>あー..　あれ,<BR>ダマスカス剣の方は...<BR>そろそろあがりそうだよ","<TYPE interval=80>啊･･････那个,<BR>大马士革剑那边･･････<BR>差不多快完工了"
SCENE_01.txt,815,上代セリフ◇この間,<TYPE interval=80>この間見てきたけど..<BR>芸術品だね...　ありゃ,<TYPE interval=80>前阵子去看了看..<BR>简直是艺术品呢... 那个啊
SCENE_01.txt,824,上代セリフ◇ワイヤー,<TYPE interval=80>ワイヤーの方は...<BR>なかなかパワーのあるモーターが<BR>作れなくて..苦労してる<TYPE>,<TYPE interval=80>线缆那边･･････<BR>一直做不出动力够强的马达･･････<BR>费了不少劲<TYPE>
SCENE_01.txt,828,上代セリフ◇静音,<TYPE interval=70>静音性能も考えると...<BR>リング式のモーターしかない<BR>とは思うんだけどね,<TYPE interval=70>不过考虑到静音性能･･････<BR>感觉只能用环形马达了<BR>呢
SCENE_01.txt,832,上代セリフ◇そうすると,<TYPE interval=80>そうするとパワーが<BR>出ないんだよ,<TYPE interval=80>可那样一来动力<BR>又不够啊
SCENE_01.txt,841,津名川セリフ◇そっち,そっちが本命なんだから....<BR>頼むよ,那边才是重头戏･･････<BR>拜托了
SCENE_01.txt,845,上代セリフ◇がんばってる,"<TYPE interval=70>がんばってるよ,<BR>これでもかなり前倒しで<BR>進めてるんだから","<TYPE interval=70>我已经很努力了,<BR>这都已经大幅提前<BR>进度了"
SCENE_01.txt,849,上代セリフ◇ただ,<TYPE interval=70>ただでさえ...<BR>最近は高宮研がうるさいのに,<TYPE interval=70>本来･･････<BR>最近高宫实验室就够烦人了
SCENE_01.txt,856,上代セリフ◇私の,<TYPE interval=80>私の透花ちゃんを<BR>愛してるから..<BR>ここまでできるんだよ,<TYPE interval=80>因为我<BR>爱着我的透花啊･･････<BR>才能做到这一步
SCENE_01.txt,875,津名川セリフ◇分かった,分かった　分かった,知道了 知道了
SCENE_01.txt,879,津名川セリフ◇透花,<TYPE interval=50>透花は..お前のものじゃ<BR>ないけどな,<TYPE interval=50>透花･･････可不是你的<BR>东西哦
SCENE_01.txt,884,上代セリフ◇デート,<TYPE interval=90>分かってるなら...<BR>デートさせてよ</TYPE><TYPE speed=1000 style=Spring>～</TYPE>,<TYPE interval=90>既然知道･･････<BR>就让我跟她约会吧</TYPE><TYPE speed=1000 style=Spring>〜</TYPE>
SCENE_01.txt,895,選択◇かわり,<FONT color=red><TYPE interval=0>かわりに俺じゃ<BR>だめかい？,<FONT color=red><TYPE interval=0>换成我的话<BR>不行吗？
SCENE_01.txt,896,選択◇それは,<FONT color=red><TYPE interval=0>それは危険すぎるから<BR>駄目だ,<FONT color=red><TYPE interval=0>那太危险了<BR>不行
SCENE_01.txt,938,津名川セリフ◇かわり,かわりに俺じゃ..<BR>駄目かい？,那换成我･･････<BR>不行吗？
SCENE_01.txt,947,上代セリフ◇は,"<TYPE interval=60>はっ....　な～んであたしが,<BR>“男”とデートするわけっ",<TYPE interval=60>哈･･････我干嘛要<BR>跟“男人”约会啊
SCENE_01.txt,958,上代セリフ◇とりはだ,<TYPE interval=60>考えただけで...<BR>鳥肌もんよっ,<TYPE interval=60>光想想就･･････<BR>直起鸡皮疙瘩
SCENE_01.txt,962,上代セリフ◇トリハダ,<FONT size=20><TYPE interval=60>ト.リ.ハ.ダ.</TYPE>もんっ,<FONT size=20><TYPE interval=60>起。鸡。皮。疙。瘩。了。</TYPE>啦
SCENE_01.txt,973,津名川セリフ◇すまない,すまない<TYPE interval=50>･･････,抱歉<TYPE interval=50>･･････
SCENE_01.txt,978,津名川セリフ◇愚問,愚問だったよ,真是个蠢问题
SCENE_01.txt,1003,津名川セリフ◇それは,それは危険すぎるからダメだ,那太危险了，绝对不行
SCENE_01.txt,1008,上代セリフ◇ケチ,"<TYPE interval=70>ケチなヤツだな～！,<BR><TYPE interval=90>あたしが何するって<BR>いうんだよ","<TYPE interval=70>真小气〜！,<BR><TYPE interval=90>你说人家<BR>要干嘛嘛"
SCENE_01.txt,1012,津名川セリフ◇何って,何って...<TYPE interval=60>･･････</TYPE>じゃあ<BR>..<TYPE interval=90>デートって..何するつもりなんだ,干嘛･･････<TYPE interval=60>･･････</TYPE>那<BR>･･････<TYPE interval=90>约会･･････你打算做什么啊
SCENE_01.txt,1023,上代セリフ◇うっ,"うっ,　それは<TYPE interval=70>･･････</TYPE>,て,<BR>手をつないだり<TYPE interval=60>･･････</TYPE><BR>,それから<TYPE interval=50>･･････</TYPE>",呜，那个<TYPE interval=70>･･････</TYPE>就、<BR>牵牵手什么的<TYPE interval=60>･･････</TYPE><BR>然后<TYPE interval=50>･･････</TYPE>
SCENE_01.txt,1032,津名川セリフ◇･･････,"<TYPE interval=50>･･････</TYPE>なにを照れてるんだ,<BR>変なところでつまられると.<BR>こっちが恥ずかしいよ","<TYPE interval=50>･･････</TYPE>你害羞什么啊,<BR>在这种奇怪的地方结巴的话,<BR>弄得我也怪不好意思的"
SCENE_01.txt,1042,上代セリフ◇わ,"<TYPE interval=70>わ...　分かったよ,<BR><TYPE interval=80>それはまた今度で<BR>いいからさ～","<TYPE interval=70>知･･････知道了啦,<BR><TYPE interval=80>那个下次再<BR>说吧〜"
SCENE_01.txt,1046,上代セリフ◇あとで,"<TYPE interval=80>あとで連れて来てよ～,<BR>頼むよ～","<TYPE interval=80>回头带我去嘛〜,<BR>拜托啦〜"
SCENE_01.txt,1050,津名川セリフ◇考えて,<TYPE interval=60>･･････</TYPE><TYPE interval=110>考えとくよ,<TYPE interval=60>･･････</TYPE><TYPE interval=110>我考虑考虑
SCENE_01.txt,1086,津名川セリフ◇えーと,<TYPE interval=75>えーと..　製薬を<BR>頼んでいたんだけど,<TYPE interval=75>那个･･････ 之前委托<BR>制药的事
SCENE_01.txt,1099,薬学研セリフ◇ああ,"ああ<TYPE interval=60>･･････</TYPE>,<BR>津名川さん","啊<TYPE interval=60>･･････</TYPE>,<BR>津名川先生"
SCENE_01.txt,1103,薬学研セリフ◇なんと,<TYPE interval=75>なんといいますか...<BR>あの薬はウチでは<BR>出来なかったんですよ,<TYPE interval=75>该怎么说呢･･････<BR>那种药我们这边<BR>没能研制出来
SCENE_01.txt,1107,薬学研セリフ◇今,<TYPE interval=70>今..　奥平博士のほうに.<BR>回してますけど,<TYPE interval=70>现在･･････ 已经转交给<BR>奥平博士那边了
SCENE_01.txt,1111,津名川セリフ◇へえ,へえ,这样啊
SCENE_01.txt,1122,薬学研セリフ◇御存知,<TYPE interval=55>御存知ですか？..<BR>精神系の薬剤製薬の<BR>エキスパートなんですけど,<TYPE interval=55>您知道吗？･･････<BR>他可是精神类药物研制<BR>方面的专家
SCENE_01.txt,1126,薬学研セリフ◇あの人,<TYPE interval=65>あの人に出来なかったら...<BR>もう誰にもお手上げです,<TYPE interval=65>如果连他都做不出来･･････<BR>那就谁也没辙了
SCENE_01.txt,1130,薬学研セリフ◇要求条件,<TYPE interval=75>要求条件が<BR>厳しすぎるんですよ,<TYPE interval=75>要求条件<BR>实在太苛刻了
SCENE_01.txt,1140,薬学研セリフ◇こっち,<TYPE interval=90>こっちでも..<BR>それに近いモノは<BR>出来てるんですが,<TYPE interval=90>我们这边･･････<BR>也做出了<BR>与之相近的东西
SCENE_01.txt,1144,薬学研セリフ◇なにしろ,なにしろ副作用が酷くて..<BR>実験できませんし<TYPE interval=60>･･････,毕竟副作用太严重了･･････<BR>没法拿来做实验<TYPE interval=60>･･････
SCENE_01.txt,1153,津名川セリフ◇そう,<TYPE interval=110>そう...<BR>奥平さんか,<TYPE interval=110>这样啊･･････<BR>是奥平啊
SCENE_01.txt,1157,津名川セリフ◇古痕,<TYPE interval=65><RUBY text='ここん'>古痕</RUBY>に入ってまもない頃...<BR>薬で世話になったな,<TYPE interval=65>刚进入古痕不久的时候...<BR>在药物方面承蒙照顾了呢
SCENE_01.txt,1161,津名川セリフ◇じゃあ,<TYPE interval=90>じゃあ...<BR>安心して任せておくよ,<TYPE interval=90>那･･････<BR>就放心交给他吧
SCENE_01.txt,1171,津名川セリフ◇できる,<TYPE interval=80>でも...　できるだけ急ぐように..<BR>伝えておいてくれないかな,<TYPE interval=80>不过･･････ 尽量催他快点･･････<BR>帮我传达一下吧
SCENE_01.txt,1175,薬学研セリフ◇わかり,わかりました,明白了
SCENE_03.txt,51,津名川セリフ◇ふぅ,ふぅ～,呼〜
SCENE_03.txt,55,津名川セリフ◇この,この昼夜逆転は<BR>どうにかしないとな<TYPE interval=40>･･････,这昼夜颠倒的作息<BR>得想办法改改才行啊<TYPE interval=40>･･････
SCENE_03.txt,60,津名川セリフ◇あ,あ,啊
SCENE_03.txt,64,津名川セリフ◇あの子達,<TYPE interval=80>あの子達を起こして<BR>から寝るかぁ,<TYPE interval=80>先把那群孩子叫醒<BR>再睡吧
SCENE_03.txt,68,津名川セリフ◇あくび,<TYPE interval=110 style=Fade>ふぁあああ,<TYPE interval=110 style=Fade>哈啊啊啊
SCENE_03.txt,86,選択肢◇沙友,<TYPE interval=0><FONT color=red>沙友の部屋へ,<TYPE interval=0><FONT color=red>去沙友的房间
SCENE_03.txt,87,選択肢◇エマ,<TYPE interval=0><FONT color=red>エマの部屋へ,<TYPE interval=0><FONT color=red>去艾玛的房间
SCENE_03.txt,88,選択肢◇透花,<TYPE interval=0><FONT color=red>透花の部屋へ,<TYPE interval=0><FONT color=red>去透花的房间
SCENE_03.txt,144,津名川セリフ◇･･････ん,<TYPE interval=30>･･････</TYPE>ん...<BR><TYPE interval=30>･･････</TYPE>まだ寝てるな,<TYPE interval=30>･･････</TYPE>嗯･･････<BR><TYPE interval=30>･･････</TYPE>还在睡啊
SCENE_03.txt,165,津名川セリフ◇相変,相変わらず爆弾が<BR>落ちたみたいな部屋だ,房间还是像被炸弹<BR>轰过一样乱
SCENE_03.txt,178,津名川セリフ◇なんと,なんとまあ<TYPE interval=30>･･････</TYPE><BR>幸せそうな顔で<TYPE interval=30>･･････</TYPE>,真是的<TYPE interval=30>･･････</TYPE><BR>睡得一脸幸福<TYPE interval=30>･･････</TYPE>
SCENE_03.txt,186,津名川セリフ◇もう少し,<TYPE interval=30>･･････</TYPE>もう少し<BR>寝かせておくか,<TYPE interval=30>･･････</TYPE>就让她<BR>再多睡会儿吧
SCENE_03.txt,194,沙友セリフ◇はぁ,<TYPE style=Fade>はぁ<TYPE interval=30>･･････</TYPE>...<BR>ん<TYPE interval=30>･･････</TYPE></TYPE>,<TYPE style=Fade>唉<TYPE interval=30>･･････</TYPE>･･････<BR>嗯<TYPE interval=30>･･････</TYPE></TYPE>
SCENE_03.txt,198,沙友セリフ◇すー,<TYPE style=Fade speed=800>すー,<TYPE style=Fade speed=800>呼—
SCENE_03.txt,219,津名川セリフ◇ふう,ふう<TYPE interval=40>･･････</TYPE>,呼<TYPE interval=40>･･････</TYPE>
SCENE_03.txt,258,津名川セリフ◇エマ,<TYPE interval=30>･･････</TYPE>エマ...<BR>朝だぞ,<TYPE interval=30>･･････</TYPE>艾玛･･････<BR>天亮了
SCENE_03.txt,280,エマセリフ◇ん,<TYPE style=Fade>ん<TYPE interval=30>･･････</TYPE>ん...<BR>そーじさん<TYPE interval=30>･･････</TYPE></TYPE>,<TYPE style=Fade>嗯<TYPE interval=30>･･････</TYPE>嗯...<BR>宗——慈先生<TYPE interval=30>･･････</TYPE></TYPE>
SCENE_03.txt,292,津名川セリフ◇ん？,ん？,嗯？
SCENE_03.txt,296,エマセリフ◇気持ち,<TYPE style=Fade><TYPE interval=100>気持ちいい</TYPE><TYPE interval=60>･･････</TYPE></TYPE>,<TYPE style=Fade><TYPE interval=100>好舒服</TYPE><TYPE interval=60>･･････</TYPE></TYPE>
SCENE_03.txt,302,津名川セリフ◇寝ぼけ,<TYPE interval=30>･･････</TYPE>寝ぼけてないで,<TYPE interval=30>･･････</TYPE>别迷迷糊糊的了
SCENE_03.txt,306,津名川セリフ◇こっち,こっちだって<BR>眠いんだからな,我也<BR>困得很啊
SCENE_03.txt,311,エマセリフ◇にゃん,<TYPE style=Fade speed=850>にゃん,<TYPE style=Fade speed=850>喵
SCENE_03.txt,315,エマセリフ◇じゃあ,<TYPE interval=100>じゃあいっしょに<BR>寝ようよう</TYPE><TYPE interval=60>･･････</TYPE>,<TYPE interval=100>那我们一起<BR>睡吧睡吧</TYPE><TYPE interval=60>･･････</TYPE>
SCENE_03.txt,331,津名川セリフ◇ふーむ,"<TYPE interval=30>･･････</TYPE>ふーむ,<BR>まあ　どこで寝ても変わらない<BR>といえば変わらないが","<TYPE interval=30>･･････</TYPE>嗯,<BR>嘛 在哪睡都一样<BR>倒也没错"
SCENE_03.txt,335,津名川セリフ◇お前は,お前は起きるんだぞ,你得给我起来
SCENE_03.txt,346,エマセリフ◇ほら,<TYPE interval=100>ほらほら..そうじさん...<BR>おいで</TYPE><TYPE interval=60>･･････</TYPE>....にゃ,<TYPE interval=100>好啦好啦･･････大叔･･････<BR>过来</TYPE><TYPE interval=60>･･････</TYPE>･･････喵
SCENE_03.txt,348,津名川セリフ◇まったく,まったく<TYPE interval=30>･･････,真是的<TYPE interval=30>･･････
SCENE_03.txt,350,津名川セリフ◇しかし,しかし...<BR>あったかいな<TYPE interval=30>･･････,不过･･････<BR>真暖和啊<TYPE interval=30>･･････
SCENE_03.txt,395,津名川セリフ◇まだ,まだ寝てるかな,还在睡吗
SCENE_03.txt,409,シャムロックセリフ◇チュッ,チュッ,啾
SCENE_03.txt,418,津名川セリフ◇エクス,エクストラ･ハツカネズミの<BR>“シャムロック”が鳥かごにいる,Extra小鼠<BR>“夏姆洛克”待在鸟笼里
SCENE_03.txt,422,津名川セリフ◇発達,発達した知能と<BR>異常な長寿を誇るこのネズミは...<BR>エクストラ・プログラム初期<BR>段階での研究成果だ,拥有高度智力与<BR>异常长寿的这只老鼠･･････<BR>是Extra计划初期<BR>阶段的研究成果
SCENE_03.txt,440,津名川セリフ◇と,とう<TYPE interval=30>･･････,当<TYPE interval=30>･･････
SCENE_03.txt,444,透花セリフ◇ご主人,ご主人様？,主人？
SCENE_03.txt,459,津名川セリフ◇あいや,あ..　いや,啊･･････没、没什么。
SCENE_03.txt,465,津名川セリフ◇いや,"<TYPE interval=30>･･････</TYPE>起こそうかと思って,<BR>ほら..　朝だから","<TYPE interval=30>･･････</TYPE>我想着该叫你起床了,<BR>那个･･････毕竟是早上了嘛"
SCENE_03.txt,469,津名川セリフ◇沈黙,<TYPE interval=90>･･････,<TYPE interval=90>･･････
SCENE_03.txt,482,透花セリフ◇おはよ,<TYPE interval=30>･･････</TYPE><BR>おはようございます,<TYPE interval=30>･･････</TYPE><BR>早上好
SCENE_03.txt,486,津名川セリフ◇あ,あ..　おはよう,啊･･････早
SCENE_03.txt,491,透花セリフ◇えへへ,えへへ<TYPE interval=30>･･････,嘿嘿<TYPE interval=30>･･････
SCENE_03.txt,496,津名川セリフ◇ん？,ん？...<BR>はは<TYPE interval=30>･･････,嗯？･･････<BR>哈哈<TYPE interval=30>･･････
SCENE_03.txt,505,津名川セリフ◇じゃあ,"じゃあ.　僕は寝るから,<BR>あとの２人.　頼むよ","那我再睡会儿,<BR>剩下那两人就拜托你们了"
SCENE_03.txt,509,透花セリフ◇はい,はいっ,好！
SCENE_03.txt,530,津名川セリフ◇なんだか,なんだか調子<BR>狂うんだよなあ<TYPE interval=30>･･････,总觉得节奏<BR>有点乱啊<TYPE interval=30>･･････
SCENE_04.txt,51,津名川セリフ◇ふぅ,ふぅ～,呼〜
SCENE_04.txt,55,津名川セリフ◇この,この昼夜逆転は<BR>どうにかしないとな<TYPE interval=40>･･････,这昼夜颠倒的作息<BR>得想办法改改才行啊<TYPE interval=40>･･････
SCENE_04.txt,60,津名川セリフ◇あ,あ,啊
SCENE_04.txt,64,津名川セリフ◇あの子達,<TYPE interval=80>あの子達を起こして<BR>から寝るかぁ,<TYPE interval=80>先把那群孩子叫醒<BR>再睡吧
SCENE_04.txt,68,津名川セリフ◇あくび,<TYPE interval=110 style=Fade>ふぁあああ,<TYPE interval=110 style=Fade>哈啊啊啊
SCENE_04.txt,86,選択肢◇沙友,<TYPE interval=0><FONT color=red>沙友の部屋へ,<TYPE interval=0><FONT color=red>去沙友的房间
SCENE_04.txt,87,選択肢◇エマ,<TYPE interval=0><FONT color=red>エマの部屋へ,<TYPE interval=0><FONT color=red>去艾玛的房间
SCENE_04.txt,88,選択肢◇透花,<TYPE interval=0><FONT color=red>透花の部屋へ,<TYPE interval=0><FONT color=red>去透花的房间
SCENE_04.txt,144,津名川セリフ◇･･････ん,<TYPE interval=30>･･････</TYPE>ん...<BR><TYPE interval=30>･･････</TYPE>まだ寝てるな,<TYPE interval=30>･･････</TYPE>嗯･･････<BR><TYPE interval=30>･･････</TYPE>还在睡啊
SCENE_04.txt,165,津名川セリフ◇相変,相変わらず爆弾が<BR>落ちたみたいな部屋だ,房间还是像被炸弹<BR>轰过一样乱
SCENE_04.txt,178,津名川セリフ◇なんと,なんとまあ<TYPE interval=30>･･････</TYPE><BR>幸せそうな顔で<TYPE interval=30>･･････</TYPE>,真是的<TYPE interval=30>･･････</TYPE><BR>睡得一脸幸福<TYPE interval=30>･･････</TYPE>
SCENE_04.txt,186,津名川セリフ◇もう少し,<TYPE interval=30>･･････</TYPE>もう少し<BR>寝かせておくか,<TYPE interval=30>･･････</TYPE>就让她<BR>再多睡会儿吧
SCENE_04.txt,194,沙友セリフ◇はぁ,<TYPE style=Fade>はぁ<TYPE interval=30>･･････</TYPE>...<BR>ん<TYPE interval=30>･･････</TYPE></TYPE>,<TYPE style=Fade>唉<TYPE interval=30>･･････</TYPE>･･････<BR>嗯<TYPE interval=30>･･････</TYPE></TYPE>
SCENE_04.txt,198,沙友セリフ◇すー,<TYPE style=Fade speed=800>すー,<TYPE style=Fade speed=800>呼—
SCENE_04.txt,219,津名川セリフ◇ふう,ふう<TYPE interval=40>･･････</TYPE>,呼<TYPE interval=40>･･････</TYPE>
SCENE_04.txt,258,津名川セリフ◇エマ,<TYPE interval=30>･･････</TYPE>エマ...<BR>朝だぞ,<TYPE interval=30>･･････</TYPE>艾玛･･････<BR>天亮了
SCENE_04.txt,280,エマセリフ◇ん,<TYPE style=Fade>ん<TYPE interval=30>･･････</TYPE>ん...<BR>そーじさん<TYPE interval=30>･･････</TYPE></TYPE>,<TYPE style=Fade>嗯<TYPE interval=30>･･････</TYPE>嗯...<BR>宗——慈先生<TYPE interval=30>･･････</TYPE></TYPE>
SCENE_04.txt,292,津名川セリフ◇ん？,ん？,嗯？
SCENE_04.txt,296,エマセリフ◇気持ち,<TYPE style=Fade><TYPE interval=100>気持ちいい</TYPE><TYPE interval=60>･･････</TYPE></TYPE>,<TYPE style=Fade><TYPE interval=100>好舒服</TYPE><TYPE interval=60>･･････</TYPE></TYPE>
SCENE_04.txt,302,津名川セリフ◇寝ぼけ,<TYPE interval=30>･･････</TYPE>寝ぼけてないで,<TYPE interval=30>･･････</TYPE>别迷迷糊糊的了
SCENE_04.txt,306,津名川セリフ◇こっち,こっちだって<BR>眠いんだからな,我也<BR>困得很啊
SCENE_04.txt,311,エマセリフ◇にゃん,<TYPE style=Fade speed=850>にゃん,<TYPE style=Fade speed=850>喵
SCENE_04.txt,315,エマセリフ◇じゃあ,<TYPE interval=100>じゃあいっしょに<BR>寝ようよう</TYPE><TYPE interval=60>･･････</TYPE>,<TYPE interval=100>那我们一起<BR>睡吧睡吧</TYPE><TYPE interval=60>･･････</TYPE>
SCENE_04.txt,331,津名川セリフ◇ふーむ,"<TYPE interval=30>･･････</TYPE>ふーむ,<BR>まあ　どこで寝ても変わらない<BR>といえば変わらないが","<TYPE interval=30>･･････</TYPE>嗯,<BR>嘛 在哪睡都一样<BR>倒也没错"
SCENE_04.txt,335,津名川セリフ◇お前は,お前は起きるんだぞ,你得给我起来
SCENE_04.txt,346,エマセリフ◇ほら,<TYPE interval=100>ほらほら..そうじさん...<BR>おいで</TYPE><TYPE interval=60>･･････</TYPE>....にゃ,<TYPE interval=100>好啦好啦･･････大叔･･････<BR>过来</TYPE><TYPE interval=60>･･････</TYPE>･･････喵
SCENE_04.txt,348,津名川セリフ◇まったく,まったく<TYPE interval=30>･･････,真是的<TYPE interval=30>･･････
SCENE_04.txt,350,津名川セリフ◇しかし,しかし...<BR>あったかいな<TYPE interval=30>･･････,不过･･････<BR>真暖和啊<TYPE interval=30>･･････
SCENE_04.txt,395,津名川セリフ◇まだ,まだ寝てるかな,还在睡吗
SCENE_04.txt,409,シャムロックセリフ◇チュッ,チュッ,啾
SCENE_04.txt,418,津名川セリフ◇エクス,エクストラ･ハツカネズミの<BR>“シャムロック”が鳥かごにいる,Extra小鼠<BR>“夏姆洛克”待在鸟笼里
SCENE_04.txt,422,津名川セリフ◇発達,発達した知能と<BR>異常な長寿を誇るこのネズミは...<BR>エクストラ・プログラム初期<BR>段階での研究成果だ,拥有高度智力与<BR>异常长寿的这只老鼠･･････<BR>是Extra计划初期<BR>阶段的研究成果
SCENE_04.txt,440,津名川セリフ◇と,とう<TYPE interval=30>･･････,当<TYPE interval=30>･･････
SCENE_04.txt,444,透花セリフ◇ご主人,ご主人様？,主人？
SCENE_04.txt,459,津名川セリフ◇あいや,あ..　いや,啊･･････没、没什么。
SCENE_04.txt,465,津名川セリフ◇いや,"<TYPE interval=30>･･････</TYPE>起こそうかと思って,<BR>ほら..　朝だから","<TYPE interval=30>･･････</TYPE>我想着该叫你起床了,<BR>那个･･････毕竟是早上了嘛"
SCENE_04.txt,469,津名川セリフ◇沈黙,<TYPE interval=90>･･････,<TYPE interval=90>･･････
SCENE_04.txt,482,透花セリフ◇おはよ,<TYPE interval=30>･･････</TYPE><BR>おはようございます,<TYPE interval=30>･･････</TYPE><BR>早上好
SCENE_04.txt,486,津名川セリフ◇あ,あ..　おはよう,啊･･････早
SCENE_04.txt,491,透花セリフ◇えへへ,えへへ<TYPE interval=30>･･････,嘿嘿<TYPE interval=30>･･････
SCENE_04.txt,496,津名川セリフ◇ん？,ん？...<BR>はは<TYPE interval=30>･･････,嗯？･･････<BR>哈哈<TYPE interval=30>･･････
SCENE_04.txt,505,津名川セリフ◇じゃあ,"じゃあ.　僕は寝るから,<BR>あとの２人.　頼むよ","那我再睡会儿,<BR>剩下那两人就拜托你们了"
SCENE_04.txt,509,透花セリフ◇はい,はいっ,好！
SCENE_04.txt,530,津名川セリフ◇なんだか,なんだか調子<BR>狂うんだよなあ<TYPE interval=30>･･････,总觉得节奏<BR>有点乱啊<TYPE interval=30>･･････
SCENE_05.txt,51,津名川セリフ◇ふぅ,ふぅ～,呼〜
SCENE_05.txt,55,津名川セリフ◇この,この昼夜逆転は<BR>どうにかしないとな<TYPE interval=40>･･････,这昼夜颠倒的作息<BR>得想办法改改才行啊<TYPE interval=40>･･････
SCENE_05.txt,60,津名川セリフ◇あ,あ,啊
SCENE_05.txt,64,津名川セリフ◇あの子達,<TYPE interval=80>あの子達を起こして<BR>から寝るかぁ,<TYPE interval=80>先把那群孩子叫醒<BR>再睡吧
SCENE_05.txt,68,津名川セリフ◇あくび,<TYPE interval=110 style=Fade>ふぁあああ,<TYPE interval=110 style=Fade>哈啊啊啊
SCENE_05.txt,86,選択肢◇沙友,<TYPE interval=0><FONT color=red>沙友の部屋へ,<TYPE interval=0><FONT color=red>去沙友的房间
SCENE_05.txt,87,選択肢◇エマ,<TYPE interval=0><FONT color=red>エマの部屋へ,<TYPE interval=0><FONT color=red>去艾玛的房间
SCENE_05.txt,88,選択肢◇透花,<TYPE interval=0><FONT color=red>透花の部屋へ,<TYPE interval=0><FONT color=red>去透花的房间
SCENE_05.txt,144,津名川セリフ◇･･････ん,<TYPE interval=30>･･････</TYPE>ん...<BR><TYPE interval=30>･･････</TYPE>まだ寝てるな,<TYPE interval=30>･･････</TYPE>嗯･･････<BR><TYPE interval=30>･･････</TYPE>还在睡啊
SCENE_05.txt,165,津名川セリフ◇相変,相変わらず爆弾が<BR>落ちたみたいな部屋だ,房间还是像被炸弹<BR>轰过一样乱
SCENE_05.txt,178,津名川セリフ◇なんと,なんとまあ<TYPE interval=30>･･････</TYPE><BR>幸せそうな顔で<TYPE interval=30>･･････</TYPE>,真是的<TYPE interval=30>･･････</TYPE><BR>睡得一脸幸福<TYPE interval=30>･･････</TYPE>
SCENE_05.txt,186,津名川セリフ◇もう少し,<TYPE interval=30>･･････</TYPE>もう少し<BR>寝かせておくか,<TYPE interval=30>･･････</TYPE>就让她<BR>再多睡会儿吧
SCENE_05.txt,194,沙友セリフ◇はぁ,<TYPE style=Fade>はぁ<TYPE interval=30>･･････</TYPE>...<BR>ん<TYPE interval=30>･･････</TYPE></TYPE>,<TYPE style=Fade>唉<TYPE interval=30>･･････</TYPE>･･････<BR>嗯<TYPE interval=30>･･････</TYPE></TYPE>
SCENE_05.txt,198,沙友セリフ◇すー,<TYPE style=Fade speed=800>すー,<TYPE style=Fade speed=800>呼—
SCENE_05.txt,219,津名川セリフ◇ふう,ふう<TYPE interval=40>･･････</TYPE>,呼<TYPE interval=40>･･････</TYPE>
SCENE_05.txt,258,津名川セリフ◇エマ,<TYPE interval=30>･･････</TYPE>エマ...<BR>朝だぞ,<TYPE interval=30>･･････</TYPE>艾玛･･････<BR>天亮了
SCENE_05.txt,280,エマセリフ◇ん,<TYPE style=Fade>ん<TYPE interval=30>･･････</TYPE>ん...<BR>そーじさん<TYPE interval=30>･･････</TYPE></TYPE>,<TYPE style=Fade>嗯<TYPE interval=30>･･････</TYPE>嗯...<BR>宗——慈先生<TYPE interval=30>･･････</TYPE></TYPE>
SCENE_05.txt,292,津名川セリフ◇ん？,ん？,嗯？
SCENE_05.txt,296,エマセリフ◇気持ち,<TYPE style=Fade><TYPE interval=100>気持ちいい</TYPE><TYPE interval=60>･･････</TYPE></TYPE>,<TYPE style=Fade><TYPE interval=100>好舒服</TYPE><TYPE interval=60>･･････</TYPE></TYPE>
SCENE_05.txt,302,津名川セリフ◇寝ぼけ,<TYPE interval=30>･･････</TYPE>寝ぼけてないで,<TYPE interval=30>･･････</TYPE>别迷迷糊糊的了
SCENE_05.txt,306,津名川セリフ◇こっち,こっちだって<BR>眠いんだからな,我也<BR>困得很啊
SCENE_05.txt,311,エマセリフ◇にゃん,<TYPE style=Fade speed=850>にゃん,<TYPE style=Fade speed=850>喵
SCENE_05.txt,315,エマセリフ◇じゃあ,<TYPE interval=100>じゃあいっしょに<BR>寝ようよう</TYPE><TYPE interval=60>･･････</TYPE>,<TYPE interval=100>那我们一起<BR>睡吧睡吧</TYPE><TYPE interval=60>･･････</TYPE>
SCENE_05.txt,331,津名川セリフ◇ふーむ,"<TYPE interval=30>･･････</TYPE>ふーむ,<BR>まあ　どこで寝ても変わらない<BR>といえば変わらないが","<TYPE interval=30>･･････</TYPE>嗯,<BR>嘛 在哪睡都一样<BR>倒也没错"
SCENE_05.txt,335,津名川セリフ◇お前は,お前は起きるんだぞ,你得给我起来
SCENE_05.txt,346,エマセリフ◇ほら,<TYPE interval=100>ほらほら..そうじさん...<BR>おいで</TYPE><TYPE interval=60>･･････</TYPE>....にゃ,<TYPE interval=100>好啦好啦･･････大叔･･････<BR>过来</TYPE><TYPE interval=60>･･････</TYPE>･･････喵
SCENE_05.txt,348,津名川セリフ◇まったく,まったく<TYPE interval=30>･･････,真是的<TYPE interval=30>･･････
SCENE_05.txt,350,津名川セリフ◇しかし,しかし...<BR>あったかいな<TYPE interval=30>･･････,不过･･････<BR>真暖和啊<TYPE interval=30>･･････
SCENE_05.txt,395,津名川セリフ◇まだ,まだ寝てるかな,还在睡吗
SCENE_05.txt,409,シャムロックセリフ◇チュッ,チュッ,啾
SCENE_05.txt,418,津名川セリフ◇エクス,エクストラ･ハツカネズミの<BR>“シャムロック”が鳥かごにいる,Extra小鼠<BR>“夏姆洛克”待在鸟笼里
SCENE_05.txt,422,津名川セリフ◇発達,発達した知能と<BR>異常な長寿を誇るこのネズミは...<BR>エクストラ・プログラム初期<BR>段階での研究成果だ,拥有高度智力与<BR>异常长寿的这只老鼠･･････<BR>是Extra计划初期<BR>阶段的研究成果
SCENE_05.txt,440,津名川セリフ◇と,とう<TYPE interval=30>･･････,当<TYPE interval=30>･･････
SCENE_05.txt,444,透花セリフ◇ご主人,ご主人様？,主人？
SCENE_05.txt,459,津名川セリフ◇あいや,あ..　いや,啊･･････没、没什么。
SCENE_05.txt,465,津名川セリフ◇いや,"<TYPE interval=30>･･････</TYPE>起こそうかと思って,<BR>ほら..　朝だから","<TYPE interval=30>･･････</TYPE>我想着该叫你起床了,<BR>那个･･････毕竟是早上了嘛"
SCENE_05.txt,469,津名川セリフ◇沈黙,<TYPE interval=90>･･････,<TYPE interval=90>･･････
SCENE_05.txt,482,透花セリフ◇おはよ,<TYPE interval=30>･･････</TYPE><BR>おはようございます,<TYPE interval=30>･･････</TYPE><BR>早上好
SCENE_05.txt,486,津名川セリフ◇あ,あ..　おはよう,啊･･････早
SCENE_05.txt,491,透花セリフ◇えへへ,えへへ<TYPE interval=30>･･････,嘿嘿<TYPE interval=30>･･････
SCENE_05.txt,496,津名川セリフ◇ん？,ん？...<BR>はは<TYPE interval=30>･･････,嗯？･･････<BR>哈哈<TYPE interval=30>･･････
SCENE_05.txt,505,津名川セリフ◇じゃあ,"じゃあ.　僕は寝るから,<BR>あとの２人.　頼むよ","那我再睡会儿,<BR>剩下那两人就拜托你们了"
SCENE_05.txt,509,透花セリフ◇はい,はいっ,好！
SCENE_05.txt,530,津名川セリフ◇なんだか,なんだか調子<BR>狂うんだよなあ<TYPE interval=30>･･････,总觉得节奏<BR>有点乱啊<TYPE interval=30>･･････
SCENE_33.txt,22,津名川◇よし,よしよし<TYPE interval=40>･･････,好了好了<TYPE interval=40>･･････
SCENE_33.txt,30,津名川◇暖気,暖気10分<BR>ってとこか,预热10分钟<BR>差不多就这样吧
SCENE_33.txt,47,津名川◇一人で,一人で行くのも<BR>また良しか,一个人去<BR>倒也挺好
SCENE_33.txt,51,津名川◇それとも,それとも<TYPE interval=40>･･････,还是说<TYPE interval=40>･･････
SCENE_33.txt,55,選択肢◇沙友を,<FONT color=red><TYPE interval=0>沙友を連れて<BR>行こうかな,<FONT color=red><TYPE interval=0>带沙友<BR>去吧
SCENE_33.txt,56,選択肢◇透花を,<FONT color=red><TYPE interval=0>透花を連れて<BR>行こうかな,<FONT color=red><TYPE interval=0>带透花<BR>去吧
SCENE_33.txt,57,選択肢◇エマを,<FONT color=red><TYPE interval=0>エマを連れて<BR>行こうかな,<FONT color=red><TYPE interval=0>带艾玛<BR>去吧
SCENE_33.txt,58,選択肢◇一人で,<FONT color=red><TYPE interval=0>やっぱり<BR>一人で行くか,<FONT color=red><TYPE interval=0>果然还是<BR>一个人去吧
SCENE_33.txt,120,津名川◇いつも,いつもながら.<BR>爆弾が落ちたみたいな<BR>部屋だな,跟往常一样.<BR>这房间简直像<BR>被炸弹炸过一样
SCENE_33.txt,129,沙友◇ぅん,<TYPE style='Fade'>ぅん<TYPE interval=40>･･････</TYPE>...<BR>せ<TYPE interval=40>･･･</TYPE>せぃ<TYPE interval=40>･･････</TYPE></TYPE>,<TYPE style='Fade'>嗯<TYPE interval=40>･･････</TYPE>･･････<BR>嘿<TYPE interval=40>･･････</TYPE>嘿咻<TYPE interval=40>･･････</TYPE></TYPE>
SCENE_33.txt,146,津名川◇微笑,<TYPE interval=50>･･････,<TYPE interval=50>･･････
SCENE_33.txt,150,津名川◇子供,子供だな...<BR>沙友は<TYPE interval=40>･･････,真是小孩子啊･･････<BR>沙友<TYPE interval=40>･･････
SCENE_33.txt,154,津名川◇石鹸,石鹸の匂いと.ミルクみたいな<BR>甘い匂いがする,"能闻到肥皂的味道,<BR>以及像牛奶般甜甜的气息"
SCENE_33.txt,172,沙友◇うさぎ,うさぎさんのなまえ.<BR>きま～たよ！,兔兔的名字.<BR>决定〜好了哦！
SCENE_33.txt,179,津名川◇そうか,そうかい？,是吗？
SCENE_33.txt,186,沙友◇えと,えと　えと,那个 那个
SCENE_33.txt,191,沙友◇せんせい,“せんせい”にするの,就叫“老师”
SCENE_33.txt,199,津名川◇ん,本物がいるじゃないか...<BR>ここに,真家伙不是就在这里吗...<BR>就在这儿
SCENE_33.txt,206,沙友◇だけど,だけど..<BR>せんせいはみんなの<BR>せんせいだから<TYPE interval=40>･･････,但是･･････<BR>老师是大家的<BR>老师<TYPE interval=40>･･････
SCENE_33.txt,213,沙友◇さゆ,さゆだけのせんせいは<BR>いないから..ね,没有只属于沙友<BR>一个人的老师哦･･････
SCENE_33.txt,218,沙友◇この,このうさぎさんが.<BR>せんせいだけの<BR>さゆなの,"这只兔兔,<BR>就是只属于老师的<BR>沙友哦"
SCENE_33.txt,223,沙友◇あれ,あれ？,咦？
SCENE_33.txt,232,津名川◇そっか,そっか<TYPE interval=40>･･････,这样啊<TYPE interval=40>･･････
SCENE_33.txt,244,沙友◇うん,<TYPE style='Jump'>うん！,<TYPE style='Jump'>嗯！
SCENE_33.txt,268,津名川◇沙友,沙友,沙友
SCENE_33.txt,272,沙友◇すー,<TYPE interval=40>･･････</TYPE>すー,<TYPE interval=40>･･････</TYPE>呼〜
SCENE_33.txt,276,津名川◇聞こえ,沙友..<BR>聞こえるかい？,沙友･･････<BR>听得到吗？
SCENE_33.txt,280,沙友◇は,は<TYPE interval=40>･･････</TYPE>..あ<TYPE interval=40>･･････</TYPE>？<BR>せんせいた<TYPE interval=40>･･････,哈<TYPE interval=40>･･････</TYPE>･･････啊<TYPE interval=40>･･････</TYPE>？<BR>老师<TYPE interval=40>･･････
SCENE_33.txt,303,沙友◇いしょ,いしょーに<BR>ねてくれるの？,要一〜起<BR>睡觉吗？
SCENE_33.txt,307,津名川◇星,<TYPE interval=40>･･････</TYPE>星..<BR>見に行こうっか,<TYPE interval=40>･･････</TYPE>星星･･････<BR>去看吧
SCENE_33.txt,311,沙友◇ほし,<TYPE interval=40>･･････</TYPE>ほし？,<TYPE interval=40>･･････</TYPE>星星？
SCENE_33.txt,315,津名川◇そう,そう..　本物の,是啊･･････真正的。
SCENE_33.txt,329,沙友◇さゆ,さゆ..　いつも<BR>おほしみえるよ,沙友･･････<BR>一直都能看到星星哦。
SCENE_33.txt,333,津名川◇もっと,もっといっぱい.<BR>いっぱい見えるところ,想去能看到更多、<BR>更多星星的地方。
SCENE_33.txt,337,沙友◇せんせい,せんせいと<BR>いしょに～？,和老师<BR>一起去〜？
SCENE_33.txt,356,津名川◇そう,そう..　今夜だけ.<BR>沙友だけのせんせいだよ,是啊..　就今晚.<BR>是只属于沙友的老师哦。
SCENE_33.txt,362,沙友◇うん,うん！..<BR>にゃんにゃん！,嗯！..<BR>喵喵！
SCENE_33.txt,401,津名川◇いつも,いつもながら<BR>整然とした部屋だな,一如既往<BR>整洁的房间啊。
SCENE_33.txt,405,津名川◇シャム,シャムロックも<BR>寝てるみたいだ,夏姆洛克好像<BR>也睡着了。
SCENE_33.txt,422,津名川◇寝てる,<TYPE interval=40>･･････</TYPE>寝てるかい,<TYPE interval=40>･･････</TYPE>睡着了吗。
SCENE_33.txt,432,透花◇あ,あ...　ご主人様<TYPE interval=50>･･････,啊･･････主人<TYPE interval=50>･･････
SCENE_33.txt,436,透花◇出かけ,出かけるんですか？,您要出门吗？
SCENE_33.txt,454,津名川◇ん,ん..　今から富士山に<BR>行こうかって<BR>思うんだけど,嗯･･････我在想<BR>现在去富士山<BR>看看。
SCENE_33.txt,458,津名川◇透花と,透花と一緒に<BR>行こうかと思ってね,想着要不要和透花<BR>一起去呢。
SCENE_33.txt,462,透花◇え,え..　すごい<TYPE interval=40>･･････,诶･･････好厉害<TYPE interval=40>･･････
SCENE_33.txt,466,透花◇じゃあ,じゃあ　わたし..<BR>あとの２人も起こして<BR>きます,那我去<BR>把另外两个人<BR>也叫醒。
SCENE_33.txt,480,津名川◇いや,いや　一人しか連れて<BR>行けないんだよ,不，只能带<BR>一个人去哦。
SCENE_33.txt,484,透花◇え,え<TYPE interval=40>･･････,诶<TYPE interval=40>･･････
SCENE_33.txt,488,透花◇わたし,わたし.　だけ..<BR>ですか<TYPE interval=40>･･････？,只有･･････我･･････<BR>一个人吗<TYPE interval=40>･･････？
SCENE_33.txt,492,津名川◇そう,そう,这样啊
SCENE_33.txt,517,透花◇ほんとに,ほんとに<TYPE interval=40>･･････,真的吗<TYPE interval=40>･･････
SCENE_33.txt,521,透花◇でも,でも　やっぱり<TYPE interval=40>･･････</TYPE><BR>いいのかな<TYPE interval=40>･･････,可是，果然<TYPE interval=40>･･････</TYPE><BR>这样好吗<TYPE interval=40>･･････
SCENE_33.txt,527,津名川◇いいよ,いいよ...　透花は.<BR>二人きりは嫌かい？,没关系哦...　透花.<BR>不喜欢两个人独处吗？
SCENE_33.txt,531,透花◇そんな,そんなわけ無いです,怎么会呢。
SCENE_33.txt,545,津名川◇じゃあ,じゃあ　行こう,那走吧。
SCENE_33.txt,549,津名川◇わがまま,透花だってたまには<BR>わがまま言ったって<BR>いいんだよ,透花偶尔<BR>任性一下<BR>也是可以的哦。
SCENE_33.txt,553,透花◇なんか,<TYPE interval=40>･･････</TYPE>なんかそれは....<BR>あの<TYPE interval=40>･･････,<TYPE interval=40>･･････</TYPE>那个，这･･････<BR>那个<TYPE interval=40>･･････
SCENE_33.txt,564,津名川◇着替えて,着替えておいで,去换衣服吧。
SCENE_33.txt,566,津名川◇山は,山は寒いから,山里冷。
SCENE_33.txt,591,津名川◇ん,<TYPE interval=40>･･････</TYPE>ん,<TYPE interval=40>･･････</TYPE>嗯。
SCENE_33.txt,626,津名川◇寝顔観察,<TYPE interval=40>･･････,<TYPE interval=40>･･････
SCENE_33.txt,628,エマ◇すー,<TYPE style='Fade'>すー,<TYPE style='Fade'>呼—
SCENE_33.txt,660,エマ◇ふぁ,<TYPE style='Fade'>ふぁ<TYPE interval=40>･･････</TYPE>...<BR>にゃ<TYPE interval=40>･･････</TYPE></TYPE>,<TYPE style='Fade'>呼啊<TYPE interval=40>･･････</TYPE>･･････<BR>喵呜<TYPE interval=40>･･････</TYPE></TYPE>
SCENE_33.txt,681,エマ◇ん,ん<TYPE interval=40>･･････,嗯<TYPE interval=40>･･････
SCENE_33.txt,685,津名川◇エマ,<TYPE interval=40>･･････</TYPE>エマ,<TYPE interval=40>･･････</TYPE>艾玛
SCENE_33.txt,689,エマ◇んぁ,んぁ<TYPE interval=40>･･････</TYPE>...<BR>そうじさんだ<TYPE interval=40>･･････,嗯啊<TYPE interval=40>･･････</TYPE>･･････<BR>是宗慈<TYPE interval=40>･･････
SCENE_33.txt,702,エマ◇一緒に,一緒に寝たいの？,想一起睡吗？
SCENE_33.txt,706,津名川◇星を,星を見に行こう<BR>かと思って,我想着<BR>要不要去看星星
SCENE_33.txt,721,エマ◇え,え.　今から？...<BR>行く！,诶。现在去？･･････<BR>去！
SCENE_33.txt,733,津名川◇うん,うん..　よし,嗯･･････好。
SCENE_33.txt,743,津名川◇他の,<FONT size=14>他の二人には<BR>内緒だから,<FONT size=14>对另外两个人<BR>要保密哦
SCENE_33.txt,747,津名川◇静かに,<FONT size=14>静かに用意して<BR>ガレージに下りておいで,"<FONT size=14>悄悄准备好,<BR>下楼到车库来"
SCENE_33.txt,772,津名川◇やっぱり,やっぱり<BR>一人で行くか<TYPE interval=40>･･･,果然还是<BR>一个人去吧<TYPE interval=40>･･････
SCENE_33.txt,776,津名川◇あの子,あの子達を起こすのも<BR>かわいそうだしな,把她们吵醒<BR>也太可怜了
SCENE_34.txt,22,津名川◇よし,よしよし<TYPE interval=40>･･････,好了好了<TYPE interval=40>･･････
SCENE_34.txt,30,津名川◇暖気,暖気10分<BR>ってとこか,预热10分钟<BR>差不多就这样吧
SCENE_34.txt,47,津名川◇一人で,一人で行くのも<BR>また良しか,一个人去<BR>倒也挺好
SCENE_34.txt,51,津名川◇それとも,それとも<TYPE interval=40>･･････,还是说<TYPE interval=40>･･････
SCENE_34.txt,55,選択肢◇沙友を,<FONT color=red><TYPE interval=0>沙友を連れて<BR>行こうかな,<FONT color=red><TYPE interval=0>带沙友<BR>去吧
SCENE_34.txt,56,選択肢◇透花を,<FONT color=red><TYPE interval=0>透花を連れて<BR>行こうかな,<FONT color=red><TYPE interval=0>带透花<BR>去吧
SCENE_34.txt,57,選択肢◇エマを,<FONT color=red><TYPE interval=0>エマを連れて<BR>行こうかな,<FONT color=red><TYPE interval=0>带艾玛<BR>去吧
SCENE_34.txt,58,選択肢◇一人で,<FONT color=red><TYPE interval=0>やっぱり<BR>一人で行くか,<FONT color=red><TYPE interval=0>果然还是<BR>一个人去吧
SCENE_34.txt,120,津名川◇いつも,いつもながら.<BR>爆弾が落ちたみたいな<BR>部屋だな,跟往常一样.<BR>这房间简直像<BR>被炸弹炸过一样
SCENE_34.txt,129,沙友◇ぅん,<TYPE style='Fade'>ぅん<TYPE interval=40>･･････</TYPE>...<BR>せ<TYPE interval=40>･･･</TYPE>せぃ<TYPE interval=40>･･････</TYPE></TYPE>,<TYPE style='Fade'>嗯<TYPE interval=40>･･････</TYPE>･･････<BR>嘿<TYPE interval=40>･･････</TYPE>嘿咻<TYPE interval=40>･･････</TYPE></TYPE>
SCENE_34.txt,146,津名川◇微笑,<TYPE interval=50>･･････,<TYPE interval=50>･･････
SCENE_34.txt,150,津名川◇子供,子供だな...<BR>沙友は<TYPE interval=40>･･････,真是小孩子啊･･････<BR>沙友<TYPE interval=40>･･････
SCENE_34.txt,154,津名川◇石鹸,石鹸の匂いと.ミルクみたいな<BR>甘い匂いがする,"能闻到肥皂的味道,<BR>以及像牛奶般甜甜的气息"
SCENE_34.txt,172,沙友◇うさぎ,うさぎさんのなまえ.<BR>きま～たよ！,兔兔的名字.<BR>决定〜好了哦！
SCENE_34.txt,179,津名川◇そうか,そうかい？,是吗？
SCENE_34.txt,186,沙友◇えと,えと　えと,那个 那个
SCENE_34.txt,191,沙友◇せんせい,“せんせい”にするの,就叫“老师”
SCENE_34.txt,199,津名川◇ん,本物がいるじゃないか...<BR>ここに,真家伙不是就在这里吗...<BR>就在这儿
SCENE_34.txt,206,沙友◇だけど,だけど..<BR>せんせいはみんなの<BR>せんせいだから<TYPE interval=40>･･････,但是･･････<BR>老师是大家的<BR>老师<TYPE interval=40>･･････
SCENE_34.txt,213,沙友◇さゆ,さゆだけのせんせいは<BR>いないから..ね,没有只属于沙友<BR>一个人的老师哦･･････
SCENE_34.txt,218,沙友◇この,このうさぎさんが.<BR>せんせいだけの<BR>さゆなの,"这只兔兔,<BR>就是只属于老师的<BR>沙友哦"
SCENE_34.txt,223,沙友◇あれ,あれ？,咦？
SCENE_34.txt,232,津名川◇そっか,そっか<TYPE interval=40>･･････,这样啊<TYPE interval=40>･･････
SCENE_34.txt,244,沙友◇うん,<TYPE style='Jump'>うん！,<TYPE style='Jump'>嗯！
SCENE_34.txt,268,津名川◇沙友,沙友,沙友
SCENE_34.txt,272,沙友◇すー,<TYPE interval=40>･･････</TYPE>すー,<TYPE interval=40>･･････</TYPE>呼〜
SCENE_34.txt,276,津名川◇聞こえ,沙友..<BR>聞こえるかい？,沙友･･････<BR>听得到吗？
SCENE_34.txt,280,沙友◇は,は<TYPE interval=40>･･････</TYPE>..あ<TYPE interval=40>･･････</TYPE>？<BR>せんせいた<TYPE interval=40>･･････,哈<TYPE interval=40>･･････</TYPE>･･････啊<TYPE interval=40>･･････</TYPE>？<BR>老师<TYPE interval=40>･･････
SCENE_34.txt,303,沙友◇いしょ,いしょーに<BR>ねてくれるの？,要一〜起<BR>睡觉吗？
SCENE_34.txt,307,津名川◇星,<TYPE interval=40>･･････</TYPE>星..<BR>見に行こうっか,<TYPE interval=40>･･････</TYPE>星星･･････<BR>去看吧
SCENE_34.txt,311,沙友◇ほし,<TYPE interval=40>･･････</TYPE>ほし？,<TYPE interval=40>･･････</TYPE>星星？
SCENE_34.txt,315,津名川◇そう,そう..　本物の,是啊･･････真正的。
SCENE_34.txt,329,沙友◇さゆ,さゆ..　いつも<BR>おほしみえるよ,沙友･･････<BR>一直都能看到星星哦。
SCENE_34.txt,333,津名川◇もっと,もっといっぱい.<BR>いっぱい見えるところ,想去能看到更多、<BR>更多星星的地方。
SCENE_34.txt,337,沙友◇せんせい,せんせいと<BR>いしょに～？,和老师<BR>一起去〜？
SCENE_34.txt,356,津名川◇そう,そう..　今夜だけ.<BR>沙友だけのせんせいだよ,是啊..　就今晚.<BR>是只属于沙友的老师哦。
SCENE_34.txt,362,沙友◇うん,うん！..<BR>にゃんにゃん！,嗯！..<BR>喵喵！
SCENE_34.txt,401,津名川◇いつも,いつもながら<BR>整然とした部屋だな,一如既往<BR>整洁的房间啊。
SCENE_34.txt,405,津名川◇シャム,シャムロックも<BR>寝てるみたいだ,夏姆洛克好像<BR>也睡着了。
SCENE_34.txt,422,津名川◇寝てる,<TYPE interval=40>･･････</TYPE>寝てるかい,<TYPE interval=40>･･････</TYPE>睡着了吗。
SCENE_34.txt,432,透花◇あ,あ...　ご主人様<TYPE interval=50>･･････,啊･･････主人<TYPE interval=50>･･････
SCENE_34.txt,436,透花◇出かけ,出かけるんですか？,您要出门吗？
SCENE_34.txt,454,津名川◇ん,ん..　今から富士山に<BR>行こうかって<BR>思うんだけど,嗯･･････我在想<BR>现在去富士山<BR>看看。
SCENE_34.txt,458,津名川◇透花と,透花と一緒に<BR>行こうかと思ってね,想着要不要和透花<BR>一起去呢。
SCENE_34.txt,462,透花◇え,え..　すごい<TYPE interval=40>･･････,诶･･････好厉害<TYPE interval=40>･･････
SCENE_34.txt,466,透花◇じゃあ,じゃあ　わたし..<BR>あとの２人も起こして<BR>きます,那我去<BR>把另外两个人<BR>也叫醒。
SCENE_34.txt,480,津名川◇いや,いや　一人しか連れて<BR>行けないんだよ,不，只能带<BR>一个人去哦。
SCENE_34.txt,484,透花◇え,え<TYPE interval=40>･･････,诶<TYPE interval=40>･･････
SCENE_34.txt,488,透花◇わたし,わたし.　だけ..<BR>ですか<TYPE interval=40>･･････？,只有･･････我･･････<BR>一个人吗<TYPE interval=40>･･････？
SCENE_34.txt,492,津名川◇そう,そう,这样啊
SCENE_34.txt,517,透花◇ほんとに,ほんとに<TYPE interval=40>･･････,真的吗<TYPE interval=40>･･････
SCENE_34.txt,521,透花◇でも,でも　やっぱり<TYPE interval=40>･･････</TYPE><BR>いいのかな<TYPE interval=40>･･････,可是，果然<TYPE interval=40>･･････</TYPE><BR>这样好吗<TYPE interval=40>･･････
SCENE_34.txt,527,津名川◇いいよ,いいよ...　透花は.<BR>二人きりは嫌かい？,没关系哦...　透花.<BR>不喜欢两个人独处吗？
SCENE_34.txt,531,透花◇そんな,そんなわけ無いです,怎么会呢。
SCENE_34.txt,545,津名川◇じゃあ,じゃあ　行こう,那走吧。
SCENE_34.txt,549,津名川◇わがまま,透花だってたまには<BR>わがまま言ったって<BR>いいんだよ,透花偶尔<BR>任性一下<BR>也是可以的哦。
SCENE_34.txt,553,透花◇なんか,<TYPE interval=40>･･････</TYPE>なんかそれは....<BR>あの<TYPE interval=40>･･････,<TYPE interval=40>･･････</TYPE>那个，这･･････<BR>那个<TYPE interval=40>･･････
SCENE_34.txt,564,津名川◇着替えて,着替えておいで,去换衣服吧。
SCENE_34.txt,566,津名川◇山は,山は寒いから,山里冷。
SCENE_34.txt,591,津名川◇ん,<TYPE interval=40>･･････</TYPE>ん,<TYPE interval=40>･･････</TYPE>嗯。
SCENE_34.txt,626,津名川◇寝顔観察,<TYPE interval=40>･･････,<TYPE interval=40>･･････
SCENE_34.txt,628,エマ◇すー,<TYPE style='Fade'>すー,<TYPE style='Fade'>呼—
SCENE_34.txt,660,エマ◇ふぁ,<TYPE style='Fade'>ふぁ<TYPE interval=40>･･････</TYPE>...<BR>にゃ<TYPE interval=40>･･････</TYPE></TYPE>,<TYPE style='Fade'>呼啊<TYPE interval=40>･･････</TYPE>･･････<BR>喵呜<TYPE interval=40>･･････</TYPE></TYPE>
SCENE_34.txt,681,エマ◇ん,ん<TYPE interval=40>･･････,嗯<TYPE interval=40>･･････
SCENE_34.txt,685,津名川◇エマ,<TYPE interval=40>･･････</TYPE>エマ,<TYPE interval=40>･･････</TYPE>艾玛
SCENE_34.txt,689,エマ◇んぁ,んぁ<TYPE interval=40>･･････</TYPE>...<BR>そうじさんだ<TYPE interval=40>･･････,嗯啊<TYPE interval=40>･･････</TYPE>･･････<BR>是宗慈<TYPE interval=40>･･････
SCENE_34.txt,702,エマ◇一緒に,一緒に寝たいの？,想一起睡吗？
SCENE_34.txt,706,津名川◇星を,星を見に行こう<BR>かと思って,我想着<BR>要不要去看星星
SCENE_34.txt,721,エマ◇え,え.　今から？...<BR>行く！,诶。现在去？･･････<BR>去！
SCENE_34.txt,733,津名川◇うん,うん..　よし,嗯･･････好。
SCENE_34.txt,743,津名川◇他の,<FONT size=14>他の二人には<BR>内緒だから,<FONT size=14>对另外两个人<BR>要保密哦
SCENE_34.txt,747,津名川◇静かに,<FONT size=14>静かに用意して<BR>ガレージに下りておいで,"<FONT size=14>悄悄准备好,<BR>下楼到车库来"
SCENE_34.txt,772,津名川◇やっぱり,やっぱり<BR>一人で行くか<TYPE interval=40>･･･,果然还是<BR>一个人去吧<TYPE interval=40>･･････
SCENE_34.txt,776,津名川◇あの子,あの子達を起こすのも<BR>かわいそうだしな,把她们吵醒<BR>也太可怜了
SCENE_35.txt,22,津名川◇よし,よしよし<TYPE interval=40>･･････,好了好了<TYPE interval=40>･･････
SCENE_35.txt,30,津名川◇暖気,暖気10分<BR>ってとこか,预热10分钟<BR>差不多就这样吧
SCENE_35.txt,47,津名川◇一人で,一人で行くのも<BR>また良しか,一个人去<BR>倒也挺好
SCENE_35.txt,51,津名川◇それとも,それとも<TYPE interval=40>･･････,还是说<TYPE interval=40>･･････
SCENE_35.txt,55,選択肢◇沙友を,<FONT color=red><TYPE interval=0>沙友を連れて<BR>行こうかな,<FONT color=red><TYPE interval=0>带沙友<BR>去吧
SCENE_35.txt,56,選択肢◇透花を,<FONT color=red><TYPE interval=0>透花を連れて<BR>行こうかな,<FONT color=red><TYPE interval=0>带透花<BR>去吧
SCENE_35.txt,57,選択肢◇エマを,<FONT color=red><TYPE interval=0>エマを連れて<BR>行こうかな,<FONT color=red><TYPE interval=0>带艾玛<BR>去吧
SCENE_35.txt,58,選択肢◇一人で,<FONT color=red><TYPE interval=0>やっぱり<BR>一人で行くか,<FONT color=red><TYPE interval=0>果然还是<BR>一个人去吧
SCENE_35.txt,120,津名川◇いつも,いつもながら.<BR>爆弾が落ちたみたいな<BR>部屋だな,跟往常一样.<BR>这房间简直像<BR>被炸弹炸过一样
SCENE_35.txt,129,沙友◇ぅん,<TYPE style='Fade'>ぅん<TYPE interval=40>･･････</TYPE>...<BR>せ<TYPE interval=40>･･･</TYPE>せぃ<TYPE interval=40>･･････</TYPE></TYPE>,<TYPE style='Fade'>嗯<TYPE interval=40>･･････</TYPE>･･････<BR>嘿<TYPE interval=40>･･････</TYPE>嘿咻<TYPE interval=40>･･････</TYPE></TYPE>
SCENE_35.txt,146,津名川◇微笑,<TYPE interval=50>･･････,<TYPE interval=50>･･････
SCENE_35.txt,150,津名川◇子供,子供だな...<BR>沙友は<TYPE interval=40>･･････,真是小孩子啊･･････<BR>沙友<TYPE interval=40>･･････
SCENE_35.txt,154,津名川◇石鹸,石鹸の匂いと.ミルクみたいな<BR>甘い匂いがする,"能闻到肥皂的味道,<BR>以及像牛奶般甜甜的气息"
SCENE_35.txt,172,沙友◇うさぎ,うさぎさんのなまえ.<BR>きま～たよ！,兔兔的名字.<BR>决定〜好了哦！
SCENE_35.txt,179,津名川◇そうか,そうかい？,是吗？
SCENE_35.txt,186,沙友◇えと,えと　えと,那个 那个
SCENE_35.txt,191,沙友◇せんせい,“せんせい”にするの,就叫“老师”
SCENE_35.txt,199,津名川◇ん,本物がいるじゃないか...<BR>ここに,真家伙不是就在这里吗...<BR>就在这儿
SCENE_35.txt,206,沙友◇だけど,だけど..<BR>せんせいはみんなの<BR>せんせいだから<TYPE interval=40>･･････,但是･･････<BR>老师是大家的<BR>老师<TYPE interval=40>･･････
SCENE_35.txt,213,沙友◇さゆ,さゆだけのせんせいは<BR>いないから..ね,没有只属于沙友<BR>一个人的老师哦･･････
SCENE_35.txt,218,沙友◇この,このうさぎさんが.<BR>せんせいだけの<BR>さゆなの,"这只兔兔,<BR>就是只属于老师的<BR>沙友哦"
SCENE_35.txt,223,沙友◇あれ,あれ？,咦？
SCENE_35.txt,232,津名川◇そっか,そっか<TYPE interval=40>･･････,这样啊<TYPE interval=40>･･････
SCENE_35.txt,244,沙友◇うん,<TYPE style='Jump'>うん！,<TYPE style='Jump'>嗯！
SCENE_35.txt,268,津名川◇沙友,沙友,沙友
SCENE_35.txt,272,沙友◇すー,<TYPE interval=40>･･････</TYPE>すー,<TYPE interval=40>･･････</TYPE>呼〜
SCENE_35.txt,276,津名川◇聞こえ,沙友..<BR>聞こえるかい？,沙友･･････<BR>听得到吗？
SCENE_35.txt,280,沙友◇は,は<TYPE interval=40>･･････</TYPE>..あ<TYPE interval=40>･･････</TYPE>？<BR>せんせいた<TYPE interval=40>･･････,哈<TYPE interval=40>･･････</TYPE>･･････啊<TYPE interval=40>･･････</TYPE>？<BR>老师<TYPE interval=40>･･････
SCENE_35.txt,303,沙友◇いしょ,いしょーに<BR>ねてくれるの？,要一〜起<BR>睡觉吗？
SCENE_35.txt,307,津名川◇星,<TYPE interval=40>･･････</TYPE>星..<BR>見に行こうっか,<TYPE interval=40>･･････</TYPE>星星･･････<BR>去看吧
SCENE_35.txt,311,沙友◇ほし,<TYPE interval=40>･･････</TYPE>ほし？,<TYPE interval=40>･･････</TYPE>星星？
SCENE_35.txt,315,津名川◇そう,そう..　本物の,是啊..　真正的
SCENE_35.txt,329,沙友◇さゆ,さゆ..　いつも<BR>おほしみえるよ,沙友..　<BR>一直都能看到星星哦
SCENE_35.txt,333,津名川◇もっと,もっといっぱい.<BR>いっぱい見えるところ,想去能看到更多.<BR>更多星星的地方。
SCENE_35.txt,337,沙友◇せんせい,せんせいと<BR>いしょに～？,和老师<BR>一起去〜？
SCENE_35.txt,356,津名川◇そう,そう..　今夜だけ.<BR>沙友だけのせんせいだよ,是啊..　就今晚.<BR>是只属于沙友的老师哦。
SCENE_35.txt,362,沙友◇うん,うん！..<BR>にゃんにゃん！,嗯！..<BR>喵喵！
SCENE_35.txt,401,津名川◇いつも,いつもながら<BR>整然とした部屋だな,一如既往<BR>整洁的房间啊。
SCENE_35.txt,405,津名川◇シャム,シャムロックも<BR>寝てるみたいだ,夏姆洛克好像<BR>也睡着了。
SCENE_35.txt,422,津名川◇寝てる,<TYPE interval=40>･･････</TYPE>寝てるかい,<TYPE interval=40>･･････</TYPE>睡着了吗。
SCENE_35.txt,432,透花◇あ,あ...　ご主人様<TYPE interval=50>･･････,啊･･････主人<TYPE interval=50>･･････
SCENE_35.txt,436,透花◇出かけ,出かけるんですか？,您要出门吗？
SCENE_35.txt,454,津名川◇ん,ん..　今から富士山に<BR>行こうかって<BR>思うんだけど,嗯･･････我在想<BR>现在去富士山<BR>看看。
SCENE_35.txt,458,津名川◇透花と,透花と一緒に<BR>行こうかと思ってね,想着要不要和透花<BR>一起去呢。
SCENE_35.txt,462,透花◇え,え..　すごい<TYPE interval=40>･･････,诶･･････好厉害<TYPE interval=40>･･････
SCENE_35.txt,466,透花◇じゃあ,じゃあ　わたし..<BR>あとの２人も起こして<BR>きます,那我去<BR>把另外两个人<BR>也叫醒。
SCENE_35.txt,480,津名川◇いや,いや　一人しか連れて<BR>行けないんだよ,不，只能带<BR>一个人去哦。
SCENE_35.txt,484,透花◇え,え<TYPE interval=40>･･････,诶<TYPE interval=40>･･････
SCENE_35.txt,488,透花◇わたし,わたし.　だけ..<BR>ですか<TYPE interval=40>･･････？,只有･･････我･･････<BR>一个人吗<TYPE interval=40>･･････？
SCENE_35.txt,492,津名川◇そう,そう,这样啊
SCENE_35.txt,517,透花◇ほんとに,ほんとに<TYPE interval=40>･･････,真的吗<TYPE interval=40>･･････
SCENE_35.txt,521,透花◇でも,でも　やっぱり<TYPE interval=40>･･････</TYPE><BR>いいのかな<TYPE interval=40>･･････,可是，果然<TYPE interval=40>･･････</TYPE><BR>这样好吗<TYPE interval=40>･･････
SCENE_35.txt,527,津名川◇いいよ,いいよ...　透花は.<BR>二人きりは嫌かい？,没关系哦...　透花.<BR>不喜欢两个人独处吗？
SCENE_35.txt,531,透花◇そんな,そんなわけ無いです,怎么会呢。
SCENE_35.txt,545,津名川◇じゃあ,じゃあ　行こう,那走吧。
SCENE_35.txt,549,津名川◇わがまま,透花だってたまには<BR>わがまま言ったって<BR>いいんだよ,透花偶尔<BR>任性一下<BR>也是可以的哦。
SCENE_35.txt,553,透花◇なんか,<TYPE interval=40>･･････</TYPE>なんかそれは....<BR>あの<TYPE interval=40>･･････,<TYPE interval=40>･･････</TYPE>那个，这･･････<BR>那个<TYPE interval=40>･･････
SCENE_35.txt,564,津名川◇着替えて,着替えておいで,去换衣服吧。
SCENE_35.txt,566,津名川◇山は,山は寒いから,山里冷。
SCENE_35.txt,591,津名川◇ん,<TYPE interval=40>･･････</TYPE>ん,<TYPE interval=40>･･････</TYPE>嗯。
SCENE_35.txt,626,津名川◇寝顔観察,<TYPE interval=40>･･････,<TYPE interval=40>･･････
SCENE_35.txt,628,エマ◇すー,<TYPE style='Fade'>すー,<TYPE style='Fade'>呼—
SCENE_35.txt,660,エマ◇ふぁ,<TYPE style='Fade'>ふぁ<TYPE interval=40>･･････</TYPE>...<BR>にゃ<TYPE interval=40>･･････</TYPE></TYPE>,<TYPE style='Fade'>呼啊<TYPE interval=40>･･････</TYPE>･･････<BR>喵呜<TYPE interval=40>･･････</TYPE></TYPE>
SCENE_35.txt,681,エマ◇ん,ん<TYPE interval=40>･･････,嗯<TYPE interval=40>･･････
SCENE_35.txt,685,津名川◇エマ,<TYPE interval=40>･･････</TYPE>エマ,<TYPE interval=40>･･････</TYPE>艾玛
SCENE_35.txt,689,エマ◇んぁ,んぁ<TYPE interval=40>･･････</TYPE>...<BR>そうじさんだ<TYPE interval=40>･･････,嗯啊<TYPE interval=40>･･････</TYPE>･･････<BR>是宗慈<TYPE interval=40>･･････
SCENE_35.txt,702,エマ◇一緒に,一緒に寝たいの？,想一起睡吗？
SCENE_35.txt,706,津名川◇星を,星を見に行こう<BR>かと思って,我想着<BR>要不要去看星星
SCENE_35.txt,721,エマ◇え,え.　今から？...<BR>行く！,诶。现在去？･･････<BR>去！
SCENE_35.txt,733,津名川◇うん,うん..　よし,嗯･･････好。
SCENE_35.txt,743,津名川◇他の,<FONT size=14>他の二人には<BR>内緒だから,<FONT size=14>对另外两个人<BR>要保密哦
SCENE_35.txt,747,津名川◇静かに,<FONT size=14>静かに用意して<BR>ガレージに下りておいで,"<FONT size=14>悄悄准备好,<BR>下楼到车库来"
SCENE_35.txt,772,津名川◇やっぱり,やっぱり<BR>一人で行くか<TYPE interval=40>･･･,果然还是<BR>一个人去吧<TYPE interval=40>･･････
SCENE_35.txt,776,津名川◇あの子,あの子達を起こすのも<BR>かわいそうだしな,把她们吵醒<BR>也太可怜了
SCENE_46.txt,12,セリフ◇薄気味,"薄気味悪いな<TYPE interval=45>･･････</TYPE>,<BR>ここまで内部は警備が..<BR>いないなんて<TYPE interval=45>･･････</TYPE>","真让人毛骨悚然啊<TYPE interval=45>･･････</TYPE>,<BR>都深入到内部了，居然连个警卫･･････<BR>都没有<TYPE interval=45>･･････</TYPE>"
SCENE_46.txt,18,セリフ◇罠,罠でしょうか<TYPE interval=45>･･････</TYPE>,难道是陷阱吗<TYPE interval=45>･･････</TYPE>
SCENE_46.txt,24,セリフ◇そう,そうかもね<TYPE interval=45>･･････</TYPE>,说不定呢<TYPE interval=45>･･････</TYPE>
SCENE_46.txt,36,セリフ◇ん,ん？,嗯？
SCENE_46.txt,54,セリフ◇待って,"待っていたわ<BR>,津名川宗慈",等你很久了<BR>津名川宗慈
SCENE_46.txt,56,セリフ◇高宮,高宮<TYPE interval=45>･･････</TYPE>？,高宫<TYPE interval=45>･･････</TYPE>？
SCENE_46.txt,80,セリフ◇さて,さあ<BR>...始めましょうか,来吧<BR>･･････开始吧
SCENE_46.txt,85,セリフ◇私,私たちの間でも...<BR>けじめはつけないとね,我们之间･･････<BR>也该做个了断了呢
SCENE_46.txt,89,セリフ◇知佳,知佳..　知登,知佳･･････ 知登
SCENE_46.txt,93,セリフ◇･･･,<TYPE interval=45>･･････</TYPE>,<TYPE interval=45>･･････</TYPE>
SCENE_46.txt,115,セリフ◇知登,知佳<TYPE interval=45>･･････</TYPE><BR>知登<TYPE interval=45>･･････</TYPE>？,知佳<TYPE interval=45>･･････</TYPE><BR>知登<TYPE interval=45>･･････</TYPE>？
SCENE_46_2.txt,7,セリフ◇待て,待て！.　.高宮！,住手！･･････高宫！
SCENE_46_2.txt,12,セリフ◇怖気,"怖気づいたの　..津名川,<BR>私達は既に不退転の道を<BR>歩いてきたのよ","你胆怯了吗･･････津名川,<BR>我们早已<BR>踏上了不归路啊"
SCENE_46_2.txt,16,セリフ◇これが,"これが必然<BR>,これが私達の最後の戦いだわ","这是必然,<BR>这也是我们最后的决战"
SCENE_46_2.txt,20,セリフ◇そして,そして私は..<BR>必ず貴方に勝つのよ,而我･･････<BR>一定会战胜你
SCENE_46_2.txt,31,セリフ◇それに,"<TYPE interval=40>それにどんな意味がある！<BR>,勝ち負けで全てを決めるなんて<BR>..愚かだ！","<TYPE interval=40>那又有什么意义！<BR>用胜负来决定一切,<BR>･･････简直愚蠢透顶！"
SCENE_46_2.txt,36,セリフ◇いえ,いえ　..もう勝ち負けの<BR>問題ではないのよ,不･･････这已经<BR>不再是胜负的问题了
SCENE_46_2.txt,42,セリフ◇これは,これはどっちの信念が<BR>強かったのか<BR>..という証明,这是哪一方的信念<BR>更强<BR>..的证明
SCENE_46_2.txt,46,セリフ◇信念,信念の強いほうが<BR>..生き残るのよ,"信念更坚定的一方,<BR>･･････才能生存下去"
SCENE_46_2.txt,58,セリフ◇どちらか,<TYPE interval=40>どちらか片方だけが..<BR>生き残るだと<TYPE interval=45>･･････</TYPE>,<TYPE interval=40>只有其中一方･･････<BR>能活下来吗<TYPE interval=45>･･････</TYPE>
SCENE_46_2.txt,62,セリフ◇０か,<TYPE interval=45>０か１か　...それしか君には<BR>選択が無いのか！,<TYPE interval=45>0或1･･････<BR>你只有这种选择吗！
SCENE_46_2.txt,66,セリフ◇そう,そう　...私たちの間には<BR>..もともとそれしか<BR>なかったのよ,"没错･･････<BR>我们之间,<BR>･･････从一开始就只有这种选择"
SCENE_46_2.txt,70,セリフ◇私たち,<TYPE interval=30>私たちは..<BR>おままごとをしていた<BR>わけじゃないわ！,<TYPE interval=30>我们･･････<BR>可不是在玩<BR>过家家！
SCENE_46_2.txt,80,セリフ◇知佳,<TYPE interval=30>知佳　..知登<BR>最後の命令よ...<BR>津名川達を倒しなさい！,"<TYPE interval=30>知佳･･････知登,<BR>这是最后的命令･･････<BR>打倒津名川他们！"
SCENE_46_2.txt,101,セリフ◇くそ,くそっ！,可恶！
SCENE_46_2.txt,115,セリフ◇透花,"<TYPE interval=20>透花！　..エマ！　..沙友！,..<BR>知佳と知登を<BR>なんとか押さえるんだ！",<TYPE interval=20>透花！　..艾玛！　..沙友！<BR>想办法牵制住<BR>知佳和知登！
SCENE_46_2.txt,120,セリフ◇はい,<TYPE interval=0>はい！,<TYPE interval=0>是！
